rejection_ground,outcome
Reference is invited to your RTI application dated 12/05/2026.  appeals department regarding applicant. Information denied under commercial confidence Section 8(1)(d).  Hence your application is rejected. (Signature) Public Information Officer,PARTIALLY_ALLOWED
Reference is invited to your RTI application dated 12/05/2026.  regarding regarding appeals perusal. The information is held by the bank in a fiduciary capacity and is exempt under Section 8(1)(e).  No further intervention is required. Information Commissioner,REJECTED_DISMISSED
This order disposes of the First Appeal filed by the appellant.  stipulated records appeals officials. The organization is exempt under Section 24 of the RTI Act.  No further intervention is required. Information Commissioner,REJECTED_DISMISSED
This order disposes of the First Appeal filed by the appellant.  stipulated department forwarded stipulated. The information is held by the bank in a fiduciary capacity and is exempt under Section 8(1)(e).  No further intervention is required. Information Commissioner,REJECTED_DISMISSED
Reference is invited to your RTI application dated 12/05/2026.  stipulated stipulated appeals regarding. The PIO failed to furnish the requested information within the mandatory 30-day period stipulated under Section 7(1).  The application is disposed of accordingly. CPIO,OVERTURNED_ALLOWED
"With reference to the subject cited above, it is to inform that  forwarded stipulated records officials. The PIO failed to furnish the requested information within the mandatory 30-day period stipulated under Section 7(1).  No further intervention is required. Information Commissioner",OVERTURNED_ALLOWED
"Subject: Information sought under RTI Act, 2005.  applicant regarding appeals appeals. The information submitted is in Marathi language and it is not understood. Submit in Hindi or English.  No further intervention is required. Information Commissioner",OVERTURNED_ALLOWED
Reference is invited to your RTI application dated 12/05/2026.  stipulated records officials department. The PIO failed to furnish the requested information within the mandatory 30-day period stipulated under Section 7(1).  Hence your application is rejected. (Signature) Public Information Officer,OVERTURNED_ALLOWED
"Subject: Information sought under RTI Act, 2005.  applicant applicant regarding perusal. Information denied under commercial confidence Section 8(1)(d).  Hence your application is rejected. (Signature) Public Information Officer",PARTIALLY_ALLOWED
This order disposes of the First Appeal filed by the appellant.  stipulated forwarded perusal perusal. You have asked us to investigate and take strict disciplinary action. This does not fall under the definition of information as per Section 2(f).  Hence your application is rejected. (Signature) Public Information Officer,REJECTED_DISMISSED
"Subject: Information sought under RTI Act, 2005.  officials officials stipulated regarding. The information submitted is in Marathi language and it is not understood. Submit in Hindi or English.  Hence your application is rejected. (Signature) Public Information Officer",OVERTURNED_ALLOWED
"Subject: Information sought under RTI Act, 2005.  stipulated forwarded records appeals. You have asked us to investigate and take strict disciplinary action. This does not fall under the definition of information as per Section 2(f).  Hence your application is rejected. (Signature) Public Information Officer",REJECTED_DISMISSED
This order disposes of the First Appeal filed by the appellant.  records applicant stipulated perusal. The organization is exempt under Section 24 of the RTI Act.  No further intervention is required. Information Commissioner,REJECTED_DISMISSED
"Subject: Information sought under RTI Act, 2005.  records regarding regarding regarding. Please be informed that this office does not maintain this. You are advised to separately file fresh RTI applications to other offices instead of a Section 6(3) transfer.  Hence your application is rejected. (Signature) Public Information Officer",OVERTURNED_ALLOWED
This order disposes of the First Appeal filed by the appellant.  perusal stipulated perusal records. The information is held by the bank in a fiduciary capacity and is exempt under Section 8(1)(e).  No further intervention is required. Information Commissioner,REJECTED_DISMISSED
"Subject: Information sought under RTI Act, 2005.  applicant department officials applicant. The requested information runs into 150 pages. You are directed to pay Rs. 1500 towards compilation and search charges.  No further intervention is required. Information Commissioner",OVERTURNED_ALLOWED
"Subject: Information sought under RTI Act, 2005.  stipulated records forwarded officials. Information denied under commercial confidence Section 8(1)(d).  Hence your application is rejected. (Signature) Public Information Officer",PARTIALLY_ALLOWED
"Subject: Information sought under RTI Act, 2005.  records regarding perusal officials. Please be informed that this office does not maintain this. You are advised to separately file fresh RTI applications to other offices instead of a Section 6(3) transfer.  No further intervention is required. Information Commissioner",OVERTURNED_ALLOWED
"This order disposes of the First Appeal filed by the appellant.  applicant records officials records. The information sought qualifies as personal information of a third party, causing an unwarranted invasion of privacy under Section 8(1)(j).  Hence your application is rejected. (Signature) Public Information Officer",REJECTED_DISMISSED
"Reference is invited to your RTI application dated 12/05/2026.  records department stipulated forwarded. The information sought qualifies as personal information of a third party, causing an unwarranted invasion of privacy under Section 8(1)(j).  No further intervention is required. Information Commissioner",REJECTED_DISMISSED
"Subject: Information sought under RTI Act, 2005.  appeals perusal regarding applicant. The requested information runs into 150 pages. You are directed to pay Rs. 1500 towards compilation and search charges.  Hence your application is rejected. (Signature) Public Information Officer",OVERTURNED_ALLOWED
Reference is invited to your RTI application dated 12/05/2026.  department records records appeals. Please be informed that this office does not maintain this. You are advised to separately file fresh RTI applications to other offices instead of a Section 6(3) transfer.  No further intervention is required. Information Commissioner,OVERTURNED_ALLOWED
"With reference to the subject cited above, it is to inform that  applicant applicant applicant stipulated. The organization is exempt under Section 24 of the RTI Act.  Hence your application is rejected. (Signature) Public Information Officer",REJECTED_DISMISSED
"Subject: Information sought under RTI Act, 2005.  records appeals regarding regarding. The organization is exempt under Section 24 of the RTI Act.  The application is disposed of accordingly. CPIO",REJECTED_DISMISSED
This order disposes of the First Appeal filed by the appellant.  regarding applicant regarding regarding. The information submitted is in Marathi language and it is not understood. Submit in Hindi or English.  No further intervention is required. Information Commissioner,OVERTURNED_ALLOWED
Reference is invited to your RTI application dated 12/05/2026.  records appeals records records. The PIO failed to furnish the requested information within the mandatory 30-day period stipulated under Section 7(1).  The application is disposed of accordingly. CPIO,OVERTURNED_ALLOWED
"With reference to the subject cited above, it is to inform that  officials department regarding stipulated. You have asked us to investigate and take strict disciplinary action. This does not fall under the definition of information as per Section 2(f).  Hence your application is rejected. (Signature) Public Information Officer",REJECTED_DISMISSED
"With reference to the subject cited above, it is to inform that  officials regarding perusal perusal. You have asked us to investigate and take strict disciplinary action. This does not fall under the definition of information as per Section 2(f).  The application is disposed of accordingly. CPIO",REJECTED_DISMISSED
"Reference is invited to your RTI application dated 12/05/2026.  officials regarding department records. The information sought qualifies as personal information of a third party, causing an unwarranted invasion of privacy under Section 8(1)(j).  The application is disposed of accordingly. CPIO",REJECTED_DISMISSED
This order disposes of the First Appeal filed by the appellant.  appeals appeals forwarded stipulated. Please be informed that this office does not maintain this. You are advised to separately file fresh RTI applications to other offices instead of a Section 6(3) transfer.  The application is disposed of accordingly. CPIO,OVERTURNED_ALLOWED
Reference is invited to your RTI application dated 12/05/2026.  officials forwarded forwarded officials. The organization is exempt under Section 24 of the RTI Act.  Hence your application is rejected. (Signature) Public Information Officer,REJECTED_DISMISSED
This order disposes of the First Appeal filed by the appellant.  records officials forwarded department. You have asked us to investigate and take strict disciplinary action. This does not fall under the definition of information as per Section 2(f).  The application is disposed of accordingly. CPIO,REJECTED_DISMISSED
Reference is invited to your RTI application dated 12/05/2026.  forwarded officials appeals applicant. Information denied under commercial confidence Section 8(1)(d).  The application is disposed of accordingly. CPIO,PARTIALLY_ALLOWED
"With reference to the subject cited above, it is to inform that  appeals forwarded perusal records. The information submitted is in Marathi language and it is not understood. Submit in Hindi or English.  Hence your application is rejected. (Signature) Public Information Officer",OVERTURNED_ALLOWED
"Subject: Information sought under RTI Act, 2005.  perusal records officials department. The requested information runs into 150 pages. You are directed to pay Rs. 1500 towards compilation and search charges.  Hence your application is rejected. (Signature) Public Information Officer",OVERTURNED_ALLOWED
Reference is invited to your RTI application dated 12/05/2026.  perusal applicant appeals department. The PIO failed to furnish the requested information within the mandatory 30-day period stipulated under Section 7(1).  Hence your application is rejected. (Signature) Public Information Officer,OVERTURNED_ALLOWED
This order disposes of the First Appeal filed by the appellant.  regarding regarding perusal perusal. Disclosure of this information would prejudicially affect the sovereignty and security of the state under Section 8(1)(a).  No further intervention is required. Information Commissioner,REJECTED_DISMISSED
"Subject: Information sought under RTI Act, 2005.  applicant appeals appeals department. The information submitted is in Marathi language and it is not understood. Submit in Hindi or English.  The application is disposed of accordingly. CPIO",OVERTURNED_ALLOWED
"Subject: Information sought under RTI Act, 2005.  forwarded forwarded regarding perusal. The information sought qualifies as personal information of a third party, causing an unwarranted invasion of privacy under Section 8(1)(j).  The application is disposed of accordingly. CPIO",REJECTED_DISMISSED
Reference is invited to your RTI application dated 12/05/2026.  department appeals forwarded officials. The organization is exempt under Section 24 of the RTI Act.  Hence your application is rejected. (Signature) Public Information Officer,REJECTED_DISMISSED
This order disposes of the First Appeal filed by the appellant.  department officials applicant perusal. Information denied under commercial confidence Section 8(1)(d).  The application is disposed of accordingly. CPIO,PARTIALLY_ALLOWED
Reference is invited to your RTI application dated 12/05/2026.  appeals perusal forwarded department. The organization is exempt under Section 24 of the RTI Act.  No further intervention is required. Information Commissioner,REJECTED_DISMISSED
Reference is invited to your RTI application dated 12/05/2026.  department appeals department stipulated. The organization is exempt under Section 24 of the RTI Act.  Hence your application is rejected. (Signature) Public Information Officer,REJECTED_DISMISSED
"Subject: Information sought under RTI Act, 2005.  appeals forwarded regarding perusal. You have asked us to investigate and take strict disciplinary action. This does not fall under the definition of information as per Section 2(f).  No further intervention is required. Information Commissioner",REJECTED_DISMISSED
"Subject: Information sought under RTI Act, 2005.  stipulated department forwarded department. The requested information runs into 150 pages. You are directed to pay Rs. 1500 towards compilation and search charges.  Hence your application is rejected. (Signature) Public Information Officer",OVERTURNED_ALLOWED
"With reference to the subject cited above, it is to inform that  perusal department forwarded applicant. The information is held by the bank in a fiduciary capacity and is exempt under Section 8(1)(e).  No further intervention is required. Information Commissioner",REJECTED_DISMISSED
This order disposes of the First Appeal filed by the appellant.  officials perusal department department. The requested information runs into 150 pages. You are directed to pay Rs. 1500 towards compilation and search charges.  No further intervention is required. Information Commissioner,OVERTURNED_ALLOWED
"Subject: Information sought under RTI Act, 2005.  forwarded department appeals regarding. The requested information runs into 150 pages. You are directed to pay Rs. 1500 towards compilation and search charges.  The application is disposed of accordingly. CPIO",OVERTURNED_ALLOWED
"With reference to the subject cited above, it is to inform that  forwarded appeals department officials. Please be informed that this office does not maintain this. You are advised to separately file fresh RTI applications to other offices instead of a Section 6(3) transfer.  No further intervention is required. Information Commissioner",OVERTURNED_ALLOWED
This order disposes of the First Appeal filed by the appellant.  department forwarded officials stipulated. The requested information runs into 150 pages. You are directed to pay Rs. 1500 towards compilation and search charges.  The application is disposed of accordingly. CPIO,OVERTURNED_ALLOWED
This order disposes of the First Appeal filed by the appellant.  officials regarding officials officials. Please be informed that this office does not maintain this. You are advised to separately file fresh RTI applications to other offices instead of a Section 6(3) transfer.  The application is disposed of accordingly. CPIO,OVERTURNED_ALLOWED
This order disposes of the First Appeal filed by the appellant.  stipulated officials officials appeals. You have asked us to investigate and take strict disciplinary action. This does not fall under the definition of information as per Section 2(f).  Hence your application is rejected. (Signature) Public Information Officer,REJECTED_DISMISSED
"This order disposes of the First Appeal filed by the appellant.  appeals regarding applicant stipulated. The information sought qualifies as personal information of a third party, causing an unwarranted invasion of privacy under Section 8(1)(j).  The application is disposed of accordingly. CPIO",REJECTED_DISMISSED
"With reference to the subject cited above, it is to inform that  appeals regarding officials appeals. The organization is exempt under Section 24 of the RTI Act.  No further intervention is required. Information Commissioner",REJECTED_DISMISSED
"Subject: Information sought under RTI Act, 2005.  perusal stipulated officials stipulated. The PIO failed to furnish the requested information within the mandatory 30-day period stipulated under Section 7(1).  Hence your application is rejected. (Signature) Public Information Officer",OVERTURNED_ALLOWED
Reference is invited to your RTI application dated 12/05/2026.  department regarding stipulated records. Disclosure of this information would prejudicially affect the sovereignty and security of the state under Section 8(1)(a).  The application is disposed of accordingly. CPIO,REJECTED_DISMISSED
This order disposes of the First Appeal filed by the appellant.  regarding perusal appeals appeals. The information is held by the bank in a fiduciary capacity and is exempt under Section 8(1)(e).  The application is disposed of accordingly. CPIO,REJECTED_DISMISSED
Reference is invited to your RTI application dated 12/05/2026.  records applicant appeals applicant. Information denied under commercial confidence Section 8(1)(d).  No further intervention is required. Information Commissioner,PARTIALLY_ALLOWED
This order disposes of the First Appeal filed by the appellant.  perusal stipulated applicant department. The information is held by the bank in a fiduciary capacity and is exempt under Section 8(1)(e).  Hence your application is rejected. (Signature) Public Information Officer,REJECTED_DISMISSED
"Subject: Information sought under RTI Act, 2005.  officials appeals department officials. The organization is exempt under Section 24 of the RTI Act.  The application is disposed of accordingly. CPIO",REJECTED_DISMISSED
"Subject: Information sought under RTI Act, 2005.  stipulated department records forwarded. You have asked us to investigate and take strict disciplinary action. This does not fall under the definition of information as per Section 2(f).  The application is disposed of accordingly. CPIO",REJECTED_DISMISSED
This order disposes of the First Appeal filed by the appellant.  appeals perusal perusal regarding. The PIO failed to furnish the requested information within the mandatory 30-day period stipulated under Section 7(1).  No further intervention is required. Information Commissioner,OVERTURNED_ALLOWED
This order disposes of the First Appeal filed by the appellant.  appeals department regarding appeals. Information denied under commercial confidence Section 8(1)(d).  No further intervention is required. Information Commissioner,PARTIALLY_ALLOWED
"With reference to the subject cited above, it is to inform that  records officials perusal applicant. The PIO failed to furnish the requested information within the mandatory 30-day period stipulated under Section 7(1).  No further intervention is required. Information Commissioner",OVERTURNED_ALLOWED
"With reference to the subject cited above, it is to inform that  appeals perusal regarding applicant. The information is held by the bank in a fiduciary capacity and is exempt under Section 8(1)(e).  The application is disposed of accordingly. CPIO",REJECTED_DISMISSED
Reference is invited to your RTI application dated 12/05/2026.  department forwarded records regarding. The information submitted is in Marathi language and it is not understood. Submit in Hindi or English.  The application is disposed of accordingly. CPIO,OVERTURNED_ALLOWED
This order disposes of the First Appeal filed by the appellant.  department records records perusal. You have asked us to investigate and take strict disciplinary action. This does not fall under the definition of information as per Section 2(f).  Hence your application is rejected. (Signature) Public Information Officer,REJECTED_DISMISSED
"Subject: Information sought under RTI Act, 2005.  officials forwarded stipulated forwarded. Disclosure of this information would prejudicially affect the sovereignty and security of the state under Section 8(1)(a).  The application is disposed of accordingly. CPIO",REJECTED_DISMISSED
"With reference to the subject cited above, it is to inform that  records applicant officials appeals. You have asked us to investigate and take strict disciplinary action. This does not fall under the definition of information as per Section 2(f).  Hence your application is rejected. (Signature) Public Information Officer",REJECTED_DISMISSED
"With reference to the subject cited above, it is to inform that  appeals regarding appeals appeals. The information submitted is in Marathi language and it is not understood. Submit in Hindi or English.  No further intervention is required. Information Commissioner",OVERTURNED_ALLOWED
"Subject: Information sought under RTI Act, 2005.  department appeals applicant applicant. The PIO failed to furnish the requested information within the mandatory 30-day period stipulated under Section 7(1).  No further intervention is required. Information Commissioner",OVERTURNED_ALLOWED
Reference is invited to your RTI application dated 12/05/2026.  appeals records regarding officials. The information is held by the bank in a fiduciary capacity and is exempt under Section 8(1)(e).  The application is disposed of accordingly. CPIO,REJECTED_DISMISSED
"With reference to the subject cited above, it is to inform that  officials applicant stipulated regarding. The requested information runs into 150 pages. You are directed to pay Rs. 1500 towards compilation and search charges.  No further intervention is required. Information Commissioner",OVERTURNED_ALLOWED
"Subject: Information sought under RTI Act, 2005.  officials forwarded stipulated applicant. The information is held by the bank in a fiduciary capacity and is exempt under Section 8(1)(e).  The application is disposed of accordingly. CPIO",REJECTED_DISMISSED
This order disposes of the First Appeal filed by the appellant.  appeals records stipulated applicant. The information submitted is in Marathi language and it is not understood. Submit in Hindi or English.  The application is disposed of accordingly. CPIO,OVERTURNED_ALLOWED
"With reference to the subject cited above, it is to inform that  officials forwarded forwarded records. Please be informed that this office does not maintain this. You are advised to separately file fresh RTI applications to other offices instead of a Section 6(3) transfer.  No further intervention is required. Information Commissioner",OVERTURNED_ALLOWED
"With reference to the subject cited above, it is to inform that  perusal regarding stipulated officials. Disclosure of this information would prejudicially affect the sovereignty and security of the state under Section 8(1)(a).  No further intervention is required. Information Commissioner",REJECTED_DISMISSED
This order disposes of the First Appeal filed by the appellant.  stipulated department appeals applicant. Information denied under commercial confidence Section 8(1)(d).  Hence your application is rejected. (Signature) Public Information Officer,PARTIALLY_ALLOWED
"With reference to the subject cited above, it is to inform that  appeals regarding regarding records. The information is held by the bank in a fiduciary capacity and is exempt under Section 8(1)(e).  The application is disposed of accordingly. CPIO",REJECTED_DISMISSED
"Subject: Information sought under RTI Act, 2005.  officials perusal applicant forwarded. The PIO failed to furnish the requested information within the mandatory 30-day period stipulated under Section 7(1).  Hence your application is rejected. (Signature) Public Information Officer",OVERTURNED_ALLOWED
This order disposes of the First Appeal filed by the appellant.  department department applicant perusal. Disclosure of this information would prejudicially affect the sovereignty and security of the state under Section 8(1)(a).  Hence your application is rejected. (Signature) Public Information Officer,REJECTED_DISMISSED
This order disposes of the First Appeal filed by the appellant.  applicant department perusal applicant. Information denied under commercial confidence Section 8(1)(d).  The application is disposed of accordingly. CPIO,PARTIALLY_ALLOWED
Reference is invited to your RTI application dated 12/05/2026.  regarding regarding appeals applicant. Information denied under commercial confidence Section 8(1)(d).  Hence your application is rejected. (Signature) Public Information Officer,PARTIALLY_ALLOWED
"With reference to the subject cited above, it is to inform that  regarding applicant perusal regarding. The information submitted is in Marathi language and it is not understood. Submit in Hindi or English.  The application is disposed of accordingly. CPIO",OVERTURNED_ALLOWED
"Subject: Information sought under RTI Act, 2005.  officials officials perusal regarding. Disclosure of this information would prejudicially affect the sovereignty and security of the state under Section 8(1)(a).  No further intervention is required. Information Commissioner",REJECTED_DISMISSED
"With reference to the subject cited above, it is to inform that  regarding perusal regarding stipulated. The information sought qualifies as personal information of a third party, causing an unwarranted invasion of privacy under Section 8(1)(j).  No further intervention is required. Information Commissioner",REJECTED_DISMISSED
"With reference to the subject cited above, it is to inform that  forwarded perusal officials applicant. The information is held by the bank in a fiduciary capacity and is exempt under Section 8(1)(e).  Hence your application is rejected. (Signature) Public Information Officer",REJECTED_DISMISSED
"With reference to the subject cited above, it is to inform that  forwarded appeals officials records. The organization is exempt under Section 24 of the RTI Act.  Hence your application is rejected. (Signature) Public Information Officer",REJECTED_DISMISSED
"With reference to the subject cited above, it is to inform that  officials perusal appeals appeals. The information is held by the bank in a fiduciary capacity and is exempt under Section 8(1)(e).  The application is disposed of accordingly. CPIO",REJECTED_DISMISSED
Reference is invited to your RTI application dated 12/05/2026.  appeals records perusal stipulated. You have asked us to investigate and take strict disciplinary action. This does not fall under the definition of information as per Section 2(f).  The application is disposed of accordingly. CPIO,REJECTED_DISMISSED
"Reference is invited to your RTI application dated 12/05/2026.  department department officials stipulated. The information sought qualifies as personal information of a third party, causing an unwarranted invasion of privacy under Section 8(1)(j).  The application is disposed of accordingly. CPIO",REJECTED_DISMISSED
"Subject: Information sought under RTI Act, 2005.  records department appeals stipulated. The requested information runs into 150 pages. You are directed to pay Rs. 1500 towards compilation and search charges.  No further intervention is required. Information Commissioner",OVERTURNED_ALLOWED
This order disposes of the First Appeal filed by the appellant.  perusal records officials regarding. You have asked us to investigate and take strict disciplinary action. This does not fall under the definition of information as per Section 2(f).  No further intervention is required. Information Commissioner,REJECTED_DISMISSED
This order disposes of the First Appeal filed by the appellant.  appeals perusal records records. The information submitted is in Marathi language and it is not understood. Submit in Hindi or English.  The application is disposed of accordingly. CPIO,OVERTURNED_ALLOWED
"With reference to the subject cited above, it is to inform that  appeals applicant appeals appeals. The organization is exempt under Section 24 of the RTI Act.  No further intervention is required. Information Commissioner",REJECTED_DISMISSED
Reference is invited to your RTI application dated 12/05/2026.  appeals applicant forwarded applicant. The information submitted is in Marathi language and it is not understood. Submit in Hindi or English.  No further intervention is required. Information Commissioner,OVERTURNED_ALLOWED
This order disposes of the First Appeal filed by the appellant.  appeals perusal applicant perusal. You have asked us to investigate and take strict disciplinary action. This does not fall under the definition of information as per Section 2(f).  Hence your application is rejected. (Signature) Public Information Officer,REJECTED_DISMISSED
Reference is invited to your RTI application dated 12/05/2026.  appeals department regarding records. Information denied under commercial confidence Section 8(1)(d).  Hence your application is rejected. (Signature) Public Information Officer,PARTIALLY_ALLOWED
"Subject: Information sought under RTI Act, 2005.  records applicant department officials. The requested information runs into 150 pages. You are directed to pay Rs. 1500 towards compilation and search charges.  Hence your application is rejected. (Signature) Public Information Officer",OVERTURNED_ALLOWED
"With reference to the subject cited above, it is to inform that  perusal records stipulated department. The requested information runs into 150 pages. You are directed to pay Rs. 1500 towards compilation and search charges.  Hence your application is rejected. (Signature) Public Information Officer",OVERTURNED_ALLOWED
Reference is invited to your RTI application dated 12/05/2026.  department regarding records perusal. You have asked us to investigate and take strict disciplinary action. This does not fall under the definition of information as per Section 2(f).  The application is disposed of accordingly. CPIO,REJECTED_DISMISSED
Reference is invited to your RTI application dated 12/05/2026.  officials forwarded regarding appeals. Please be informed that this office does not maintain this. You are advised to separately file fresh RTI applications to other offices instead of a Section 6(3) transfer.  Hence your application is rejected. (Signature) Public Information Officer,OVERTURNED_ALLOWED
"With reference to the subject cited above, it is to inform that  officials appeals records records. Disclosure of this information would prejudicially affect the sovereignty and security of the state under Section 8(1)(a).  No further intervention is required. Information Commissioner",REJECTED_DISMISSED
"With reference to the subject cited above, it is to inform that  forwarded appeals perusal perusal. Disclosure of this information would prejudicially affect the sovereignty and security of the state under Section 8(1)(a).  The application is disposed of accordingly. CPIO",REJECTED_DISMISSED
Reference is invited to your RTI application dated 12/05/2026.  appeals regarding appeals records. The information submitted is in Marathi language and it is not understood. Submit in Hindi or English.  Hence your application is rejected. (Signature) Public Information Officer,OVERTURNED_ALLOWED
This order disposes of the First Appeal filed by the appellant.  records perusal appeals appeals. The information is held by the bank in a fiduciary capacity and is exempt under Section 8(1)(e).  Hence your application is rejected. (Signature) Public Information Officer,REJECTED_DISMISSED
"Subject: Information sought under RTI Act, 2005.  regarding appeals appeals officials. You have asked us to investigate and take strict disciplinary action. This does not fall under the definition of information as per Section 2(f).  No further intervention is required. Information Commissioner",REJECTED_DISMISSED
This order disposes of the First Appeal filed by the appellant.  records perusal forwarded officials. The PIO failed to furnish the requested information within the mandatory 30-day period stipulated under Section 7(1).  The application is disposed of accordingly. CPIO,OVERTURNED_ALLOWED
Reference is invited to your RTI application dated 12/05/2026.  officials perusal officials forwarded. Please be informed that this office does not maintain this. You are advised to separately file fresh RTI applications to other offices instead of a Section 6(3) transfer.  Hence your application is rejected. (Signature) Public Information Officer,OVERTURNED_ALLOWED
"With reference to the subject cited above, it is to inform that  applicant applicant forwarded records. You have asked us to investigate and take strict disciplinary action. This does not fall under the definition of information as per Section 2(f).  Hence your application is rejected. (Signature) Public Information Officer",REJECTED_DISMISSED
"With reference to the subject cited above, it is to inform that  perusal forwarded applicant perusal. The PIO failed to furnish the requested information within the mandatory 30-day period stipulated under Section 7(1).  The application is disposed of accordingly. CPIO",OVERTURNED_ALLOWED
Reference is invited to your RTI application dated 12/05/2026.  forwarded officials perusal forwarded. The information submitted is in Marathi language and it is not understood. Submit in Hindi or English.  Hence your application is rejected. (Signature) Public Information Officer,OVERTURNED_ALLOWED
"Subject: Information sought under RTI Act, 2005.  applicant department records stipulated. The requested information runs into 150 pages. You are directed to pay Rs. 1500 towards compilation and search charges.  No further intervention is required. Information Commissioner",OVERTURNED_ALLOWED
"Subject: Information sought under RTI Act, 2005.  stipulated officials forwarded records. Disclosure of this information would prejudicially affect the sovereignty and security of the state under Section 8(1)(a).  Hence your application is rejected. (Signature) Public Information Officer",REJECTED_DISMISSED
"With reference to the subject cited above, it is to inform that  applicant officials appeals applicant. The information sought qualifies as personal information of a third party, causing an unwarranted invasion of privacy under Section 8(1)(j).  The application is disposed of accordingly. CPIO",REJECTED_DISMISSED
"Subject: Information sought under RTI Act, 2005.  officials records records appeals. The information is held by the bank in a fiduciary capacity and is exempt under Section 8(1)(e).  No further intervention is required. Information Commissioner",REJECTED_DISMISSED
"Subject: Information sought under RTI Act, 2005.  officials officials regarding officials. The information is held by the bank in a fiduciary capacity and is exempt under Section 8(1)(e).  Hence your application is rejected. (Signature) Public Information Officer",REJECTED_DISMISSED
"With reference to the subject cited above, it is to inform that  department stipulated applicant perusal. The requested information runs into 150 pages. You are directed to pay Rs. 1500 towards compilation and search charges.  The application is disposed of accordingly. CPIO",OVERTURNED_ALLOWED
Reference is invited to your RTI application dated 12/05/2026.  records forwarded stipulated applicant. Information denied under commercial confidence Section 8(1)(d).  Hence your application is rejected. (Signature) Public Information Officer,PARTIALLY_ALLOWED
Reference is invited to your RTI application dated 12/05/2026.  officials applicant appeals regarding. Disclosure of this information would prejudicially affect the sovereignty and security of the state under Section 8(1)(a).  Hence your application is rejected. (Signature) Public Information Officer,REJECTED_DISMISSED
"With reference to the subject cited above, it is to inform that  forwarded forwarded records department. The information submitted is in Marathi language and it is not understood. Submit in Hindi or English.  Hence your application is rejected. (Signature) Public Information Officer",OVERTURNED_ALLOWED
This order disposes of the First Appeal filed by the appellant.  records appeals officials forwarded. Information denied under commercial confidence Section 8(1)(d).  The application is disposed of accordingly. CPIO,PARTIALLY_ALLOWED
This order disposes of the First Appeal filed by the appellant.  department department perusal applicant. The organization is exempt under Section 24 of the RTI Act.  The application is disposed of accordingly. CPIO,REJECTED_DISMISSED
This order disposes of the First Appeal filed by the appellant.  applicant officials stipulated officials. Information denied under commercial confidence Section 8(1)(d).  Hence your application is rejected. (Signature) Public Information Officer,PARTIALLY_ALLOWED
"Subject: Information sought under RTI Act, 2005.  applicant officials perusal perusal. Information denied under commercial confidence Section 8(1)(d).  Hence your application is rejected. (Signature) Public Information Officer",PARTIALLY_ALLOWED
This order disposes of the First Appeal filed by the appellant.  records appeals applicant stipulated. The organization is exempt under Section 24 of the RTI Act.  The application is disposed of accordingly. CPIO,REJECTED_DISMISSED
"Subject: Information sought under RTI Act, 2005.  perusal appeals applicant regarding. The information submitted is in Marathi language and it is not understood. Submit in Hindi or English.  Hence your application is rejected. (Signature) Public Information Officer",OVERTURNED_ALLOWED
"With reference to the subject cited above, it is to inform that  stipulated perusal officials forwarded. The information is held by the bank in a fiduciary capacity and is exempt under Section 8(1)(e).  No further intervention is required. Information Commissioner",REJECTED_DISMISSED
"With reference to the subject cited above, it is to inform that  records perusal officials officials. Please be informed that this office does not maintain this. You are advised to separately file fresh RTI applications to other offices instead of a Section 6(3) transfer.  Hence your application is rejected. (Signature) Public Information Officer",OVERTURNED_ALLOWED
"With reference to the subject cited above, it is to inform that  forwarded regarding department officials. The organization is exempt under Section 24 of the RTI Act.  Hence your application is rejected. (Signature) Public Information Officer",REJECTED_DISMISSED
This order disposes of the First Appeal filed by the appellant.  officials appeals perusal stipulated. You have asked us to investigate and take strict disciplinary action. This does not fall under the definition of information as per Section 2(f).  Hence your application is rejected. (Signature) Public Information Officer,REJECTED_DISMISSED
Reference is invited to your RTI application dated 12/05/2026.  stipulated appeals applicant applicant. The organization is exempt under Section 24 of the RTI Act.  The application is disposed of accordingly. CPIO,REJECTED_DISMISSED
Reference is invited to your RTI application dated 12/05/2026.  appeals applicant appeals appeals. The PIO failed to furnish the requested information within the mandatory 30-day period stipulated under Section 7(1).  No further intervention is required. Information Commissioner,OVERTURNED_ALLOWED
Reference is invited to your RTI application dated 12/05/2026.  applicant applicant regarding department. The PIO failed to furnish the requested information within the mandatory 30-day period stipulated under Section 7(1).  The application is disposed of accordingly. CPIO,OVERTURNED_ALLOWED
"Subject: Information sought under RTI Act, 2005.  appeals regarding stipulated stipulated. The requested information runs into 150 pages. You are directed to pay Rs. 1500 towards compilation and search charges.  Hence your application is rejected. (Signature) Public Information Officer",OVERTURNED_ALLOWED
This order disposes of the First Appeal filed by the appellant.  perusal officials department regarding. The information is held by the bank in a fiduciary capacity and is exempt under Section 8(1)(e).  No further intervention is required. Information Commissioner,REJECTED_DISMISSED
"With reference to the subject cited above, it is to inform that  records perusal appeals perusal. The information submitted is in Marathi language and it is not understood. Submit in Hindi or English.  No further intervention is required. Information Commissioner",OVERTURNED_ALLOWED
"With reference to the subject cited above, it is to inform that  forwarded records appeals records. The requested information runs into 150 pages. You are directed to pay Rs. 1500 towards compilation and search charges.  The application is disposed of accordingly. CPIO",OVERTURNED_ALLOWED
"Reference is invited to your RTI application dated 12/05/2026.  forwarded appeals forwarded applicant. The information sought qualifies as personal information of a third party, causing an unwarranted invasion of privacy under Section 8(1)(j).  The application is disposed of accordingly. CPIO",REJECTED_DISMISSED
"With reference to the subject cited above, it is to inform that  forwarded officials regarding stipulated. The information submitted is in Marathi language and it is not understood. Submit in Hindi or English.  The application is disposed of accordingly. CPIO",OVERTURNED_ALLOWED
"Subject: Information sought under RTI Act, 2005.  forwarded appeals forwarded perusal. Information denied under commercial confidence Section 8(1)(d).  No further intervention is required. Information Commissioner",PARTIALLY_ALLOWED
"Subject: Information sought under RTI Act, 2005.  officials officials forwarded forwarded. Disclosure of this information would prejudicially affect the sovereignty and security of the state under Section 8(1)(a).  Hence your application is rejected. (Signature) Public Information Officer",REJECTED_DISMISSED
"With reference to the subject cited above, it is to inform that  perusal stipulated perusal perusal. The information submitted is in Marathi language and it is not understood. Submit in Hindi or English.  The application is disposed of accordingly. CPIO",OVERTURNED_ALLOWED
This order disposes of the First Appeal filed by the appellant.  forwarded perusal appeals stipulated. The PIO failed to furnish the requested information within the mandatory 30-day period stipulated under Section 7(1).  No further intervention is required. Information Commissioner,OVERTURNED_ALLOWED
"Subject: Information sought under RTI Act, 2005.  regarding appeals applicant department. Please be informed that this office does not maintain this. You are advised to separately file fresh RTI applications to other offices instead of a Section 6(3) transfer.  No further intervention is required. Information Commissioner",OVERTURNED_ALLOWED
"This order disposes of the First Appeal filed by the appellant.  records forwarded officials appeals. The information sought qualifies as personal information of a third party, causing an unwarranted invasion of privacy under Section 8(1)(j).  No further intervention is required. Information Commissioner",REJECTED_DISMISSED
"With reference to the subject cited above, it is to inform that  officials records regarding applicant. The information sought qualifies as personal information of a third party, causing an unwarranted invasion of privacy under Section 8(1)(j).  The application is disposed of accordingly. CPIO",REJECTED_DISMISSED
This order disposes of the First Appeal filed by the appellant.  forwarded officials stipulated officials. The information is held by the bank in a fiduciary capacity and is exempt under Section 8(1)(e).  No further intervention is required. Information Commissioner,REJECTED_DISMISSED
Reference is invited to your RTI application dated 12/05/2026.  department stipulated applicant appeals. The organization is exempt under Section 24 of the RTI Act.  The application is disposed of accordingly. CPIO,REJECTED_DISMISSED
"With reference to the subject cited above, it is to inform that  regarding appeals regarding officials. The information sought qualifies as personal information of a third party, causing an unwarranted invasion of privacy under Section 8(1)(j).  No further intervention is required. Information Commissioner",REJECTED_DISMISSED
"Subject: Information sought under RTI Act, 2005.  perusal perusal records applicant. The information submitted is in Marathi language and it is not understood. Submit in Hindi or English.  No further intervention is required. Information Commissioner",OVERTURNED_ALLOWED
"With reference to the subject cited above, it is to inform that  regarding regarding forwarded department. Please be informed that this office does not maintain this. You are advised to separately file fresh RTI applications to other offices instead of a Section 6(3) transfer.  Hence your application is rejected. (Signature) Public Information Officer",OVERTURNED_ALLOWED
This order disposes of the First Appeal filed by the appellant.  stipulated stipulated forwarded applicant. Please be informed that this office does not maintain this. You are advised to separately file fresh RTI applications to other offices instead of a Section 6(3) transfer.  No further intervention is required. Information Commissioner,OVERTURNED_ALLOWED
"With reference to the subject cited above, it is to inform that  officials perusal officials perusal. Please be informed that this office does not maintain this. You are advised to separately file fresh RTI applications to other offices instead of a Section 6(3) transfer.  No further intervention is required. Information Commissioner",OVERTURNED_ALLOWED
"Subject: Information sought under RTI Act, 2005.  department records appeals stipulated. The information sought qualifies as personal information of a third party, causing an unwarranted invasion of privacy under Section 8(1)(j).  Hence your application is rejected. (Signature) Public Information Officer",REJECTED_DISMISSED
"Subject: Information sought under RTI Act, 2005.  regarding appeals forwarded forwarded. The information sought qualifies as personal information of a third party, causing an unwarranted invasion of privacy under Section 8(1)(j).  No further intervention is required. Information Commissioner",REJECTED_DISMISSED
"With reference to the subject cited above, it is to inform that  perusal perusal regarding officials. The information submitted is in Marathi language and it is not understood. Submit in Hindi or English.  Hence your application is rejected. (Signature) Public Information Officer",OVERTURNED_ALLOWED
This order disposes of the First Appeal filed by the appellant.  department officials records perusal. Disclosure of this information would prejudicially affect the sovereignty and security of the state under Section 8(1)(a).  Hence your application is rejected. (Signature) Public Information Officer,REJECTED_DISMISSED
This order disposes of the First Appeal filed by the appellant.  officials perusal appeals forwarded. Please be informed that this office does not maintain this. You are advised to separately file fresh RTI applications to other offices instead of a Section 6(3) transfer.  The application is disposed of accordingly. CPIO,OVERTURNED_ALLOWED
This order disposes of the First Appeal filed by the appellant.  officials regarding officials department. Information denied under commercial confidence Section 8(1)(d).  No further intervention is required. Information Commissioner,PARTIALLY_ALLOWED
"Subject: Information sought under RTI Act, 2005.  appeals department regarding applicant. Disclosure of this information would prejudicially affect the sovereignty and security of the state under Section 8(1)(a).  Hence your application is rejected. (Signature) Public Information Officer",REJECTED_DISMISSED
Reference is invited to your RTI application dated 12/05/2026.  records officials records regarding. The PIO failed to furnish the requested information within the mandatory 30-day period stipulated under Section 7(1).  No further intervention is required. Information Commissioner,OVERTURNED_ALLOWED
This order disposes of the First Appeal filed by the appellant.  applicant forwarded perusal appeals. The requested information runs into 150 pages. You are directed to pay Rs. 1500 towards compilation and search charges.  No further intervention is required. Information Commissioner,OVERTURNED_ALLOWED
Reference is invited to your RTI application dated 12/05/2026.  officials stipulated regarding applicant. You have asked us to investigate and take strict disciplinary action. This does not fall under the definition of information as per Section 2(f).  Hence your application is rejected. (Signature) Public Information Officer,REJECTED_DISMISSED
"With reference to the subject cited above, it is to inform that  appeals department department perusal. The PIO failed to furnish the requested information within the mandatory 30-day period stipulated under Section 7(1).  Hence your application is rejected. (Signature) Public Information Officer",OVERTURNED_ALLOWED
"Subject: Information sought under RTI Act, 2005.  records records perusal regarding. Disclosure of this information would prejudicially affect the sovereignty and security of the state under Section 8(1)(a).  The application is disposed of accordingly. CPIO",REJECTED_DISMISSED
Reference is invited to your RTI application dated 12/05/2026.  applicant department records appeals. The organization is exempt under Section 24 of the RTI Act.  No further intervention is required. Information Commissioner,REJECTED_DISMISSED
"Subject: Information sought under RTI Act, 2005.  stipulated regarding stipulated perusal. The information is held by the bank in a fiduciary capacity and is exempt under Section 8(1)(e).  The application is disposed of accordingly. CPIO",REJECTED_DISMISSED
"Subject: Information sought under RTI Act, 2005.  regarding officials regarding regarding. You have asked us to investigate and take strict disciplinary action. This does not fall under the definition of information as per Section 2(f).  Hence your application is rejected. (Signature) Public Information Officer",REJECTED_DISMISSED
"Subject: Information sought under RTI Act, 2005.  regarding forwarded perusal applicant. The organization is exempt under Section 24 of the RTI Act.  Hence your application is rejected. (Signature) Public Information Officer",REJECTED_DISMISSED
"With reference to the subject cited above, it is to inform that  officials applicant forwarded perusal. The information is held by the bank in a fiduciary capacity and is exempt under Section 8(1)(e).  The application is disposed of accordingly. CPIO",REJECTED_DISMISSED
"Subject: Information sought under RTI Act, 2005.  records department records officials. Disclosure of this information would prejudicially affect the sovereignty and security of the state under Section 8(1)(a).  Hence your application is rejected. (Signature) Public Information Officer",REJECTED_DISMISSED
"Subject: Information sought under RTI Act, 2005.  department appeals appeals stipulated. The information sought qualifies as personal information of a third party, causing an unwarranted invasion of privacy under Section 8(1)(j).  No further intervention is required. Information Commissioner",REJECTED_DISMISSED
Reference is invited to your RTI application dated 12/05/2026.  regarding appeals applicant forwarded. Information denied under commercial confidence Section 8(1)(d).  No further intervention is required. Information Commissioner,PARTIALLY_ALLOWED
"Subject: Information sought under RTI Act, 2005.  officials perusal stipulated department. Please be informed that this office does not maintain this. You are advised to separately file fresh RTI applications to other offices instead of a Section 6(3) transfer.  Hence your application is rejected. (Signature) Public Information Officer",OVERTURNED_ALLOWED
Reference is invited to your RTI application dated 12/05/2026.  department stipulated stipulated stipulated. The organization is exempt under Section 24 of the RTI Act.  Hence your application is rejected. (Signature) Public Information Officer,REJECTED_DISMISSED
"Subject: Information sought under RTI Act, 2005.  regarding regarding department perusal. Disclosure of this information would prejudicially affect the sovereignty and security of the state under Section 8(1)(a).  No further intervention is required. Information Commissioner",REJECTED_DISMISSED
Reference is invited to your RTI application dated 12/05/2026.  perusal records stipulated appeals. You have asked us to investigate and take strict disciplinary action. This does not fall under the definition of information as per Section 2(f).  The application is disposed of accordingly. CPIO,REJECTED_DISMISSED
Reference is invited to your RTI application dated 12/05/2026.  regarding applicant perusal records. The information is held by the bank in a fiduciary capacity and is exempt under Section 8(1)(e).  The application is disposed of accordingly. CPIO,REJECTED_DISMISSED
"Subject: Information sought under RTI Act, 2005.  stipulated perusal regarding appeals. The information submitted is in Marathi language and it is not understood. Submit in Hindi or English.  Hence your application is rejected. (Signature) Public Information Officer",OVERTURNED_ALLOWED
This order disposes of the First Appeal filed by the appellant.  appeals department records stipulated. Information denied under commercial confidence Section 8(1)(d).  Hence your application is rejected. (Signature) Public Information Officer,PARTIALLY_ALLOWED
This order disposes of the First Appeal filed by the appellant.  applicant records officials officials. The organization is exempt under Section 24 of the RTI Act.  The application is disposed of accordingly. CPIO,REJECTED_DISMISSED
Reference is invited to your RTI application dated 12/05/2026.  stipulated records regarding appeals. The requested information runs into 150 pages. You are directed to pay Rs. 1500 towards compilation and search charges.  The application is disposed of accordingly. CPIO,OVERTURNED_ALLOWED
"With reference to the subject cited above, it is to inform that  applicant stipulated department regarding. The information is held by the bank in a fiduciary capacity and is exempt under Section 8(1)(e).  No further intervention is required. Information Commissioner",REJECTED_DISMISSED
"Subject: Information sought under RTI Act, 2005.  records applicant stipulated stipulated. Disclosure of this information would prejudicially affect the sovereignty and security of the state under Section 8(1)(a).  Hence your application is rejected. (Signature) Public Information Officer",REJECTED_DISMISSED
Reference is invited to your RTI application dated 12/05/2026.  perusal records stipulated appeals. The information is held by the bank in a fiduciary capacity and is exempt under Section 8(1)(e).  Hence your application is rejected. (Signature) Public Information Officer,REJECTED_DISMISSED
"Subject: Information sought under RTI Act, 2005.  officials regarding perusal records. The information sought qualifies as personal information of a third party, causing an unwarranted invasion of privacy under Section 8(1)(j).  Hence your application is rejected. (Signature) Public Information Officer",REJECTED_DISMISSED
"This order disposes of the First Appeal filed by the appellant.  applicant officials officials appeals. The information sought qualifies as personal information of a third party, causing an unwarranted invasion of privacy under Section 8(1)(j).  The application is disposed of accordingly. CPIO",REJECTED_DISMISSED
This order disposes of the First Appeal filed by the appellant.  department department applicant regarding. The information submitted is in Marathi language and it is not understood. Submit in Hindi or English.  The application is disposed of accordingly. CPIO,OVERTURNED_ALLOWED
"With reference to the subject cited above, it is to inform that  applicant records forwarded perusal. Disclosure of this information would prejudicially affect the sovereignty and security of the state under Section 8(1)(a).  The application is disposed of accordingly. CPIO",REJECTED_DISMISSED
"Subject: Information sought under RTI Act, 2005.  department regarding stipulated appeals. The information sought qualifies as personal information of a third party, causing an unwarranted invasion of privacy under Section 8(1)(j).  No further intervention is required. Information Commissioner",REJECTED_DISMISSED
"Subject: Information sought under RTI Act, 2005.  stipulated regarding records regarding. The requested information runs into 150 pages. You are directed to pay Rs. 1500 towards compilation and search charges.  No further intervention is required. Information Commissioner",OVERTURNED_ALLOWED
"Subject: Information sought under RTI Act, 2005.  perusal forwarded regarding perusal. The PIO failed to furnish the requested information within the mandatory 30-day period stipulated under Section 7(1).  The application is disposed of accordingly. CPIO",OVERTURNED_ALLOWED
"With reference to the subject cited above, it is to inform that  records officials forwarded records. Disclosure of this information would prejudicially affect the sovereignty and security of the state under Section 8(1)(a).  The application is disposed of accordingly. CPIO",REJECTED_DISMISSED
This order disposes of the First Appeal filed by the appellant.  records department regarding regarding. Disclosure of this information would prejudicially affect the sovereignty and security of the state under Section 8(1)(a).  The application is disposed of accordingly. CPIO,REJECTED_DISMISSED
"Subject: Information sought under RTI Act, 2005.  records department appeals stipulated. The PIO failed to furnish the requested information within the mandatory 30-day period stipulated under Section 7(1).  No further intervention is required. Information Commissioner",OVERTURNED_ALLOWED
"With reference to the subject cited above, it is to inform that  perusal stipulated forwarded stipulated. The organization is exempt under Section 24 of the RTI Act.  No further intervention is required. Information Commissioner",REJECTED_DISMISSED
"Subject: Information sought under RTI Act, 2005.  regarding perusal stipulated appeals. Disclosure of this information would prejudicially affect the sovereignty and security of the state under Section 8(1)(a).  No further intervention is required. Information Commissioner",REJECTED_DISMISSED
"With reference to the subject cited above, it is to inform that  applicant perusal forwarded officials. Information denied under commercial confidence Section 8(1)(d).  The application is disposed of accordingly. CPIO",PARTIALLY_ALLOWED
"Subject: Information sought under RTI Act, 2005.  perusal forwarded appeals perusal. Disclosure of this information would prejudicially affect the sovereignty and security of the state under Section 8(1)(a).  Hence your application is rejected. (Signature) Public Information Officer",REJECTED_DISMISSED
"With reference to the subject cited above, it is to inform that  applicant regarding perusal perusal. Disclosure of this information would prejudicially affect the sovereignty and security of the state under Section 8(1)(a).  Hence your application is rejected. (Signature) Public Information Officer",REJECTED_DISMISSED
"Subject: Information sought under RTI Act, 2005.  regarding applicant records regarding. The organization is exempt under Section 24 of the RTI Act.  Hence your application is rejected. (Signature) Public Information Officer",REJECTED_DISMISSED
"Subject: Information sought under RTI Act, 2005.  stipulated applicant department forwarded. The information submitted is in Marathi language and it is not understood. Submit in Hindi or English.  Hence your application is rejected. (Signature) Public Information Officer",OVERTURNED_ALLOWED
This order disposes of the First Appeal filed by the appellant.  officials regarding applicant officials. Information denied under commercial confidence Section 8(1)(d).  Hence your application is rejected. (Signature) Public Information Officer,PARTIALLY_ALLOWED
"Reference is invited to your RTI application dated 12/05/2026.  officials perusal perusal department. The information sought qualifies as personal information of a third party, causing an unwarranted invasion of privacy under Section 8(1)(j).  No further intervention is required. Information Commissioner",REJECTED_DISMISSED
This order disposes of the First Appeal filed by the appellant.  officials department stipulated stipulated. Disclosure of this information would prejudicially affect the sovereignty and security of the state under Section 8(1)(a).  No further intervention is required. Information Commissioner,REJECTED_DISMISSED
This order disposes of the First Appeal filed by the appellant.  appeals applicant records records. Disclosure of this information would prejudicially affect the sovereignty and security of the state under Section 8(1)(a).  The application is disposed of accordingly. CPIO,REJECTED_DISMISSED
"Subject: Information sought under RTI Act, 2005.  stipulated forwarded forwarded records. The information submitted is in Marathi language and it is not understood. Submit in Hindi or English.  The application is disposed of accordingly. CPIO",OVERTURNED_ALLOWED
"Subject: Information sought under RTI Act, 2005.  records forwarded officials officials. The organization is exempt under Section 24 of the RTI Act.  The application is disposed of accordingly. CPIO",REJECTED_DISMISSED
This order disposes of the First Appeal filed by the appellant.  perusal officials records regarding. The requested information runs into 150 pages. You are directed to pay Rs. 1500 towards compilation and search charges.  The application is disposed of accordingly. CPIO,OVERTURNED_ALLOWED
Reference is invited to your RTI application dated 12/05/2026.  applicant appeals forwarded department. The PIO failed to furnish the requested information within the mandatory 30-day period stipulated under Section 7(1).  The application is disposed of accordingly. CPIO,OVERTURNED_ALLOWED
"With reference to the subject cited above, it is to inform that  officials officials forwarded stipulated. The information submitted is in Marathi language and it is not understood. Submit in Hindi or English.  Hence your application is rejected. (Signature) Public Information Officer",OVERTURNED_ALLOWED
"With reference to the subject cited above, it is to inform that  appeals forwarded stipulated regarding. The information sought qualifies as personal information of a third party, causing an unwarranted invasion of privacy under Section 8(1)(j).  No further intervention is required. Information Commissioner",REJECTED_DISMISSED
"Reference is invited to your RTI application dated 12/05/2026.  officials department appeals officials. The information sought qualifies as personal information of a third party, causing an unwarranted invasion of privacy under Section 8(1)(j).  No further intervention is required. Information Commissioner",REJECTED_DISMISSED
This order disposes of the First Appeal filed by the appellant.  records regarding regarding appeals. You have asked us to investigate and take strict disciplinary action. This does not fall under the definition of information as per Section 2(f).  No further intervention is required. Information Commissioner,REJECTED_DISMISSED
This order disposes of the First Appeal filed by the appellant.  records department appeals appeals. Disclosure of this information would prejudicially affect the sovereignty and security of the state under Section 8(1)(a).  No further intervention is required. Information Commissioner,REJECTED_DISMISSED
Reference is invited to your RTI application dated 12/05/2026.  perusal perusal regarding officials. The information is held by the bank in a fiduciary capacity and is exempt under Section 8(1)(e).  Hence your application is rejected. (Signature) Public Information Officer,REJECTED_DISMISSED
"With reference to the subject cited above, it is to inform that  regarding records appeals department. The organization is exempt under Section 24 of the RTI Act.  No further intervention is required. Information Commissioner",REJECTED_DISMISSED
"With reference to the subject cited above, it is to inform that  stipulated perusal department applicant. Disclosure of this information would prejudicially affect the sovereignty and security of the state under Section 8(1)(a).  Hence your application is rejected. (Signature) Public Information Officer",REJECTED_DISMISSED
"Subject: Information sought under RTI Act, 2005.  records officials records regarding. The organization is exempt under Section 24 of the RTI Act.  Hence your application is rejected. (Signature) Public Information Officer",REJECTED_DISMISSED
"With reference to the subject cited above, it is to inform that  forwarded appeals regarding officials. The information is held by the bank in a fiduciary capacity and is exempt under Section 8(1)(e).  Hence your application is rejected. (Signature) Public Information Officer",REJECTED_DISMISSED
"Subject: Information sought under RTI Act, 2005.  applicant applicant appeals regarding. The PIO failed to furnish the requested information within the mandatory 30-day period stipulated under Section 7(1).  Hence your application is rejected. (Signature) Public Information Officer",OVERTURNED_ALLOWED
"Subject: Information sought under RTI Act, 2005.  officials applicant forwarded records. Please be informed that this office does not maintain this. You are advised to separately file fresh RTI applications to other offices instead of a Section 6(3) transfer.  No further intervention is required. Information Commissioner",OVERTURNED_ALLOWED
This order disposes of the First Appeal filed by the appellant.  applicant forwarded regarding department. The PIO failed to furnish the requested information within the mandatory 30-day period stipulated under Section 7(1).  Hence your application is rejected. (Signature) Public Information Officer,OVERTURNED_ALLOWED
"This order disposes of the First Appeal filed by the appellant.  forwarded records forwarded records. The information sought qualifies as personal information of a third party, causing an unwarranted invasion of privacy under Section 8(1)(j).  Hence your application is rejected. (Signature) Public Information Officer",REJECTED_DISMISSED
"Subject: Information sought under RTI Act, 2005.  appeals officials regarding perusal. The information submitted is in Marathi language and it is not understood. Submit in Hindi or English.  Hence your application is rejected. (Signature) Public Information Officer",OVERTURNED_ALLOWED
"Subject: Information sought under RTI Act, 2005.  stipulated stipulated stipulated forwarded. The information sought qualifies as personal information of a third party, causing an unwarranted invasion of privacy under Section 8(1)(j).  Hence your application is rejected. (Signature) Public Information Officer",REJECTED_DISMISSED
"Subject: Information sought under RTI Act, 2005.  applicant stipulated officials appeals. You have asked us to investigate and take strict disciplinary action. This does not fall under the definition of information as per Section 2(f).  Hence your application is rejected. (Signature) Public Information Officer",REJECTED_DISMISSED
Reference is invited to your RTI application dated 12/05/2026.  regarding perusal officials records. The information is held by the bank in a fiduciary capacity and is exempt under Section 8(1)(e).  No further intervention is required. Information Commissioner,REJECTED_DISMISSED
"Subject: Information sought under RTI Act, 2005.  appeals appeals records applicant. The PIO failed to furnish the requested information within the mandatory 30-day period stipulated under Section 7(1).  Hence your application is rejected. (Signature) Public Information Officer",OVERTURNED_ALLOWED
This order disposes of the First Appeal filed by the appellant.  stipulated regarding officials stipulated. You have asked us to investigate and take strict disciplinary action. This does not fall under the definition of information as per Section 2(f).  No further intervention is required. Information Commissioner,REJECTED_DISMISSED
"With reference to the subject cited above, it is to inform that  regarding perusal stipulated officials. The requested information runs into 150 pages. You are directed to pay Rs. 1500 towards compilation and search charges.  The application is disposed of accordingly. CPIO",OVERTURNED_ALLOWED
This order disposes of the First Appeal filed by the appellant.  officials applicant stipulated department. Please be informed that this office does not maintain this. You are advised to separately file fresh RTI applications to other offices instead of a Section 6(3) transfer.  Hence your application is rejected. (Signature) Public Information Officer,OVERTURNED_ALLOWED
"This order disposes of the First Appeal filed by the appellant.  stipulated forwarded regarding department. The information sought qualifies as personal information of a third party, causing an unwarranted invasion of privacy under Section 8(1)(j).  No further intervention is required. Information Commissioner",REJECTED_DISMISSED
"With reference to the subject cited above, it is to inform that  stipulated regarding department stipulated. The information sought qualifies as personal information of a third party, causing an unwarranted invasion of privacy under Section 8(1)(j).  The application is disposed of accordingly. CPIO",REJECTED_DISMISSED
"Subject: Information sought under RTI Act, 2005.  appeals department applicant records. Information denied under commercial confidence Section 8(1)(d).  No further intervention is required. Information Commissioner",PARTIALLY_ALLOWED
"With reference to the subject cited above, it is to inform that  appeals appeals records forwarded. The PIO failed to furnish the requested information within the mandatory 30-day period stipulated under Section 7(1).  No further intervention is required. Information Commissioner",OVERTURNED_ALLOWED
"Subject: Information sought under RTI Act, 2005.  department department regarding department. You have asked us to investigate and take strict disciplinary action. This does not fall under the definition of information as per Section 2(f).  No further intervention is required. Information Commissioner",REJECTED_DISMISSED
"With reference to the subject cited above, it is to inform that  applicant applicant records appeals. The information sought qualifies as personal information of a third party, causing an unwarranted invasion of privacy under Section 8(1)(j).  Hence your application is rejected. (Signature) Public Information Officer",REJECTED_DISMISSED
"Subject: Information sought under RTI Act, 2005.  officials records department department. Please be informed that this office does not maintain this. You are advised to separately file fresh RTI applications to other offices instead of a Section 6(3) transfer.  Hence your application is rejected. (Signature) Public Information Officer",OVERTURNED_ALLOWED
This order disposes of the First Appeal filed by the appellant.  regarding records stipulated officials. You have asked us to investigate and take strict disciplinary action. This does not fall under the definition of information as per Section 2(f).  Hence your application is rejected. (Signature) Public Information Officer,REJECTED_DISMISSED
This order disposes of the First Appeal filed by the appellant.  regarding stipulated applicant records. The PIO failed to furnish the requested information within the mandatory 30-day period stipulated under Section 7(1).  No further intervention is required. Information Commissioner,OVERTURNED_ALLOWED
"With reference to the subject cited above, it is to inform that  regarding forwarded perusal records. Disclosure of this information would prejudicially affect the sovereignty and security of the state under Section 8(1)(a).  The application is disposed of accordingly. CPIO",REJECTED_DISMISSED
"Subject: Information sought under RTI Act, 2005.  perusal department forwarded stipulated. The organization is exempt under Section 24 of the RTI Act.  Hence your application is rejected. (Signature) Public Information Officer",REJECTED_DISMISSED
Reference is invited to your RTI application dated 12/05/2026.  department department appeals applicant. The organization is exempt under Section 24 of the RTI Act.  Hence your application is rejected. (Signature) Public Information Officer,REJECTED_DISMISSED
"Subject: Information sought under RTI Act, 2005.  officials appeals perusal records. Information denied under commercial confidence Section 8(1)(d).  No further intervention is required. Information Commissioner",PARTIALLY_ALLOWED
This order disposes of the First Appeal filed by the appellant.  perusal regarding perusal perusal. Information denied under commercial confidence Section 8(1)(d).  No further intervention is required. Information Commissioner,PARTIALLY_ALLOWED
This order disposes of the First Appeal filed by the appellant.  applicant perusal officials perusal. Disclosure of this information would prejudicially affect the sovereignty and security of the state under Section 8(1)(a).  Hence your application is rejected. (Signature) Public Information Officer,REJECTED_DISMISSED
Reference is invited to your RTI application dated 12/05/2026.  forwarded applicant appeals department. The requested information runs into 150 pages. You are directed to pay Rs. 1500 towards compilation and search charges.  Hence your application is rejected. (Signature) Public Information Officer,OVERTURNED_ALLOWED
"With reference to the subject cited above, it is to inform that  records perusal appeals forwarded. The requested information runs into 150 pages. You are directed to pay Rs. 1500 towards compilation and search charges.  No further intervention is required. Information Commissioner",OVERTURNED_ALLOWED
"With reference to the subject cited above, it is to inform that  appeals regarding regarding stipulated. The information is held by the bank in a fiduciary capacity and is exempt under Section 8(1)(e).  Hence your application is rejected. (Signature) Public Information Officer",REJECTED_DISMISSED
"With reference to the subject cited above, it is to inform that  stipulated department officials appeals. The information submitted is in Marathi language and it is not understood. Submit in Hindi or English.  The application is disposed of accordingly. CPIO",OVERTURNED_ALLOWED
"Subject: Information sought under RTI Act, 2005.  applicant records regarding appeals. Please be informed that this office does not maintain this. You are advised to separately file fresh RTI applications to other offices instead of a Section 6(3) transfer.  The application is disposed of accordingly. CPIO",OVERTURNED_ALLOWED
Reference is invited to your RTI application dated 12/05/2026.  appeals regarding appeals stipulated. You have asked us to investigate and take strict disciplinary action. This does not fall under the definition of information as per Section 2(f).  The application is disposed of accordingly. CPIO,REJECTED_DISMISSED
"With reference to the subject cited above, it is to inform that  officials forwarded applicant department. Please be informed that this office does not maintain this. You are advised to separately file fresh RTI applications to other offices instead of a Section 6(3) transfer.  Hence your application is rejected. (Signature) Public Information Officer",OVERTURNED_ALLOWED
This order disposes of the First Appeal filed by the appellant.  records officials records regarding. The organization is exempt under Section 24 of the RTI Act.  The application is disposed of accordingly. CPIO,REJECTED_DISMISSED
"With reference to the subject cited above, it is to inform that  forwarded department stipulated regarding. You have asked us to investigate and take strict disciplinary action. This does not fall under the definition of information as per Section 2(f).  No further intervention is required. Information Commissioner",REJECTED_DISMISSED
"With reference to the subject cited above, it is to inform that  appeals regarding regarding department. You have asked us to investigate and take strict disciplinary action. This does not fall under the definition of information as per Section 2(f).  No further intervention is required. Information Commissioner",REJECTED_DISMISSED
"Subject: Information sought under RTI Act, 2005.  applicant stipulated stipulated perusal. The information sought qualifies as personal information of a third party, causing an unwarranted invasion of privacy under Section 8(1)(j).  No further intervention is required. Information Commissioner",REJECTED_DISMISSED
This order disposes of the First Appeal filed by the appellant.  appeals stipulated records records. The organization is exempt under Section 24 of the RTI Act.  The application is disposed of accordingly. CPIO,REJECTED_DISMISSED
Reference is invited to your RTI application dated 12/05/2026.  stipulated officials stipulated forwarded. The PIO failed to furnish the requested information within the mandatory 30-day period stipulated under Section 7(1).  Hence your application is rejected. (Signature) Public Information Officer,OVERTURNED_ALLOWED
This order disposes of the First Appeal filed by the appellant.  records records regarding department. Disclosure of this information would prejudicially affect the sovereignty and security of the state under Section 8(1)(a).  Hence your application is rejected. (Signature) Public Information Officer,REJECTED_DISMISSED
"Subject: Information sought under RTI Act, 2005.  records perusal records appeals. The organization is exempt under Section 24 of the RTI Act.  The application is disposed of accordingly. CPIO",REJECTED_DISMISSED
"Subject: Information sought under RTI Act, 2005.  forwarded applicant appeals stipulated. The information is held by the bank in a fiduciary capacity and is exempt under Section 8(1)(e).  Hence your application is rejected. (Signature) Public Information Officer",REJECTED_DISMISSED
"With reference to the subject cited above, it is to inform that  appeals officials stipulated applicant. Disclosure of this information would prejudicially affect the sovereignty and security of the state under Section 8(1)(a).  No further intervention is required. Information Commissioner",REJECTED_DISMISSED
"With reference to the subject cited above, it is to inform that  officials applicant applicant regarding. Information denied under commercial confidence Section 8(1)(d).  No further intervention is required. Information Commissioner",PARTIALLY_ALLOWED
"With reference to the subject cited above, it is to inform that  perusal applicant perusal department. Disclosure of this information would prejudicially affect the sovereignty and security of the state under Section 8(1)(a).  The application is disposed of accordingly. CPIO",REJECTED_DISMISSED
"With reference to the subject cited above, it is to inform that  regarding forwarded regarding regarding. The information submitted is in Marathi language and it is not understood. Submit in Hindi or English.  Hence your application is rejected. (Signature) Public Information Officer",OVERTURNED_ALLOWED
"Subject: Information sought under RTI Act, 2005.  stipulated department records perusal. Please be informed that this office does not maintain this. You are advised to separately file fresh RTI applications to other offices instead of a Section 6(3) transfer.  The application is disposed of accordingly. CPIO",OVERTURNED_ALLOWED
"With reference to the subject cited above, it is to inform that  applicant records perusal forwarded. The requested information runs into 150 pages. You are directed to pay Rs. 1500 towards compilation and search charges.  No further intervention is required. Information Commissioner",OVERTURNED_ALLOWED
"With reference to the subject cited above, it is to inform that  appeals department forwarded stipulated. The information is held by the bank in a fiduciary capacity and is exempt under Section 8(1)(e).  No further intervention is required. Information Commissioner",REJECTED_DISMISSED
"Subject: Information sought under RTI Act, 2005.  perusal department appeals perusal. Information denied under commercial confidence Section 8(1)(d).  No further intervention is required. Information Commissioner",PARTIALLY_ALLOWED
This order disposes of the First Appeal filed by the appellant.  applicant applicant records records. Information denied under commercial confidence Section 8(1)(d).  The application is disposed of accordingly. CPIO,PARTIALLY_ALLOWED
"Subject: Information sought under RTI Act, 2005.  perusal records forwarded stipulated. The PIO failed to furnish the requested information within the mandatory 30-day period stipulated under Section 7(1).  The application is disposed of accordingly. CPIO",OVERTURNED_ALLOWED
"Subject: Information sought under RTI Act, 2005.  regarding forwarded regarding forwarded. Information denied under commercial confidence Section 8(1)(d).  Hence your application is rejected. (Signature) Public Information Officer",PARTIALLY_ALLOWED
"Subject: Information sought under RTI Act, 2005.  department officials appeals perusal. You have asked us to investigate and take strict disciplinary action. This does not fall under the definition of information as per Section 2(f).  No further intervention is required. Information Commissioner",REJECTED_DISMISSED
"Subject: Information sought under RTI Act, 2005.  perusal perusal appeals applicant. The PIO failed to furnish the requested information within the mandatory 30-day period stipulated under Section 7(1).  Hence your application is rejected. (Signature) Public Information Officer",OVERTURNED_ALLOWED
This order disposes of the First Appeal filed by the appellant.  regarding stipulated applicant regarding. The information submitted is in Marathi language and it is not understood. Submit in Hindi or English.  No further intervention is required. Information Commissioner,OVERTURNED_ALLOWED
This order disposes of the First Appeal filed by the appellant.  forwarded department perusal officials. The organization is exempt under Section 24 of the RTI Act.  Hence your application is rejected. (Signature) Public Information Officer,REJECTED_DISMISSED
"With reference to the subject cited above, it is to inform that  applicant appeals appeals regarding. The information submitted is in Marathi language and it is not understood. Submit in Hindi or English.  The application is disposed of accordingly. CPIO",OVERTURNED_ALLOWED
Reference is invited to your RTI application dated 12/05/2026.  appeals applicant officials regarding. Disclosure of this information would prejudicially affect the sovereignty and security of the state under Section 8(1)(a).  No further intervention is required. Information Commissioner,REJECTED_DISMISSED
This order disposes of the First Appeal filed by the appellant.  forwarded regarding officials officials. Please be informed that this office does not maintain this. You are advised to separately file fresh RTI applications to other offices instead of a Section 6(3) transfer.  The application is disposed of accordingly. CPIO,OVERTURNED_ALLOWED
This order disposes of the First Appeal filed by the appellant.  officials regarding perusal regarding. Information denied under commercial confidence Section 8(1)(d).  No further intervention is required. Information Commissioner,PARTIALLY_ALLOWED
"Subject: Information sought under RTI Act, 2005.  forwarded records records forwarded. You have asked us to investigate and take strict disciplinary action. This does not fall under the definition of information as per Section 2(f).  The application is disposed of accordingly. CPIO",REJECTED_DISMISSED
"With reference to the subject cited above, it is to inform that  officials appeals applicant perusal. The information submitted is in Marathi language and it is not understood. Submit in Hindi or English.  The application is disposed of accordingly. CPIO",OVERTURNED_ALLOWED
"This order disposes of the First Appeal filed by the appellant.  officials perusal applicant department. The information sought qualifies as personal information of a third party, causing an unwarranted invasion of privacy under Section 8(1)(j).  Hence your application is rejected. (Signature) Public Information Officer",REJECTED_DISMISSED
"With reference to the subject cited above, it is to inform that  appeals stipulated regarding forwarded. The organization is exempt under Section 24 of the RTI Act.  The application is disposed of accordingly. CPIO",REJECTED_DISMISSED
"With reference to the subject cited above, it is to inform that  regarding stipulated records appeals. The information submitted is in Marathi language and it is not understood. Submit in Hindi or English.  The application is disposed of accordingly. CPIO",OVERTURNED_ALLOWED
"Subject: Information sought under RTI Act, 2005.  applicant regarding perusal applicant. Disclosure of this information would prejudicially affect the sovereignty and security of the state under Section 8(1)(a).  The application is disposed of accordingly. CPIO",REJECTED_DISMISSED
Reference is invited to your RTI application dated 12/05/2026.  records department applicant forwarded. The PIO failed to furnish the requested information within the mandatory 30-day period stipulated under Section 7(1).  No further intervention is required. Information Commissioner,OVERTURNED_ALLOWED
"Subject: Information sought under RTI Act, 2005.  perusal forwarded stipulated department. The PIO failed to furnish the requested information within the mandatory 30-day period stipulated under Section 7(1).  No further intervention is required. Information Commissioner",OVERTURNED_ALLOWED
This order disposes of the First Appeal filed by the appellant.  records forwarded stipulated applicant. Please be informed that this office does not maintain this. You are advised to separately file fresh RTI applications to other offices instead of a Section 6(3) transfer.  The application is disposed of accordingly. CPIO,OVERTURNED_ALLOWED
"With reference to the subject cited above, it is to inform that  applicant applicant perusal officials. The information submitted is in Marathi language and it is not understood. Submit in Hindi or English.  No further intervention is required. Information Commissioner",OVERTURNED_ALLOWED
"With reference to the subject cited above, it is to inform that  regarding perusal regarding records. The information sought qualifies as personal information of a third party, causing an unwarranted invasion of privacy under Section 8(1)(j).  No further intervention is required. Information Commissioner",REJECTED_DISMISSED
This order disposes of the First Appeal filed by the appellant.  department appeals records department. The organization is exempt under Section 24 of the RTI Act.  No further intervention is required. Information Commissioner,REJECTED_DISMISSED
This order disposes of the First Appeal filed by the appellant.  records forwarded records regarding. Disclosure of this information would prejudicially affect the sovereignty and security of the state under Section 8(1)(a).  No further intervention is required. Information Commissioner,REJECTED_DISMISSED
This order disposes of the First Appeal filed by the appellant.  records regarding records officials. The information is held by the bank in a fiduciary capacity and is exempt under Section 8(1)(e).  No further intervention is required. Information Commissioner,REJECTED_DISMISSED
Reference is invited to your RTI application dated 12/05/2026.  officials applicant perusal regarding. Information denied under commercial confidence Section 8(1)(d).  The application is disposed of accordingly. CPIO,PARTIALLY_ALLOWED
"Subject: Information sought under RTI Act, 2005.  records regarding forwarded forwarded. The PIO failed to furnish the requested information within the mandatory 30-day period stipulated under Section 7(1).  No further intervention is required. Information Commissioner",OVERTURNED_ALLOWED
"With reference to the subject cited above, it is to inform that  stipulated applicant applicant forwarded. Information denied under commercial confidence Section 8(1)(d).  Hence your application is rejected. (Signature) Public Information Officer",PARTIALLY_ALLOWED
"With reference to the subject cited above, it is to inform that  records forwarded stipulated regarding. The information is held by the bank in a fiduciary capacity and is exempt under Section 8(1)(e).  The application is disposed of accordingly. CPIO",REJECTED_DISMISSED
"This order disposes of the First Appeal filed by the appellant.  department forwarded stipulated department. The information sought qualifies as personal information of a third party, causing an unwarranted invasion of privacy under Section 8(1)(j).  No further intervention is required. Information Commissioner",REJECTED_DISMISSED
This order disposes of the First Appeal filed by the appellant.  forwarded records applicant stipulated. The requested information runs into 150 pages. You are directed to pay Rs. 1500 towards compilation and search charges.  Hence your application is rejected. (Signature) Public Information Officer,OVERTURNED_ALLOWED
"With reference to the subject cited above, it is to inform that  records department department officials. The information submitted is in Marathi language and it is not understood. Submit in Hindi or English.  Hence your application is rejected. (Signature) Public Information Officer",OVERTURNED_ALLOWED
Reference is invited to your RTI application dated 12/05/2026.  perusal forwarded forwarded appeals. The information is held by the bank in a fiduciary capacity and is exempt under Section 8(1)(e).  Hence your application is rejected. (Signature) Public Information Officer,REJECTED_DISMISSED
Reference is invited to your RTI application dated 12/05/2026.  regarding perusal applicant regarding. Disclosure of this information would prejudicially affect the sovereignty and security of the state under Section 8(1)(a).  Hence your application is rejected. (Signature) Public Information Officer,REJECTED_DISMISSED
Reference is invited to your RTI application dated 12/05/2026.  appeals department officials regarding. You have asked us to investigate and take strict disciplinary action. This does not fall under the definition of information as per Section 2(f).  The application is disposed of accordingly. CPIO,REJECTED_DISMISSED
"Subject: Information sought under RTI Act, 2005.  appeals perusal applicant appeals. Disclosure of this information would prejudicially affect the sovereignty and security of the state under Section 8(1)(a).  Hence your application is rejected. (Signature) Public Information Officer",REJECTED_DISMISSED
"Subject: Information sought under RTI Act, 2005.  department appeals regarding forwarded. The organization is exempt under Section 24 of the RTI Act.  Hence your application is rejected. (Signature) Public Information Officer",REJECTED_DISMISSED
This order disposes of the First Appeal filed by the appellant.  perusal regarding stipulated perusal. The information is held by the bank in a fiduciary capacity and is exempt under Section 8(1)(e).  No further intervention is required. Information Commissioner,REJECTED_DISMISSED
"With reference to the subject cited above, it is to inform that  applicant stipulated appeals department. The information sought qualifies as personal information of a third party, causing an unwarranted invasion of privacy under Section 8(1)(j).  No further intervention is required. Information Commissioner",REJECTED_DISMISSED
"With reference to the subject cited above, it is to inform that  appeals applicant officials forwarded. The information submitted is in Marathi language and it is not understood. Submit in Hindi or English.  Hence your application is rejected. (Signature) Public Information Officer",OVERTURNED_ALLOWED
"With reference to the subject cited above, it is to inform that  records stipulated appeals appeals. The organization is exempt under Section 24 of the RTI Act.  The application is disposed of accordingly. CPIO",REJECTED_DISMISSED
"Reference is invited to your RTI application dated 12/05/2026.  regarding applicant department appeals. The information sought qualifies as personal information of a third party, causing an unwarranted invasion of privacy under Section 8(1)(j).  The application is disposed of accordingly. CPIO",REJECTED_DISMISSED
Reference is invited to your RTI application dated 12/05/2026.  officials perusal applicant department. The information submitted is in Marathi language and it is not understood. Submit in Hindi or English.  Hence your application is rejected. (Signature) Public Information Officer,OVERTURNED_ALLOWED
This order disposes of the First Appeal filed by the appellant.  forwarded regarding forwarded forwarded. Information denied under commercial confidence Section 8(1)(d).  The application is disposed of accordingly. CPIO,PARTIALLY_ALLOWED
Reference is invited to your RTI application dated 12/05/2026.  forwarded applicant applicant stipulated. You have asked us to investigate and take strict disciplinary action. This does not fall under the definition of information as per Section 2(f).  No further intervention is required. Information Commissioner,REJECTED_DISMISSED
"This order disposes of the First Appeal filed by the appellant.  applicant stipulated records stipulated. The information sought qualifies as personal information of a third party, causing an unwarranted invasion of privacy under Section 8(1)(j).  No further intervention is required. Information Commissioner",REJECTED_DISMISSED
"Subject: Information sought under RTI Act, 2005.  officials records officials applicant. The organization is exempt under Section 24 of the RTI Act.  The application is disposed of accordingly. CPIO",REJECTED_DISMISSED
"Subject: Information sought under RTI Act, 2005.  appeals regarding officials applicant. The information sought qualifies as personal information of a third party, causing an unwarranted invasion of privacy under Section 8(1)(j).  Hence your application is rejected. (Signature) Public Information Officer",REJECTED_DISMISSED
Reference is invited to your RTI application dated 12/05/2026.  forwarded perusal stipulated department. The organization is exempt under Section 24 of the RTI Act.  The application is disposed of accordingly. CPIO,REJECTED_DISMISSED
"Subject: Information sought under RTI Act, 2005.  perusal appeals records forwarded. The information is held by the bank in a fiduciary capacity and is exempt under Section 8(1)(e).  Hence your application is rejected. (Signature) Public Information Officer",REJECTED_DISMISSED
"Subject: Information sought under RTI Act, 2005.  forwarded perusal records department. You have asked us to investigate and take strict disciplinary action. This does not fall under the definition of information as per Section 2(f).  The application is disposed of accordingly. CPIO",REJECTED_DISMISSED
"Subject: Information sought under RTI Act, 2005.  applicant records forwarded records. Please be informed that this office does not maintain this. You are advised to separately file fresh RTI applications to other offices instead of a Section 6(3) transfer.  Hence your application is rejected. (Signature) Public Information Officer",OVERTURNED_ALLOWED
Reference is invited to your RTI application dated 12/05/2026.  officials regarding officials regarding. The requested information runs into 150 pages. You are directed to pay Rs. 1500 towards compilation and search charges.  No further intervention is required. Information Commissioner,OVERTURNED_ALLOWED
Reference is invited to your RTI application dated 12/05/2026.  officials appeals applicant regarding. Please be informed that this office does not maintain this. You are advised to separately file fresh RTI applications to other offices instead of a Section 6(3) transfer.  The application is disposed of accordingly. CPIO,OVERTURNED_ALLOWED
"With reference to the subject cited above, it is to inform that  perusal applicant perusal records. The requested information runs into 150 pages. You are directed to pay Rs. 1500 towards compilation and search charges.  The application is disposed of accordingly. CPIO",OVERTURNED_ALLOWED
"With reference to the subject cited above, it is to inform that  records stipulated regarding applicant. The requested information runs into 150 pages. You are directed to pay Rs. 1500 towards compilation and search charges.  Hence your application is rejected. (Signature) Public Information Officer",OVERTURNED_ALLOWED
"Subject: Information sought under RTI Act, 2005.  officials applicant officials forwarded. The organization is exempt under Section 24 of the RTI Act.  Hence your application is rejected. (Signature) Public Information Officer",REJECTED_DISMISSED
Reference is invited to your RTI application dated 12/05/2026.  department department records officials. The organization is exempt under Section 24 of the RTI Act.  Hence your application is rejected. (Signature) Public Information Officer,REJECTED_DISMISSED
"Subject: Information sought under RTI Act, 2005.  stipulated stipulated perusal forwarded. The PIO failed to furnish the requested information within the mandatory 30-day period stipulated under Section 7(1).  The application is disposed of accordingly. CPIO",OVERTURNED_ALLOWED
This order disposes of the First Appeal filed by the appellant.  perusal officials applicant regarding. The PIO failed to furnish the requested information within the mandatory 30-day period stipulated under Section 7(1).  The application is disposed of accordingly. CPIO,OVERTURNED_ALLOWED
"With reference to the subject cited above, it is to inform that  records perusal applicant regarding. The organization is exempt under Section 24 of the RTI Act.  The application is disposed of accordingly. CPIO",REJECTED_DISMISSED
"With reference to the subject cited above, it is to inform that  perusal officials regarding records. The information sought qualifies as personal information of a third party, causing an unwarranted invasion of privacy under Section 8(1)(j).  No further intervention is required. Information Commissioner",REJECTED_DISMISSED
Reference is invited to your RTI application dated 12/05/2026.  forwarded applicant perusal appeals. The information submitted is in Marathi language and it is not understood. Submit in Hindi or English.  Hence your application is rejected. (Signature) Public Information Officer,OVERTURNED_ALLOWED
Reference is invited to your RTI application dated 12/05/2026.  forwarded perusal regarding forwarded. Information denied under commercial confidence Section 8(1)(d).  No further intervention is required. Information Commissioner,PARTIALLY_ALLOWED
"Subject: Information sought under RTI Act, 2005.  perusal applicant applicant stipulated. The information submitted is in Marathi language and it is not understood. Submit in Hindi or English.  Hence your application is rejected. (Signature) Public Information Officer",OVERTURNED_ALLOWED
Reference is invited to your RTI application dated 12/05/2026.  perusal perusal officials applicant. Please be informed that this office does not maintain this. You are advised to separately file fresh RTI applications to other offices instead of a Section 6(3) transfer.  The application is disposed of accordingly. CPIO,OVERTURNED_ALLOWED
"Subject: Information sought under RTI Act, 2005.  officials applicant regarding applicant. Please be informed that this office does not maintain this. You are advised to separately file fresh RTI applications to other offices instead of a Section 6(3) transfer.  The application is disposed of accordingly. CPIO",OVERTURNED_ALLOWED
"Subject: Information sought under RTI Act, 2005.  stipulated officials stipulated applicant. The PIO failed to furnish the requested information within the mandatory 30-day period stipulated under Section 7(1).  Hence your application is rejected. (Signature) Public Information Officer",OVERTURNED_ALLOWED
"With reference to the subject cited above, it is to inform that  perusal officials records appeals. The requested information runs into 150 pages. You are directed to pay Rs. 1500 towards compilation and search charges.  The application is disposed of accordingly. CPIO",OVERTURNED_ALLOWED
"With reference to the subject cited above, it is to inform that  applicant perusal regarding perusal. Please be informed that this office does not maintain this. You are advised to separately file fresh RTI applications to other offices instead of a Section 6(3) transfer.  The application is disposed of accordingly. CPIO",OVERTURNED_ALLOWED
This order disposes of the First Appeal filed by the appellant.  regarding department applicant perusal. The PIO failed to furnish the requested information within the mandatory 30-day period stipulated under Section 7(1).  No further intervention is required. Information Commissioner,OVERTURNED_ALLOWED
"With reference to the subject cited above, it is to inform that  regarding regarding appeals stipulated. The information sought qualifies as personal information of a third party, causing an unwarranted invasion of privacy under Section 8(1)(j).  The application is disposed of accordingly. CPIO",REJECTED_DISMISSED
"Subject: Information sought under RTI Act, 2005.  regarding stipulated perusal records. Please be informed that this office does not maintain this. You are advised to separately file fresh RTI applications to other offices instead of a Section 6(3) transfer.  Hence your application is rejected. (Signature) Public Information Officer",OVERTURNED_ALLOWED
Reference is invited to your RTI application dated 12/05/2026.  stipulated regarding perusal appeals. The PIO failed to furnish the requested information within the mandatory 30-day period stipulated under Section 7(1).  Hence your application is rejected. (Signature) Public Information Officer,OVERTURNED_ALLOWED
"With reference to the subject cited above, it is to inform that  stipulated officials applicant perusal. Information denied under commercial confidence Section 8(1)(d).  Hence your application is rejected. (Signature) Public Information Officer",PARTIALLY_ALLOWED
This order disposes of the First Appeal filed by the appellant.  department stipulated department appeals. The organization is exempt under Section 24 of the RTI Act.  No further intervention is required. Information Commissioner,REJECTED_DISMISSED
"With reference to the subject cited above, it is to inform that  department appeals appeals officials. The PIO failed to furnish the requested information within the mandatory 30-day period stipulated under Section 7(1).  Hence your application is rejected. (Signature) Public Information Officer",OVERTURNED_ALLOWED
"Subject: Information sought under RTI Act, 2005.  applicant records perusal records. The information submitted is in Marathi language and it is not understood. Submit in Hindi or English.  The application is disposed of accordingly. CPIO",OVERTURNED_ALLOWED
This order disposes of the First Appeal filed by the appellant.  forwarded appeals perusal officials. The requested information runs into 150 pages. You are directed to pay Rs. 1500 towards compilation and search charges.  The application is disposed of accordingly. CPIO,OVERTURNED_ALLOWED
"Subject: Information sought under RTI Act, 2005.  stipulated officials perusal perusal. The information sought qualifies as personal information of a third party, causing an unwarranted invasion of privacy under Section 8(1)(j).  The application is disposed of accordingly. CPIO",REJECTED_DISMISSED
"Subject: Information sought under RTI Act, 2005.  forwarded department appeals forwarded. Disclosure of this information would prejudicially affect the sovereignty and security of the state under Section 8(1)(a).  The application is disposed of accordingly. CPIO",REJECTED_DISMISSED
"Subject: Information sought under RTI Act, 2005.  forwarded officials appeals appeals. You have asked us to investigate and take strict disciplinary action. This does not fall under the definition of information as per Section 2(f).  The application is disposed of accordingly. CPIO",REJECTED_DISMISSED
"With reference to the subject cited above, it is to inform that  forwarded department forwarded department. The PIO failed to furnish the requested information within the mandatory 30-day period stipulated under Section 7(1).  The application is disposed of accordingly. CPIO",OVERTURNED_ALLOWED
Reference is invited to your RTI application dated 12/05/2026.  forwarded department officials officials. You have asked us to investigate and take strict disciplinary action. This does not fall under the definition of information as per Section 2(f).  No further intervention is required. Information Commissioner,REJECTED_DISMISSED
Reference is invited to your RTI application dated 12/05/2026.  department appeals appeals department. You have asked us to investigate and take strict disciplinary action. This does not fall under the definition of information as per Section 2(f).  The application is disposed of accordingly. CPIO,REJECTED_DISMISSED
"With reference to the subject cited above, it is to inform that  records perusal perusal records. The PIO failed to furnish the requested information within the mandatory 30-day period stipulated under Section 7(1).  The application is disposed of accordingly. CPIO",OVERTURNED_ALLOWED
"With reference to the subject cited above, it is to inform that  officials stipulated forwarded records. The requested information runs into 150 pages. You are directed to pay Rs. 1500 towards compilation and search charges.  No further intervention is required. Information Commissioner",OVERTURNED_ALLOWED
Reference is invited to your RTI application dated 12/05/2026.  perusal stipulated perusal regarding. The information submitted is in Marathi language and it is not understood. Submit in Hindi or English.  Hence your application is rejected. (Signature) Public Information Officer,OVERTURNED_ALLOWED
"With reference to the subject cited above, it is to inform that  regarding regarding department applicant. The information is held by the bank in a fiduciary capacity and is exempt under Section 8(1)(e).  The application is disposed of accordingly. CPIO",REJECTED_DISMISSED
"This order disposes of the First Appeal filed by the appellant.  stipulated applicant perusal records. The information sought qualifies as personal information of a third party, causing an unwarranted invasion of privacy under Section 8(1)(j).  The application is disposed of accordingly. CPIO",REJECTED_DISMISSED
"Subject: Information sought under RTI Act, 2005.  regarding stipulated forwarded department. You have asked us to investigate and take strict disciplinary action. This does not fall under the definition of information as per Section 2(f).  Hence your application is rejected. (Signature) Public Information Officer",REJECTED_DISMISSED
This order disposes of the First Appeal filed by the appellant.  stipulated officials records stipulated. Information denied under commercial confidence Section 8(1)(d).  The application is disposed of accordingly. CPIO,PARTIALLY_ALLOWED
Reference is invited to your RTI application dated 12/05/2026.  appeals appeals officials department. You have asked us to investigate and take strict disciplinary action. This does not fall under the definition of information as per Section 2(f).  The application is disposed of accordingly. CPIO,REJECTED_DISMISSED
"Subject: Information sought under RTI Act, 2005.  applicant department forwarded appeals. The PIO failed to furnish the requested information within the mandatory 30-day period stipulated under Section 7(1).  No further intervention is required. Information Commissioner",OVERTURNED_ALLOWED
This order disposes of the First Appeal filed by the appellant.  appeals stipulated records officials. Please be informed that this office does not maintain this. You are advised to separately file fresh RTI applications to other offices instead of a Section 6(3) transfer.  No further intervention is required. Information Commissioner,OVERTURNED_ALLOWED
This order disposes of the First Appeal filed by the appellant.  stipulated applicant officials records. The information is held by the bank in a fiduciary capacity and is exempt under Section 8(1)(e).  Hence your application is rejected. (Signature) Public Information Officer,REJECTED_DISMISSED
"With reference to the subject cited above, it is to inform that  applicant department applicant officials. The requested information runs into 150 pages. You are directed to pay Rs. 1500 towards compilation and search charges.  The application is disposed of accordingly. CPIO",OVERTURNED_ALLOWED
Reference is invited to your RTI application dated 12/05/2026.  officials records stipulated department. The PIO failed to furnish the requested information within the mandatory 30-day period stipulated under Section 7(1).  No further intervention is required. Information Commissioner,OVERTURNED_ALLOWED
Reference is invited to your RTI application dated 12/05/2026.  records perusal perusal perusal. You have asked us to investigate and take strict disciplinary action. This does not fall under the definition of information as per Section 2(f).  The application is disposed of accordingly. CPIO,REJECTED_DISMISSED
"Reference is invited to your RTI application dated 12/05/2026.  officials perusal officials applicant. The information sought qualifies as personal information of a third party, causing an unwarranted invasion of privacy under Section 8(1)(j).  The application is disposed of accordingly. CPIO",REJECTED_DISMISSED
"Subject: Information sought under RTI Act, 2005.  regarding department department appeals. Disclosure of this information would prejudicially affect the sovereignty and security of the state under Section 8(1)(a).  No further intervention is required. Information Commissioner",REJECTED_DISMISSED
This order disposes of the First Appeal filed by the appellant.  records stipulated department stipulated. Please be informed that this office does not maintain this. You are advised to separately file fresh RTI applications to other offices instead of a Section 6(3) transfer.  The application is disposed of accordingly. CPIO,OVERTURNED_ALLOWED
This order disposes of the First Appeal filed by the appellant.  applicant perusal forwarded records. The organization is exempt under Section 24 of the RTI Act.  The application is disposed of accordingly. CPIO,REJECTED_DISMISSED
"With reference to the subject cited above, it is to inform that  department officials perusal officials. Please be informed that this office does not maintain this. You are advised to separately file fresh RTI applications to other offices instead of a Section 6(3) transfer.  The application is disposed of accordingly. CPIO",OVERTURNED_ALLOWED
Reference is invited to your RTI application dated 12/05/2026.  department stipulated perusal perusal. Please be informed that this office does not maintain this. You are advised to separately file fresh RTI applications to other offices instead of a Section 6(3) transfer.  The application is disposed of accordingly. CPIO,OVERTURNED_ALLOWED
"With reference to the subject cited above, it is to inform that  stipulated officials records regarding. You have asked us to investigate and take strict disciplinary action. This does not fall under the definition of information as per Section 2(f).  No further intervention is required. Information Commissioner",REJECTED_DISMISSED
Reference is invited to your RTI application dated 12/05/2026.  regarding appeals appeals officials. Information denied under commercial confidence Section 8(1)(d).  Hence your application is rejected. (Signature) Public Information Officer,PARTIALLY_ALLOWED
"With reference to the subject cited above, it is to inform that  department department applicant officials. The organization is exempt under Section 24 of the RTI Act.  No further intervention is required. Information Commissioner",REJECTED_DISMISSED
"Subject: Information sought under RTI Act, 2005.  applicant stipulated department stipulated. The requested information runs into 150 pages. You are directed to pay Rs. 1500 towards compilation and search charges.  No further intervention is required. Information Commissioner",OVERTURNED_ALLOWED
This order disposes of the First Appeal filed by the appellant.  records stipulated officials stipulated. The requested information runs into 150 pages. You are directed to pay Rs. 1500 towards compilation and search charges.  The application is disposed of accordingly. CPIO,OVERTURNED_ALLOWED
Reference is invited to your RTI application dated 12/05/2026.  officials perusal stipulated applicant. The information submitted is in Marathi language and it is not understood. Submit in Hindi or English.  Hence your application is rejected. (Signature) Public Information Officer,OVERTURNED_ALLOWED
"With reference to the subject cited above, it is to inform that  department department department regarding. Disclosure of this information would prejudicially affect the sovereignty and security of the state under Section 8(1)(a).  Hence your application is rejected. (Signature) Public Information Officer",REJECTED_DISMISSED
"Subject: Information sought under RTI Act, 2005.  perusal department forwarded appeals. Information denied under commercial confidence Section 8(1)(d).  No further intervention is required. Information Commissioner",PARTIALLY_ALLOWED
"Subject: Information sought under RTI Act, 2005.  department applicant stipulated regarding. The PIO failed to furnish the requested information within the mandatory 30-day period stipulated under Section 7(1).  No further intervention is required. Information Commissioner",OVERTURNED_ALLOWED
"Subject: Information sought under RTI Act, 2005.  applicant department department appeals. Please be informed that this office does not maintain this. You are advised to separately file fresh RTI applications to other offices instead of a Section 6(3) transfer.  No further intervention is required. Information Commissioner",OVERTURNED_ALLOWED
This order disposes of the First Appeal filed by the appellant.  records perusal appeals stipulated. The information is held by the bank in a fiduciary capacity and is exempt under Section 8(1)(e).  No further intervention is required. Information Commissioner,REJECTED_DISMISSED
"With reference to the subject cited above, it is to inform that  stipulated applicant applicant officials. The PIO failed to furnish the requested information within the mandatory 30-day period stipulated under Section 7(1).  Hence your application is rejected. (Signature) Public Information Officer",OVERTURNED_ALLOWED
"With reference to the subject cited above, it is to inform that  perusal officials officials regarding. The information sought qualifies as personal information of a third party, causing an unwarranted invasion of privacy under Section 8(1)(j).  The application is disposed of accordingly. CPIO",REJECTED_DISMISSED
"With reference to the subject cited above, it is to inform that  officials officials stipulated forwarded. The information sought qualifies as personal information of a third party, causing an unwarranted invasion of privacy under Section 8(1)(j).  No further intervention is required. Information Commissioner",REJECTED_DISMISSED
This order disposes of the First Appeal filed by the appellant.  appeals appeals records department. Information denied under commercial confidence Section 8(1)(d).  The application is disposed of accordingly. CPIO,PARTIALLY_ALLOWED
"With reference to the subject cited above, it is to inform that  regarding perusal officials regarding. The requested information runs into 150 pages. You are directed to pay Rs. 1500 towards compilation and search charges.  The application is disposed of accordingly. CPIO",OVERTURNED_ALLOWED
This order disposes of the First Appeal filed by the appellant.  regarding forwarded department applicant. You have asked us to investigate and take strict disciplinary action. This does not fall under the definition of information as per Section 2(f).  The application is disposed of accordingly. CPIO,REJECTED_DISMISSED
This order disposes of the First Appeal filed by the appellant.  department forwarded appeals perusal. Information denied under commercial confidence Section 8(1)(d).  No further intervention is required. Information Commissioner,PARTIALLY_ALLOWED
"Subject: Information sought under RTI Act, 2005.  perusal perusal regarding perusal. The information sought qualifies as personal information of a third party, causing an unwarranted invasion of privacy under Section 8(1)(j).  Hence your application is rejected. (Signature) Public Information Officer",REJECTED_DISMISSED
This order disposes of the First Appeal filed by the appellant.  applicant regarding records department. The PIO failed to furnish the requested information within the mandatory 30-day period stipulated under Section 7(1).  The application is disposed of accordingly. CPIO,OVERTURNED_ALLOWED
This order disposes of the First Appeal filed by the appellant.  regarding applicant officials forwarded. You have asked us to investigate and take strict disciplinary action. This does not fall under the definition of information as per Section 2(f).  No further intervention is required. Information Commissioner,REJECTED_DISMISSED
"With reference to the subject cited above, it is to inform that  records appeals regarding officials. Please be informed that this office does not maintain this. You are advised to separately file fresh RTI applications to other offices instead of a Section 6(3) transfer.  No further intervention is required. Information Commissioner",OVERTURNED_ALLOWED
"Reference is invited to your RTI application dated 12/05/2026.  officials department applicant applicant. The information sought qualifies as personal information of a third party, causing an unwarranted invasion of privacy under Section 8(1)(j).  The application is disposed of accordingly. CPIO",REJECTED_DISMISSED
This order disposes of the First Appeal filed by the appellant.  regarding perusal perusal department. Please be informed that this office does not maintain this. You are advised to separately file fresh RTI applications to other offices instead of a Section 6(3) transfer.  No further intervention is required. Information Commissioner,OVERTURNED_ALLOWED
"Subject: Information sought under RTI Act, 2005.  perusal department stipulated applicant. The information submitted is in Marathi language and it is not understood. Submit in Hindi or English.  No further intervention is required. Information Commissioner",OVERTURNED_ALLOWED
This order disposes of the First Appeal filed by the appellant.  department department applicant stipulated. The PIO failed to furnish the requested information within the mandatory 30-day period stipulated under Section 7(1).  Hence your application is rejected. (Signature) Public Information Officer,OVERTURNED_ALLOWED
"With reference to the subject cited above, it is to inform that  appeals perusal appeals perusal. Please be informed that this office does not maintain this. You are advised to separately file fresh RTI applications to other offices instead of a Section 6(3) transfer.  The application is disposed of accordingly. CPIO",OVERTURNED_ALLOWED
"Subject: Information sought under RTI Act, 2005.  officials perusal appeals records. The requested information runs into 150 pages. You are directed to pay Rs. 1500 towards compilation and search charges.  No further intervention is required. Information Commissioner",OVERTURNED_ALLOWED
This order disposes of the First Appeal filed by the appellant.  appeals regarding forwarded forwarded. The information is held by the bank in a fiduciary capacity and is exempt under Section 8(1)(e).  No further intervention is required. Information Commissioner,REJECTED_DISMISSED
"With reference to the subject cited above, it is to inform that  appeals perusal regarding officials. The PIO failed to furnish the requested information within the mandatory 30-day period stipulated under Section 7(1).  The application is disposed of accordingly. CPIO",OVERTURNED_ALLOWED
"Reference is invited to your RTI application dated 12/05/2026.  department officials perusal stipulated. The information sought qualifies as personal information of a third party, causing an unwarranted invasion of privacy under Section 8(1)(j).  The application is disposed of accordingly. CPIO",REJECTED_DISMISSED
This order disposes of the First Appeal filed by the appellant.  regarding regarding appeals regarding. The PIO failed to furnish the requested information within the mandatory 30-day period stipulated under Section 7(1).  The application is disposed of accordingly. CPIO,OVERTURNED_ALLOWED
Reference is invited to your RTI application dated 12/05/2026.  appeals applicant applicant stipulated. The organization is exempt under Section 24 of the RTI Act.  The application is disposed of accordingly. CPIO,REJECTED_DISMISSED
"With reference to the subject cited above, it is to inform that  records department regarding regarding. The organization is exempt under Section 24 of the RTI Act.  Hence your application is rejected. (Signature) Public Information Officer",REJECTED_DISMISSED
This order disposes of the First Appeal filed by the appellant.  appeals perusal applicant perusal. The organization is exempt under Section 24 of the RTI Act.  Hence your application is rejected. (Signature) Public Information Officer,REJECTED_DISMISSED
Reference is invited to your RTI application dated 12/05/2026.  applicant officials regarding regarding. The information is held by the bank in a fiduciary capacity and is exempt under Section 8(1)(e).  The application is disposed of accordingly. CPIO,REJECTED_DISMISSED
"With reference to the subject cited above, it is to inform that  perusal regarding perusal perusal. You have asked us to investigate and take strict disciplinary action. This does not fall under the definition of information as per Section 2(f).  Hence your application is rejected. (Signature) Public Information Officer",REJECTED_DISMISSED
This order disposes of the First Appeal filed by the appellant.  applicant applicant department forwarded. The requested information runs into 150 pages. You are directed to pay Rs. 1500 towards compilation and search charges.  Hence your application is rejected. (Signature) Public Information Officer,OVERTURNED_ALLOWED
"Subject: Information sought under RTI Act, 2005.  department officials appeals officials. The information sought qualifies as personal information of a third party, causing an unwarranted invasion of privacy under Section 8(1)(j).  Hence your application is rejected. (Signature) Public Information Officer",REJECTED_DISMISSED
Reference is invited to your RTI application dated 12/05/2026.  appeals regarding applicant perusal. The information is held by the bank in a fiduciary capacity and is exempt under Section 8(1)(e).  The application is disposed of accordingly. CPIO,REJECTED_DISMISSED
Reference is invited to your RTI application dated 12/05/2026.  records regarding officials department. You have asked us to investigate and take strict disciplinary action. This does not fall under the definition of information as per Section 2(f).  The application is disposed of accordingly. CPIO,REJECTED_DISMISSED
This order disposes of the First Appeal filed by the appellant.  forwarded applicant department applicant. The PIO failed to furnish the requested information within the mandatory 30-day period stipulated under Section 7(1).  The application is disposed of accordingly. CPIO,OVERTURNED_ALLOWED
Reference is invited to your RTI application dated 12/05/2026.  appeals records stipulated department. The requested information runs into 150 pages. You are directed to pay Rs. 1500 towards compilation and search charges.  Hence your application is rejected. (Signature) Public Information Officer,OVERTURNED_ALLOWED
Reference is invited to your RTI application dated 12/05/2026.  appeals appeals forwarded appeals. The information is held by the bank in a fiduciary capacity and is exempt under Section 8(1)(e).  No further intervention is required. Information Commissioner,REJECTED_DISMISSED
"Reference is invited to your RTI application dated 12/05/2026.  department applicant regarding appeals. The information sought qualifies as personal information of a third party, causing an unwarranted invasion of privacy under Section 8(1)(j).  No further intervention is required. Information Commissioner",REJECTED_DISMISSED
Reference is invited to your RTI application dated 12/05/2026.  officials officials applicant appeals. The PIO failed to furnish the requested information within the mandatory 30-day period stipulated under Section 7(1).  The application is disposed of accordingly. CPIO,OVERTURNED_ALLOWED
Reference is invited to your RTI application dated 12/05/2026.  regarding department perusal appeals. You have asked us to investigate and take strict disciplinary action. This does not fall under the definition of information as per Section 2(f).  No further intervention is required. Information Commissioner,REJECTED_DISMISSED
"This order disposes of the First Appeal filed by the appellant.  perusal records applicant department. The information sought qualifies as personal information of a third party, causing an unwarranted invasion of privacy under Section 8(1)(j).  The application is disposed of accordingly. CPIO",REJECTED_DISMISSED
This order disposes of the First Appeal filed by the appellant.  forwarded regarding records perusal. The requested information runs into 150 pages. You are directed to pay Rs. 1500 towards compilation and search charges.  Hence your application is rejected. (Signature) Public Information Officer,OVERTURNED_ALLOWED
Reference is invited to your RTI application dated 12/05/2026.  applicant stipulated applicant appeals. The requested information runs into 150 pages. You are directed to pay Rs. 1500 towards compilation and search charges.  The application is disposed of accordingly. CPIO,OVERTURNED_ALLOWED
This order disposes of the First Appeal filed by the appellant.  stipulated forwarded forwarded department. The information submitted is in Marathi language and it is not understood. Submit in Hindi or English.  No further intervention is required. Information Commissioner,OVERTURNED_ALLOWED
"Subject: Information sought under RTI Act, 2005.  forwarded forwarded records applicant. The requested information runs into 150 pages. You are directed to pay Rs. 1500 towards compilation and search charges.  Hence your application is rejected. (Signature) Public Information Officer",OVERTURNED_ALLOWED
"Subject: Information sought under RTI Act, 2005.  perusal records perusal stipulated. The PIO failed to furnish the requested information within the mandatory 30-day period stipulated under Section 7(1).  The application is disposed of accordingly. CPIO",OVERTURNED_ALLOWED
Reference is invited to your RTI application dated 12/05/2026.  appeals appeals appeals officials. Please be informed that this office does not maintain this. You are advised to separately file fresh RTI applications to other offices instead of a Section 6(3) transfer.  The application is disposed of accordingly. CPIO,OVERTURNED_ALLOWED
"Subject: Information sought under RTI Act, 2005.  appeals regarding department officials. You have asked us to investigate and take strict disciplinary action. This does not fall under the definition of information as per Section 2(f).  The application is disposed of accordingly. CPIO",REJECTED_DISMISSED
Reference is invited to your RTI application dated 12/05/2026.  department records stipulated records. The PIO failed to furnish the requested information within the mandatory 30-day period stipulated under Section 7(1).  Hence your application is rejected. (Signature) Public Information Officer,OVERTURNED_ALLOWED
This order disposes of the First Appeal filed by the appellant.  records officials regarding officials. Information denied under commercial confidence Section 8(1)(d).  The application is disposed of accordingly. CPIO,PARTIALLY_ALLOWED
"Subject: Information sought under RTI Act, 2005.  regarding officials appeals regarding. Disclosure of this information would prejudicially affect the sovereignty and security of the state under Section 8(1)(a).  No further intervention is required. Information Commissioner",REJECTED_DISMISSED
This order disposes of the First Appeal filed by the appellant.  records applicant appeals forwarded. The information is held by the bank in a fiduciary capacity and is exempt under Section 8(1)(e).  The application is disposed of accordingly. CPIO,REJECTED_DISMISSED
Reference is invited to your RTI application dated 12/05/2026.  perusal records regarding regarding. You have asked us to investigate and take strict disciplinary action. This does not fall under the definition of information as per Section 2(f).  The application is disposed of accordingly. CPIO,REJECTED_DISMISSED
This order disposes of the First Appeal filed by the appellant.  regarding officials appeals department. The requested information runs into 150 pages. You are directed to pay Rs. 1500 towards compilation and search charges.  Hence your application is rejected. (Signature) Public Information Officer,OVERTURNED_ALLOWED
"With reference to the subject cited above, it is to inform that  perusal appeals officials regarding. The PIO failed to furnish the requested information within the mandatory 30-day period stipulated under Section 7(1).  The application is disposed of accordingly. CPIO",OVERTURNED_ALLOWED
Reference is invited to your RTI application dated 12/05/2026.  officials regarding officials officials. You have asked us to investigate and take strict disciplinary action. This does not fall under the definition of information as per Section 2(f).  Hence your application is rejected. (Signature) Public Information Officer,REJECTED_DISMISSED
Reference is invited to your RTI application dated 12/05/2026.  regarding forwarded stipulated applicant. You have asked us to investigate and take strict disciplinary action. This does not fall under the definition of information as per Section 2(f).  Hence your application is rejected. (Signature) Public Information Officer,REJECTED_DISMISSED
"With reference to the subject cited above, it is to inform that  applicant department department department. The information is held by the bank in a fiduciary capacity and is exempt under Section 8(1)(e).  Hence your application is rejected. (Signature) Public Information Officer",REJECTED_DISMISSED
"Subject: Information sought under RTI Act, 2005.  regarding perusal appeals appeals. Please be informed that this office does not maintain this. You are advised to separately file fresh RTI applications to other offices instead of a Section 6(3) transfer.  The application is disposed of accordingly. CPIO",OVERTURNED_ALLOWED
"With reference to the subject cited above, it is to inform that  regarding appeals department department. You have asked us to investigate and take strict disciplinary action. This does not fall under the definition of information as per Section 2(f).  No further intervention is required. Information Commissioner",REJECTED_DISMISSED
This order disposes of the First Appeal filed by the appellant.  officials forwarded officials stipulated. The organization is exempt under Section 24 of the RTI Act.  No further intervention is required. Information Commissioner,REJECTED_DISMISSED
"With reference to the subject cited above, it is to inform that  records stipulated department appeals. Disclosure of this information would prejudicially affect the sovereignty and security of the state under Section 8(1)(a).  The application is disposed of accordingly. CPIO",REJECTED_DISMISSED
This order disposes of the First Appeal filed by the appellant.  regarding forwarded records applicant. Information denied under commercial confidence Section 8(1)(d).  Hence your application is rejected. (Signature) Public Information Officer,PARTIALLY_ALLOWED
This order disposes of the First Appeal filed by the appellant.  appeals appeals records officials. The PIO failed to furnish the requested information within the mandatory 30-day period stipulated under Section 7(1).  Hence your application is rejected. (Signature) Public Information Officer,OVERTURNED_ALLOWED
Reference is invited to your RTI application dated 12/05/2026.  officials officials stipulated officials. Disclosure of this information would prejudicially affect the sovereignty and security of the state under Section 8(1)(a).  Hence your application is rejected. (Signature) Public Information Officer,REJECTED_DISMISSED
This order disposes of the First Appeal filed by the appellant.  perusal officials applicant forwarded. The information submitted is in Marathi language and it is not understood. Submit in Hindi or English.  Hence your application is rejected. (Signature) Public Information Officer,OVERTURNED_ALLOWED
"Reference is invited to your RTI application dated 12/05/2026.  forwarded perusal perusal department. The information sought qualifies as personal information of a third party, causing an unwarranted invasion of privacy under Section 8(1)(j).  No further intervention is required. Information Commissioner",REJECTED_DISMISSED
"With reference to the subject cited above, it is to inform that  department regarding regarding perusal. Information denied under commercial confidence Section 8(1)(d).  No further intervention is required. Information Commissioner",PARTIALLY_ALLOWED
Reference is invited to your RTI application dated 12/05/2026.  regarding forwarded department department. You have asked us to investigate and take strict disciplinary action. This does not fall under the definition of information as per Section 2(f).  No further intervention is required. Information Commissioner,REJECTED_DISMISSED
This order disposes of the First Appeal filed by the appellant.  regarding perusal forwarded applicant. The requested information runs into 150 pages. You are directed to pay Rs. 1500 towards compilation and search charges.  The application is disposed of accordingly. CPIO,OVERTURNED_ALLOWED
"Subject: Information sought under RTI Act, 2005.  applicant perusal perusal stipulated. The information sought qualifies as personal information of a third party, causing an unwarranted invasion of privacy under Section 8(1)(j).  Hence your application is rejected. (Signature) Public Information Officer",REJECTED_DISMISSED
"Subject: Information sought under RTI Act, 2005.  applicant stipulated perusal records. Please be informed that this office does not maintain this. You are advised to separately file fresh RTI applications to other offices instead of a Section 6(3) transfer.  Hence your application is rejected. (Signature) Public Information Officer",OVERTURNED_ALLOWED
"Subject: Information sought under RTI Act, 2005.  applicant forwarded officials appeals. The organization is exempt under Section 24 of the RTI Act.  Hence your application is rejected. (Signature) Public Information Officer",REJECTED_DISMISSED
This order disposes of the First Appeal filed by the appellant.  applicant appeals department regarding. Information denied under commercial confidence Section 8(1)(d).  The application is disposed of accordingly. CPIO,PARTIALLY_ALLOWED
"With reference to the subject cited above, it is to inform that  department appeals officials perusal. The requested information runs into 150 pages. You are directed to pay Rs. 1500 towards compilation and search charges.  No further intervention is required. Information Commissioner",OVERTURNED_ALLOWED
Reference is invited to your RTI application dated 12/05/2026.  appeals regarding stipulated appeals. Please be informed that this office does not maintain this. You are advised to separately file fresh RTI applications to other offices instead of a Section 6(3) transfer.  The application is disposed of accordingly. CPIO,OVERTURNED_ALLOWED
"Reference is invited to your RTI application dated 12/05/2026.  records appeals appeals regarding. The information sought qualifies as personal information of a third party, causing an unwarranted invasion of privacy under Section 8(1)(j).  No further intervention is required. Information Commissioner",REJECTED_DISMISSED
"Subject: Information sought under RTI Act, 2005.  regarding stipulated stipulated department. The requested information runs into 150 pages. You are directed to pay Rs. 1500 towards compilation and search charges.  Hence your application is rejected. (Signature) Public Information Officer",OVERTURNED_ALLOWED
"With reference to the subject cited above, it is to inform that  stipulated stipulated officials officials. The information is held by the bank in a fiduciary capacity and is exempt under Section 8(1)(e).  The application is disposed of accordingly. CPIO",REJECTED_DISMISSED
This order disposes of the First Appeal filed by the appellant.  regarding officials appeals appeals. You have asked us to investigate and take strict disciplinary action. This does not fall under the definition of information as per Section 2(f).  Hence your application is rejected. (Signature) Public Information Officer,REJECTED_DISMISSED
"Reference is invited to your RTI application dated 12/05/2026.  department stipulated applicant records. The information sought qualifies as personal information of a third party, causing an unwarranted invasion of privacy under Section 8(1)(j).  Hence your application is rejected. (Signature) Public Information Officer",REJECTED_DISMISSED
Reference is invited to your RTI application dated 12/05/2026.  forwarded forwarded applicant stipulated. Disclosure of this information would prejudicially affect the sovereignty and security of the state under Section 8(1)(a).  The application is disposed of accordingly. CPIO,REJECTED_DISMISSED
This order disposes of the First Appeal filed by the appellant.  department regarding department department. The information is held by the bank in a fiduciary capacity and is exempt under Section 8(1)(e).  No further intervention is required. Information Commissioner,REJECTED_DISMISSED
"Subject: Information sought under RTI Act, 2005.  appeals regarding stipulated records. Information denied under commercial confidence Section 8(1)(d).  No further intervention is required. Information Commissioner",PARTIALLY_ALLOWED
"With reference to the subject cited above, it is to inform that  stipulated stipulated appeals perusal. The requested information runs into 150 pages. You are directed to pay Rs. 1500 towards compilation and search charges.  Hence your application is rejected. (Signature) Public Information Officer",OVERTURNED_ALLOWED
"With reference to the subject cited above, it is to inform that  regarding department appeals regarding. The PIO failed to furnish the requested information within the mandatory 30-day period stipulated under Section 7(1).  Hence your application is rejected. (Signature) Public Information Officer",OVERTURNED_ALLOWED
Reference is invited to your RTI application dated 12/05/2026.  records forwarded appeals perusal. The information is held by the bank in a fiduciary capacity and is exempt under Section 8(1)(e).  The application is disposed of accordingly. CPIO,REJECTED_DISMISSED
"With reference to the subject cited above, it is to inform that  officials stipulated records appeals. The information sought qualifies as personal information of a third party, causing an unwarranted invasion of privacy under Section 8(1)(j).  Hence your application is rejected. (Signature) Public Information Officer",REJECTED_DISMISSED
"With reference to the subject cited above, it is to inform that  officials perusal department applicant. The information submitted is in Marathi language and it is not understood. Submit in Hindi or English.  The application is disposed of accordingly. CPIO",OVERTURNED_ALLOWED
"Reference is invited to your RTI application dated 12/05/2026.  officials stipulated applicant appeals. The information sought qualifies as personal information of a third party, causing an unwarranted invasion of privacy under Section 8(1)(j).  Hence your application is rejected. (Signature) Public Information Officer",REJECTED_DISMISSED
Reference is invited to your RTI application dated 12/05/2026.  stipulated records officials records. The organization is exempt under Section 24 of the RTI Act.  The application is disposed of accordingly. CPIO,REJECTED_DISMISSED
This order disposes of the First Appeal filed by the appellant.  regarding forwarded applicant records. Information denied under commercial confidence Section 8(1)(d).  The application is disposed of accordingly. CPIO,PARTIALLY_ALLOWED
This order disposes of the First Appeal filed by the appellant.  department forwarded forwarded officials. You have asked us to investigate and take strict disciplinary action. This does not fall under the definition of information as per Section 2(f).  Hence your application is rejected. (Signature) Public Information Officer,REJECTED_DISMISSED
This order disposes of the First Appeal filed by the appellant.  regarding applicant department officials. The information is held by the bank in a fiduciary capacity and is exempt under Section 8(1)(e).  Hence your application is rejected. (Signature) Public Information Officer,REJECTED_DISMISSED
This order disposes of the First Appeal filed by the appellant.  appeals applicant officials regarding. Information denied under commercial confidence Section 8(1)(d).  No further intervention is required. Information Commissioner,PARTIALLY_ALLOWED
"With reference to the subject cited above, it is to inform that  officials records forwarded regarding. The information sought qualifies as personal information of a third party, causing an unwarranted invasion of privacy under Section 8(1)(j).  No further intervention is required. Information Commissioner",REJECTED_DISMISSED
"With reference to the subject cited above, it is to inform that  department perusal perusal forwarded. The information is held by the bank in a fiduciary capacity and is exempt under Section 8(1)(e).  Hence your application is rejected. (Signature) Public Information Officer",REJECTED_DISMISSED
Reference is invited to your RTI application dated 12/05/2026.  officials officials officials officials. Disclosure of this information would prejudicially affect the sovereignty and security of the state under Section 8(1)(a).  Hence your application is rejected. (Signature) Public Information Officer,REJECTED_DISMISSED
"With reference to the subject cited above, it is to inform that  perusal perusal records department. The information is held by the bank in a fiduciary capacity and is exempt under Section 8(1)(e).  The application is disposed of accordingly. CPIO",REJECTED_DISMISSED
"With reference to the subject cited above, it is to inform that  perusal applicant regarding forwarded. Disclosure of this information would prejudicially affect the sovereignty and security of the state under Section 8(1)(a).  Hence your application is rejected. (Signature) Public Information Officer",REJECTED_DISMISSED
"Subject: Information sought under RTI Act, 2005.  regarding records appeals stipulated. The information submitted is in Marathi language and it is not understood. Submit in Hindi or English.  No further intervention is required. Information Commissioner",OVERTURNED_ALLOWED
"Subject: Information sought under RTI Act, 2005.  appeals records applicant regarding. Information denied under commercial confidence Section 8(1)(d).  The application is disposed of accordingly. CPIO",PARTIALLY_ALLOWED
This order disposes of the First Appeal filed by the appellant.  forwarded stipulated officials appeals. Information denied under commercial confidence Section 8(1)(d).  Hence your application is rejected. (Signature) Public Information Officer,PARTIALLY_ALLOWED
"With reference to the subject cited above, it is to inform that  department department officials applicant. The PIO failed to furnish the requested information within the mandatory 30-day period stipulated under Section 7(1).  No further intervention is required. Information Commissioner",OVERTURNED_ALLOWED
"Subject: Information sought under RTI Act, 2005.  officials regarding applicant stipulated. The organization is exempt under Section 24 of the RTI Act.  Hence your application is rejected. (Signature) Public Information Officer",REJECTED_DISMISSED
Reference is invited to your RTI application dated 12/05/2026.  officials department regarding regarding. The information submitted is in Marathi language and it is not understood. Submit in Hindi or English.  Hence your application is rejected. (Signature) Public Information Officer,OVERTURNED_ALLOWED
Reference is invited to your RTI application dated 12/05/2026.  appeals officials records perusal. The information submitted is in Marathi language and it is not understood. Submit in Hindi or English.  The application is disposed of accordingly. CPIO,OVERTURNED_ALLOWED
Reference is invited to your RTI application dated 12/05/2026.  appeals records records forwarded. The requested information runs into 150 pages. You are directed to pay Rs. 1500 towards compilation and search charges.  No further intervention is required. Information Commissioner,OVERTURNED_ALLOWED
"With reference to the subject cited above, it is to inform that  stipulated department forwarded applicant. The organization is exempt under Section 24 of the RTI Act.  No further intervention is required. Information Commissioner",REJECTED_DISMISSED
Reference is invited to your RTI application dated 12/05/2026.  stipulated department perusal forwarded. The requested information runs into 150 pages. You are directed to pay Rs. 1500 towards compilation and search charges.  The application is disposed of accordingly. CPIO,OVERTURNED_ALLOWED
This order disposes of the First Appeal filed by the appellant.  applicant appeals stipulated regarding. The information submitted is in Marathi language and it is not understood. Submit in Hindi or English.  No further intervention is required. Information Commissioner,OVERTURNED_ALLOWED
Reference is invited to your RTI application dated 12/05/2026.  perusal perusal regarding appeals. Please be informed that this office does not maintain this. You are advised to separately file fresh RTI applications to other offices instead of a Section 6(3) transfer.  The application is disposed of accordingly. CPIO,OVERTURNED_ALLOWED
"Subject: Information sought under RTI Act, 2005.  stipulated stipulated stipulated appeals. Information denied under commercial confidence Section 8(1)(d).  No further intervention is required. Information Commissioner",PARTIALLY_ALLOWED
"With reference to the subject cited above, it is to inform that  officials stipulated regarding records. The organization is exempt under Section 24 of the RTI Act.  The application is disposed of accordingly. CPIO",REJECTED_DISMISSED
"Subject: Information sought under RTI Act, 2005.  perusal appeals regarding regarding. Disclosure of this information would prejudicially affect the sovereignty and security of the state under Section 8(1)(a).  No further intervention is required. Information Commissioner",REJECTED_DISMISSED
"Subject: Information sought under RTI Act, 2005.  officials appeals applicant forwarded. The information sought qualifies as personal information of a third party, causing an unwarranted invasion of privacy under Section 8(1)(j).  No further intervention is required. Information Commissioner",REJECTED_DISMISSED
"Subject: Information sought under RTI Act, 2005.  records appeals regarding officials. Please be informed that this office does not maintain this. You are advised to separately file fresh RTI applications to other offices instead of a Section 6(3) transfer.  Hence your application is rejected. (Signature) Public Information Officer",OVERTURNED_ALLOWED
"With reference to the subject cited above, it is to inform that  applicant applicant perusal forwarded. The information sought qualifies as personal information of a third party, causing an unwarranted invasion of privacy under Section 8(1)(j).  No further intervention is required. Information Commissioner",REJECTED_DISMISSED
"Subject: Information sought under RTI Act, 2005.  stipulated regarding applicant perusal. The information is held by the bank in a fiduciary capacity and is exempt under Section 8(1)(e).  The application is disposed of accordingly. CPIO",REJECTED_DISMISSED
This order disposes of the First Appeal filed by the appellant.  applicant perusal records forwarded. The information submitted is in Marathi language and it is not understood. Submit in Hindi or English.  The application is disposed of accordingly. CPIO,OVERTURNED_ALLOWED
"Subject: Information sought under RTI Act, 2005.  officials officials officials department. Information denied under commercial confidence Section 8(1)(d).  No further intervention is required. Information Commissioner",PARTIALLY_ALLOWED
Reference is invited to your RTI application dated 12/05/2026.  applicant applicant perusal forwarded. Please be informed that this office does not maintain this. You are advised to separately file fresh RTI applications to other offices instead of a Section 6(3) transfer.  The application is disposed of accordingly. CPIO,OVERTURNED_ALLOWED
"Subject: Information sought under RTI Act, 2005.  appeals appeals officials stipulated. The PIO failed to furnish the requested information within the mandatory 30-day period stipulated under Section 7(1).  No further intervention is required. Information Commissioner",OVERTURNED_ALLOWED
"Subject: Information sought under RTI Act, 2005.  perusal records department regarding. Information denied under commercial confidence Section 8(1)(d).  The application is disposed of accordingly. CPIO",PARTIALLY_ALLOWED
Reference is invited to your RTI application dated 12/05/2026.  records officials stipulated appeals. The information submitted is in Marathi language and it is not understood. Submit in Hindi or English.  The application is disposed of accordingly. CPIO,OVERTURNED_ALLOWED
Reference is invited to your RTI application dated 12/05/2026.  forwarded stipulated forwarded forwarded. Please be informed that this office does not maintain this. You are advised to separately file fresh RTI applications to other offices instead of a Section 6(3) transfer.  Hence your application is rejected. (Signature) Public Information Officer,OVERTURNED_ALLOWED
"With reference to the subject cited above, it is to inform that  officials department regarding appeals. The information sought qualifies as personal information of a third party, causing an unwarranted invasion of privacy under Section 8(1)(j).  Hence your application is rejected. (Signature) Public Information Officer",REJECTED_DISMISSED
This order disposes of the First Appeal filed by the appellant.  regarding appeals applicant department. The requested information runs into 150 pages. You are directed to pay Rs. 1500 towards compilation and search charges.  The application is disposed of accordingly. CPIO,OVERTURNED_ALLOWED
This order disposes of the First Appeal filed by the appellant.  department stipulated stipulated stipulated. The PIO failed to furnish the requested information within the mandatory 30-day period stipulated under Section 7(1).  The application is disposed of accordingly. CPIO,OVERTURNED_ALLOWED
"With reference to the subject cited above, it is to inform that  regarding department stipulated regarding. The requested information runs into 150 pages. You are directed to pay Rs. 1500 towards compilation and search charges.  The application is disposed of accordingly. CPIO",OVERTURNED_ALLOWED
"Subject: Information sought under RTI Act, 2005.  regarding regarding applicant appeals. The information submitted is in Marathi language and it is not understood. Submit in Hindi or English.  No further intervention is required. Information Commissioner",OVERTURNED_ALLOWED
"Subject: Information sought under RTI Act, 2005.  regarding records appeals regarding. Please be informed that this office does not maintain this. You are advised to separately file fresh RTI applications to other offices instead of a Section 6(3) transfer.  The application is disposed of accordingly. CPIO",OVERTURNED_ALLOWED
Reference is invited to your RTI application dated 12/05/2026.  records records records stipulated. Information denied under commercial confidence Section 8(1)(d).  The application is disposed of accordingly. CPIO,PARTIALLY_ALLOWED
This order disposes of the First Appeal filed by the appellant.  stipulated department forwarded forwarded. You have asked us to investigate and take strict disciplinary action. This does not fall under the definition of information as per Section 2(f).  The application is disposed of accordingly. CPIO,REJECTED_DISMISSED
"With reference to the subject cited above, it is to inform that  appeals forwarded department regarding. The information submitted is in Marathi language and it is not understood. Submit in Hindi or English.  Hence your application is rejected. (Signature) Public Information Officer",OVERTURNED_ALLOWED
"This order disposes of the First Appeal filed by the appellant.  applicant officials stipulated perusal. The information sought qualifies as personal information of a third party, causing an unwarranted invasion of privacy under Section 8(1)(j).  Hence your application is rejected. (Signature) Public Information Officer",REJECTED_DISMISSED
Reference is invited to your RTI application dated 12/05/2026.  perusal perusal regarding applicant. The requested information runs into 150 pages. You are directed to pay Rs. 1500 towards compilation and search charges.  No further intervention is required. Information Commissioner,OVERTURNED_ALLOWED
"With reference to the subject cited above, it is to inform that  department appeals applicant department. The information is held by the bank in a fiduciary capacity and is exempt under Section 8(1)(e).  The application is disposed of accordingly. CPIO",REJECTED_DISMISSED
Reference is invited to your RTI application dated 12/05/2026.  perusal perusal appeals perusal. The information is held by the bank in a fiduciary capacity and is exempt under Section 8(1)(e).  The application is disposed of accordingly. CPIO,REJECTED_DISMISSED
This order disposes of the First Appeal filed by the appellant.  records perusal appeals officials. The PIO failed to furnish the requested information within the mandatory 30-day period stipulated under Section 7(1).  The application is disposed of accordingly. CPIO,OVERTURNED_ALLOWED
"With reference to the subject cited above, it is to inform that  department appeals records department. Disclosure of this information would prejudicially affect the sovereignty and security of the state under Section 8(1)(a).  Hence your application is rejected. (Signature) Public Information Officer",REJECTED_DISMISSED
"With reference to the subject cited above, it is to inform that  regarding records department forwarded. Please be informed that this office does not maintain this. You are advised to separately file fresh RTI applications to other offices instead of a Section 6(3) transfer.  The application is disposed of accordingly. CPIO",OVERTURNED_ALLOWED
"Subject: Information sought under RTI Act, 2005.  regarding regarding regarding perusal. The requested information runs into 150 pages. You are directed to pay Rs. 1500 towards compilation and search charges.  Hence your application is rejected. (Signature) Public Information Officer",OVERTURNED_ALLOWED
"With reference to the subject cited above, it is to inform that  officials regarding applicant forwarded. The PIO failed to furnish the requested information within the mandatory 30-day period stipulated under Section 7(1).  Hence your application is rejected. (Signature) Public Information Officer",OVERTURNED_ALLOWED
This order disposes of the First Appeal filed by the appellant.  appeals regarding officials officials. Information denied under commercial confidence Section 8(1)(d).  The application is disposed of accordingly. CPIO,PARTIALLY_ALLOWED
"Subject: Information sought under RTI Act, 2005.  stipulated department officials forwarded. The information sought qualifies as personal information of a third party, causing an unwarranted invasion of privacy under Section 8(1)(j).  The application is disposed of accordingly. CPIO",REJECTED_DISMISSED
Reference is invited to your RTI application dated 12/05/2026.  appeals forwarded forwarded appeals. Please be informed that this office does not maintain this. You are advised to separately file fresh RTI applications to other offices instead of a Section 6(3) transfer.  Hence your application is rejected. (Signature) Public Information Officer,OVERTURNED_ALLOWED
"Reference is invited to your RTI application dated 12/05/2026.  department stipulated forwarded appeals. The information sought qualifies as personal information of a third party, causing an unwarranted invasion of privacy under Section 8(1)(j).  The application is disposed of accordingly. CPIO",REJECTED_DISMISSED
"With reference to the subject cited above, it is to inform that  officials perusal officials department. You have asked us to investigate and take strict disciplinary action. This does not fall under the definition of information as per Section 2(f).  No further intervention is required. Information Commissioner",REJECTED_DISMISSED
Reference is invited to your RTI application dated 12/05/2026.  stipulated perusal officials applicant. The PIO failed to furnish the requested information within the mandatory 30-day period stipulated under Section 7(1).  Hence your application is rejected. (Signature) Public Information Officer,OVERTURNED_ALLOWED
This order disposes of the First Appeal filed by the appellant.  officials perusal officials officials. The information is held by the bank in a fiduciary capacity and is exempt under Section 8(1)(e).  No further intervention is required. Information Commissioner,REJECTED_DISMISSED
This order disposes of the First Appeal filed by the appellant.  department stipulated regarding appeals. You have asked us to investigate and take strict disciplinary action. This does not fall under the definition of information as per Section 2(f).  The application is disposed of accordingly. CPIO,REJECTED_DISMISSED
"Subject: Information sought under RTI Act, 2005.  applicant perusal perusal forwarded. The organization is exempt under Section 24 of the RTI Act.  Hence your application is rejected. (Signature) Public Information Officer",REJECTED_DISMISSED
"Subject: Information sought under RTI Act, 2005.  applicant perusal stipulated applicant. The organization is exempt under Section 24 of the RTI Act.  No further intervention is required. Information Commissioner",REJECTED_DISMISSED
"With reference to the subject cited above, it is to inform that  department officials forwarded perusal. The information is held by the bank in a fiduciary capacity and is exempt under Section 8(1)(e).  The application is disposed of accordingly. CPIO",REJECTED_DISMISSED
Reference is invited to your RTI application dated 12/05/2026.  records records records department. Please be informed that this office does not maintain this. You are advised to separately file fresh RTI applications to other offices instead of a Section 6(3) transfer.  No further intervention is required. Information Commissioner,OVERTURNED_ALLOWED
"With reference to the subject cited above, it is to inform that  appeals appeals records records. The information submitted is in Marathi language and it is not understood. Submit in Hindi or English.  The application is disposed of accordingly. CPIO",OVERTURNED_ALLOWED
"With reference to the subject cited above, it is to inform that  regarding stipulated perusal regarding. The information submitted is in Marathi language and it is not understood. Submit in Hindi or English.  The application is disposed of accordingly. CPIO",OVERTURNED_ALLOWED
"With reference to the subject cited above, it is to inform that  department records perusal regarding. The information sought qualifies as personal information of a third party, causing an unwarranted invasion of privacy under Section 8(1)(j).  The application is disposed of accordingly. CPIO",REJECTED_DISMISSED
"With reference to the subject cited above, it is to inform that  records officials officials forwarded. The organization is exempt under Section 24 of the RTI Act.  Hence your application is rejected. (Signature) Public Information Officer",REJECTED_DISMISSED
"Subject: Information sought under RTI Act, 2005.  department applicant forwarded stipulated. The organization is exempt under Section 24 of the RTI Act.  No further intervention is required. Information Commissioner",REJECTED_DISMISSED
Reference is invited to your RTI application dated 12/05/2026.  appeals applicant perusal applicant. You have asked us to investigate and take strict disciplinary action. This does not fall under the definition of information as per Section 2(f).  Hence your application is rejected. (Signature) Public Information Officer,REJECTED_DISMISSED
"Subject: Information sought under RTI Act, 2005.  department applicant department stipulated. You have asked us to investigate and take strict disciplinary action. This does not fall under the definition of information as per Section 2(f).  No further intervention is required. Information Commissioner",REJECTED_DISMISSED
"Subject: Information sought under RTI Act, 2005.  stipulated regarding forwarded records. The organization is exempt under Section 24 of the RTI Act.  No further intervention is required. Information Commissioner",REJECTED_DISMISSED
"With reference to the subject cited above, it is to inform that  perusal department forwarded stipulated. Information denied under commercial confidence Section 8(1)(d).  Hence your application is rejected. (Signature) Public Information Officer",PARTIALLY_ALLOWED
"With reference to the subject cited above, it is to inform that  regarding stipulated forwarded officials. The information sought qualifies as personal information of a third party, causing an unwarranted invasion of privacy under Section 8(1)(j).  Hence your application is rejected. (Signature) Public Information Officer",REJECTED_DISMISSED
Reference is invited to your RTI application dated 12/05/2026.  perusal forwarded department records. You have asked us to investigate and take strict disciplinary action. This does not fall under the definition of information as per Section 2(f).  The application is disposed of accordingly. CPIO,REJECTED_DISMISSED
Reference is invited to your RTI application dated 12/05/2026.  officials records records forwarded. The information is held by the bank in a fiduciary capacity and is exempt under Section 8(1)(e).  No further intervention is required. Information Commissioner,REJECTED_DISMISSED
This order disposes of the First Appeal filed by the appellant.  department officials regarding perusal. Disclosure of this information would prejudicially affect the sovereignty and security of the state under Section 8(1)(a).  No further intervention is required. Information Commissioner,REJECTED_DISMISSED
"Subject: Information sought under RTI Act, 2005.  stipulated perusal applicant appeals. The information is held by the bank in a fiduciary capacity and is exempt under Section 8(1)(e).  No further intervention is required. Information Commissioner",REJECTED_DISMISSED
"With reference to the subject cited above, it is to inform that  records department stipulated applicant. Information denied under commercial confidence Section 8(1)(d).  The application is disposed of accordingly. CPIO",PARTIALLY_ALLOWED
"Subject: Information sought under RTI Act, 2005.  officials applicant forwarded perusal. The organization is exempt under Section 24 of the RTI Act.  No further intervention is required. Information Commissioner",REJECTED_DISMISSED
This order disposes of the First Appeal filed by the appellant.  applicant applicant forwarded department. Disclosure of this information would prejudicially affect the sovereignty and security of the state under Section 8(1)(a).  Hence your application is rejected. (Signature) Public Information Officer,REJECTED_DISMISSED
This order disposes of the First Appeal filed by the appellant.  applicant appeals department stipulated. The organization is exempt under Section 24 of the RTI Act.  No further intervention is required. Information Commissioner,REJECTED_DISMISSED
"With reference to the subject cited above, it is to inform that  forwarded applicant applicant forwarded. Disclosure of this information would prejudicially affect the sovereignty and security of the state under Section 8(1)(a).  No further intervention is required. Information Commissioner",REJECTED_DISMISSED
"Subject: Information sought under RTI Act, 2005.  records regarding department applicant. The requested information runs into 150 pages. You are directed to pay Rs. 1500 towards compilation and search charges.  The application is disposed of accordingly. CPIO",OVERTURNED_ALLOWED
This order disposes of the First Appeal filed by the appellant.  forwarded applicant department regarding. Please be informed that this office does not maintain this. You are advised to separately file fresh RTI applications to other offices instead of a Section 6(3) transfer.  The application is disposed of accordingly. CPIO,OVERTURNED_ALLOWED
"Subject: Information sought under RTI Act, 2005.  regarding officials regarding officials. The organization is exempt under Section 24 of the RTI Act.  Hence your application is rejected. (Signature) Public Information Officer",REJECTED_DISMISSED
This order disposes of the First Appeal filed by the appellant.  stipulated records officials applicant. The organization is exempt under Section 24 of the RTI Act.  No further intervention is required. Information Commissioner,REJECTED_DISMISSED
Reference is invited to your RTI application dated 12/05/2026.  stipulated officials applicant forwarded. The information is held by the bank in a fiduciary capacity and is exempt under Section 8(1)(e).  The application is disposed of accordingly. CPIO,REJECTED_DISMISSED
Reference is invited to your RTI application dated 12/05/2026.  department officials officials stipulated. Information denied under commercial confidence Section 8(1)(d).  Hence your application is rejected. (Signature) Public Information Officer,PARTIALLY_ALLOWED
"This order disposes of the First Appeal filed by the appellant.  applicant records perusal applicant. The information sought qualifies as personal information of a third party, causing an unwarranted invasion of privacy under Section 8(1)(j).  No further intervention is required. Information Commissioner",REJECTED_DISMISSED
This order disposes of the First Appeal filed by the appellant.  department applicant department department. You have asked us to investigate and take strict disciplinary action. This does not fall under the definition of information as per Section 2(f).  The application is disposed of accordingly. CPIO,REJECTED_DISMISSED
Reference is invited to your RTI application dated 12/05/2026.  stipulated perusal department perusal. The requested information runs into 150 pages. You are directed to pay Rs. 1500 towards compilation and search charges.  The application is disposed of accordingly. CPIO,OVERTURNED_ALLOWED
"Subject: Information sought under RTI Act, 2005.  records forwarded regarding forwarded. The information sought qualifies as personal information of a third party, causing an unwarranted invasion of privacy under Section 8(1)(j).  Hence your application is rejected. (Signature) Public Information Officer",REJECTED_DISMISSED
Reference is invited to your RTI application dated 12/05/2026.  officials appeals officials records. Disclosure of this information would prejudicially affect the sovereignty and security of the state under Section 8(1)(a).  No further intervention is required. Information Commissioner,REJECTED_DISMISSED
"Reference is invited to your RTI application dated 12/05/2026.  records forwarded records officials. The information sought qualifies as personal information of a third party, causing an unwarranted invasion of privacy under Section 8(1)(j).  No further intervention is required. Information Commissioner",REJECTED_DISMISSED
This order disposes of the First Appeal filed by the appellant.  records regarding department department. The organization is exempt under Section 24 of the RTI Act.  The application is disposed of accordingly. CPIO,REJECTED_DISMISSED
"Subject: Information sought under RTI Act, 2005.  appeals forwarded perusal records. The information sought qualifies as personal information of a third party, causing an unwarranted invasion of privacy under Section 8(1)(j).  The application is disposed of accordingly. CPIO",REJECTED_DISMISSED
"Reference is invited to your RTI application dated 12/05/2026.  records forwarded perusal perusal. The information sought qualifies as personal information of a third party, causing an unwarranted invasion of privacy under Section 8(1)(j).  Hence your application is rejected. (Signature) Public Information Officer",REJECTED_DISMISSED
"Reference is invited to your RTI application dated 12/05/2026.  stipulated officials department appeals. The information sought qualifies as personal information of a third party, causing an unwarranted invasion of privacy under Section 8(1)(j).  No further intervention is required. Information Commissioner",REJECTED_DISMISSED
"Subject: Information sought under RTI Act, 2005.  officials stipulated officials records. The organization is exempt under Section 24 of the RTI Act.  Hence your application is rejected. (Signature) Public Information Officer",REJECTED_DISMISSED
Reference is invited to your RTI application dated 12/05/2026.  appeals regarding regarding forwarded. The information submitted is in Marathi language and it is not understood. Submit in Hindi or English.  The application is disposed of accordingly. CPIO,OVERTURNED_ALLOWED
Reference is invited to your RTI application dated 12/05/2026.  department perusal department applicant. The PIO failed to furnish the requested information within the mandatory 30-day period stipulated under Section 7(1).  No further intervention is required. Information Commissioner,OVERTURNED_ALLOWED
Reference is invited to your RTI application dated 12/05/2026.  officials officials applicant stipulated. The organization is exempt under Section 24 of the RTI Act.  Hence your application is rejected. (Signature) Public Information Officer,REJECTED_DISMISSED
Reference is invited to your RTI application dated 12/05/2026.  regarding applicant regarding regarding. Please be informed that this office does not maintain this. You are advised to separately file fresh RTI applications to other offices instead of a Section 6(3) transfer.  No further intervention is required. Information Commissioner,OVERTURNED_ALLOWED
This order disposes of the First Appeal filed by the appellant.  regarding officials forwarded stipulated. The organization is exempt under Section 24 of the RTI Act.  The application is disposed of accordingly. CPIO,REJECTED_DISMISSED
"With reference to the subject cited above, it is to inform that  stipulated regarding applicant records. The information is held by the bank in a fiduciary capacity and is exempt under Section 8(1)(e).  No further intervention is required. Information Commissioner",REJECTED_DISMISSED
Reference is invited to your RTI application dated 12/05/2026.  regarding officials stipulated records. Disclosure of this information would prejudicially affect the sovereignty and security of the state under Section 8(1)(a).  No further intervention is required. Information Commissioner,REJECTED_DISMISSED
"Subject: Information sought under RTI Act, 2005.  perusal appeals forwarded stipulated. Information denied under commercial confidence Section 8(1)(d).  No further intervention is required. Information Commissioner",PARTIALLY_ALLOWED
Reference is invited to your RTI application dated 12/05/2026.  records department stipulated officials. Please be informed that this office does not maintain this. You are advised to separately file fresh RTI applications to other offices instead of a Section 6(3) transfer.  The application is disposed of accordingly. CPIO,OVERTURNED_ALLOWED
"Subject: Information sought under RTI Act, 2005.  appeals officials forwarded officials. Please be informed that this office does not maintain this. You are advised to separately file fresh RTI applications to other offices instead of a Section 6(3) transfer.  No further intervention is required. Information Commissioner",OVERTURNED_ALLOWED
"Subject: Information sought under RTI Act, 2005.  officials department regarding perusal. The organization is exempt under Section 24 of the RTI Act.  Hence your application is rejected. (Signature) Public Information Officer",REJECTED_DISMISSED
"With reference to the subject cited above, it is to inform that  forwarded appeals applicant forwarded. The organization is exempt under Section 24 of the RTI Act.  No further intervention is required. Information Commissioner",REJECTED_DISMISSED
"Subject: Information sought under RTI Act, 2005.  forwarded officials department department. The information is held by the bank in a fiduciary capacity and is exempt under Section 8(1)(e).  Hence your application is rejected. (Signature) Public Information Officer",REJECTED_DISMISSED
"Subject: Information sought under RTI Act, 2005.  department officials officials officials. The PIO failed to furnish the requested information within the mandatory 30-day period stipulated under Section 7(1).  Hence your application is rejected. (Signature) Public Information Officer",OVERTURNED_ALLOWED
"With reference to the subject cited above, it is to inform that  regarding applicant appeals department. The organization is exempt under Section 24 of the RTI Act.  No further intervention is required. Information Commissioner",REJECTED_DISMISSED
"With reference to the subject cited above, it is to inform that  department perusal regarding perusal. The information sought qualifies as personal information of a third party, causing an unwarranted invasion of privacy under Section 8(1)(j).  The application is disposed of accordingly. CPIO",REJECTED_DISMISSED
This order disposes of the First Appeal filed by the appellant.  records perusal appeals perusal. You have asked us to investigate and take strict disciplinary action. This does not fall under the definition of information as per Section 2(f).  The application is disposed of accordingly. CPIO,REJECTED_DISMISSED
"Subject: Information sought under RTI Act, 2005.  department appeals officials applicant. The information is held by the bank in a fiduciary capacity and is exempt under Section 8(1)(e).  The application is disposed of accordingly. CPIO",REJECTED_DISMISSED
"With reference to the subject cited above, it is to inform that  department applicant officials records. The information sought qualifies as personal information of a third party, causing an unwarranted invasion of privacy under Section 8(1)(j).  The application is disposed of accordingly. CPIO",REJECTED_DISMISSED
"Subject: Information sought under RTI Act, 2005.  records department perusal officials. You have asked us to investigate and take strict disciplinary action. This does not fall under the definition of information as per Section 2(f).  The application is disposed of accordingly. CPIO",REJECTED_DISMISSED
This order disposes of the First Appeal filed by the appellant.  appeals officials regarding regarding. The information submitted is in Marathi language and it is not understood. Submit in Hindi or English.  No further intervention is required. Information Commissioner,OVERTURNED_ALLOWED
Reference is invited to your RTI application dated 12/05/2026.  officials perusal applicant department. The requested information runs into 150 pages. You are directed to pay Rs. 1500 towards compilation and search charges.  No further intervention is required. Information Commissioner,OVERTURNED_ALLOWED
Reference is invited to your RTI application dated 12/05/2026.  records forwarded records applicant. Information denied under commercial confidence Section 8(1)(d).  No further intervention is required. Information Commissioner,PARTIALLY_ALLOWED
"Subject: Information sought under RTI Act, 2005.  forwarded perusal officials department. The information submitted is in Marathi language and it is not understood. Submit in Hindi or English.  The application is disposed of accordingly. CPIO",OVERTURNED_ALLOWED
"Reference is invited to your RTI application dated 12/05/2026.  records perusal officials officials. The information sought qualifies as personal information of a third party, causing an unwarranted invasion of privacy under Section 8(1)(j).  The application is disposed of accordingly. CPIO",REJECTED_DISMISSED
This order disposes of the First Appeal filed by the appellant.  records department forwarded perusal. Please be informed that this office does not maintain this. You are advised to separately file fresh RTI applications to other offices instead of a Section 6(3) transfer.  No further intervention is required. Information Commissioner,OVERTURNED_ALLOWED
This order disposes of the First Appeal filed by the appellant.  forwarded regarding applicant appeals. You have asked us to investigate and take strict disciplinary action. This does not fall under the definition of information as per Section 2(f).  No further intervention is required. Information Commissioner,REJECTED_DISMISSED
"Subject: Information sought under RTI Act, 2005.  regarding department forwarded stipulated. The information submitted is in Marathi language and it is not understood. Submit in Hindi or English.  The application is disposed of accordingly. CPIO",OVERTURNED_ALLOWED
"With reference to the subject cited above, it is to inform that  regarding perusal regarding forwarded. The requested information runs into 150 pages. You are directed to pay Rs. 1500 towards compilation and search charges.  The application is disposed of accordingly. CPIO",OVERTURNED_ALLOWED
"Subject: Information sought under RTI Act, 2005.  perusal perusal stipulated stipulated. Information denied under commercial confidence Section 8(1)(d).  No further intervention is required. Information Commissioner",PARTIALLY_ALLOWED
Reference is invited to your RTI application dated 12/05/2026.  stipulated forwarded records stipulated. Information denied under commercial confidence Section 8(1)(d).  No further intervention is required. Information Commissioner,PARTIALLY_ALLOWED
"Subject: Information sought under RTI Act, 2005.  officials regarding officials stipulated. You have asked us to investigate and take strict disciplinary action. This does not fall under the definition of information as per Section 2(f).  The application is disposed of accordingly. CPIO",REJECTED_DISMISSED
This order disposes of the First Appeal filed by the appellant.  perusal department department stipulated. The organization is exempt under Section 24 of the RTI Act.  Hence your application is rejected. (Signature) Public Information Officer,REJECTED_DISMISSED
Reference is invited to your RTI application dated 12/05/2026.  stipulated appeals department applicant. The information submitted is in Marathi language and it is not understood. Submit in Hindi or English.  No further intervention is required. Information Commissioner,OVERTURNED_ALLOWED
"With reference to the subject cited above, it is to inform that  department officials regarding regarding. Disclosure of this information would prejudicially affect the sovereignty and security of the state under Section 8(1)(a).  Hence your application is rejected. (Signature) Public Information Officer",REJECTED_DISMISSED
This order disposes of the First Appeal filed by the appellant.  regarding perusal regarding appeals. The organization is exempt under Section 24 of the RTI Act.  Hence your application is rejected. (Signature) Public Information Officer,REJECTED_DISMISSED
This order disposes of the First Appeal filed by the appellant.  perusal perusal regarding applicant. The information is held by the bank in a fiduciary capacity and is exempt under Section 8(1)(e).  No further intervention is required. Information Commissioner,REJECTED_DISMISSED
"Subject: Information sought under RTI Act, 2005.  records forwarded officials department. The information submitted is in Marathi language and it is not understood. Submit in Hindi or English.  Hence your application is rejected. (Signature) Public Information Officer",OVERTURNED_ALLOWED
"With reference to the subject cited above, it is to inform that  officials officials department perusal. Please be informed that this office does not maintain this. You are advised to separately file fresh RTI applications to other offices instead of a Section 6(3) transfer.  No further intervention is required. Information Commissioner",OVERTURNED_ALLOWED
"Subject: Information sought under RTI Act, 2005.  forwarded perusal regarding stipulated. The information sought qualifies as personal information of a third party, causing an unwarranted invasion of privacy under Section 8(1)(j).  Hence your application is rejected. (Signature) Public Information Officer",REJECTED_DISMISSED
This order disposes of the First Appeal filed by the appellant.  department officials records stipulated. The requested information runs into 150 pages. You are directed to pay Rs. 1500 towards compilation and search charges.  Hence your application is rejected. (Signature) Public Information Officer,OVERTURNED_ALLOWED
This order disposes of the First Appeal filed by the appellant.  department forwarded perusal officials. The PIO failed to furnish the requested information within the mandatory 30-day period stipulated under Section 7(1).  No further intervention is required. Information Commissioner,OVERTURNED_ALLOWED
Reference is invited to your RTI application dated 12/05/2026.  perusal forwarded records regarding. You have asked us to investigate and take strict disciplinary action. This does not fall under the definition of information as per Section 2(f).  Hence your application is rejected. (Signature) Public Information Officer,REJECTED_DISMISSED
"With reference to the subject cited above, it is to inform that  stipulated regarding records appeals. The information is held by the bank in a fiduciary capacity and is exempt under Section 8(1)(e).  No further intervention is required. Information Commissioner",REJECTED_DISMISSED
"With reference to the subject cited above, it is to inform that  perusal applicant applicant applicant. The information sought qualifies as personal information of a third party, causing an unwarranted invasion of privacy under Section 8(1)(j).  The application is disposed of accordingly. CPIO",REJECTED_DISMISSED
Reference is invited to your RTI application dated 12/05/2026.  appeals applicant forwarded regarding. Please be informed that this office does not maintain this. You are advised to separately file fresh RTI applications to other offices instead of a Section 6(3) transfer.  The application is disposed of accordingly. CPIO,OVERTURNED_ALLOWED
"With reference to the subject cited above, it is to inform that  regarding applicant regarding records. The information submitted is in Marathi language and it is not understood. Submit in Hindi or English.  The application is disposed of accordingly. CPIO",OVERTURNED_ALLOWED
Reference is invited to your RTI application dated 12/05/2026.  applicant appeals stipulated department. The information submitted is in Marathi language and it is not understood. Submit in Hindi or English.  The application is disposed of accordingly. CPIO,OVERTURNED_ALLOWED
"Subject: Information sought under RTI Act, 2005.  stipulated stipulated appeals applicant. The organization is exempt under Section 24 of the RTI Act.  The application is disposed of accordingly. CPIO",REJECTED_DISMISSED
This order disposes of the First Appeal filed by the appellant.  officials records stipulated records. The organization is exempt under Section 24 of the RTI Act.  The application is disposed of accordingly. CPIO,REJECTED_DISMISSED
"Subject: Information sought under RTI Act, 2005.  stipulated applicant applicant officials. Disclosure of this information would prejudicially affect the sovereignty and security of the state under Section 8(1)(a).  The application is disposed of accordingly. CPIO",REJECTED_DISMISSED
Reference is invited to your RTI application dated 12/05/2026.  records applicant department department. The information submitted is in Marathi language and it is not understood. Submit in Hindi or English.  No further intervention is required. Information Commissioner,OVERTURNED_ALLOWED
"With reference to the subject cited above, it is to inform that  perusal applicant regarding stipulated. The organization is exempt under Section 24 of the RTI Act.  The application is disposed of accordingly. CPIO",REJECTED_DISMISSED
Reference is invited to your RTI application dated 12/05/2026.  records perusal regarding appeals. Please be informed that this office does not maintain this. You are advised to separately file fresh RTI applications to other offices instead of a Section 6(3) transfer.  Hence your application is rejected. (Signature) Public Information Officer,OVERTURNED_ALLOWED
"Subject: Information sought under RTI Act, 2005.  regarding stipulated forwarded perusal. Disclosure of this information would prejudicially affect the sovereignty and security of the state under Section 8(1)(a).  Hence your application is rejected. (Signature) Public Information Officer",REJECTED_DISMISSED
"Subject: Information sought under RTI Act, 2005.  regarding applicant department records. Disclosure of this information would prejudicially affect the sovereignty and security of the state under Section 8(1)(a).  No further intervention is required. Information Commissioner",REJECTED_DISMISSED
Reference is invited to your RTI application dated 12/05/2026.  appeals regarding perusal records. The organization is exempt under Section 24 of the RTI Act.  Hence your application is rejected. (Signature) Public Information Officer,REJECTED_DISMISSED
This order disposes of the First Appeal filed by the appellant.  applicant stipulated perusal forwarded. Please be informed that this office does not maintain this. You are advised to separately file fresh RTI applications to other offices instead of a Section 6(3) transfer.  No further intervention is required. Information Commissioner,OVERTURNED_ALLOWED
Reference is invited to your RTI application dated 12/05/2026.  stipulated stipulated perusal records. The information is held by the bank in a fiduciary capacity and is exempt under Section 8(1)(e).  The application is disposed of accordingly. CPIO,REJECTED_DISMISSED
Reference is invited to your RTI application dated 12/05/2026.  appeals officials forwarded stipulated. The organization is exempt under Section 24 of the RTI Act.  Hence your application is rejected. (Signature) Public Information Officer,REJECTED_DISMISSED
"Subject: Information sought under RTI Act, 2005.  forwarded records stipulated regarding. Disclosure of this information would prejudicially affect the sovereignty and security of the state under Section 8(1)(a).  Hence your application is rejected. (Signature) Public Information Officer",REJECTED_DISMISSED
This order disposes of the First Appeal filed by the appellant.  regarding regarding appeals forwarded. The organization is exempt under Section 24 of the RTI Act.  The application is disposed of accordingly. CPIO,REJECTED_DISMISSED
"Subject: Information sought under RTI Act, 2005.  appeals stipulated stipulated records. Disclosure of this information would prejudicially affect the sovereignty and security of the state under Section 8(1)(a).  No further intervention is required. Information Commissioner",REJECTED_DISMISSED
This order disposes of the First Appeal filed by the appellant.  applicant forwarded officials records. You have asked us to investigate and take strict disciplinary action. This does not fall under the definition of information as per Section 2(f).  The application is disposed of accordingly. CPIO,REJECTED_DISMISSED
"Subject: Information sought under RTI Act, 2005.  perusal forwarded applicant appeals. The information is held by the bank in a fiduciary capacity and is exempt under Section 8(1)(e).  Hence your application is rejected. (Signature) Public Information Officer",REJECTED_DISMISSED
"Subject: Information sought under RTI Act, 2005.  records regarding officials appeals. The information sought qualifies as personal information of a third party, causing an unwarranted invasion of privacy under Section 8(1)(j).  The application is disposed of accordingly. CPIO",REJECTED_DISMISSED
"Reference is invited to your RTI application dated 12/05/2026.  regarding forwarded records stipulated. The information sought qualifies as personal information of a third party, causing an unwarranted invasion of privacy under Section 8(1)(j).  The application is disposed of accordingly. CPIO",REJECTED_DISMISSED
"Subject: Information sought under RTI Act, 2005.  records department applicant officials. The information submitted is in Marathi language and it is not understood. Submit in Hindi or English.  Hence your application is rejected. (Signature) Public Information Officer",OVERTURNED_ALLOWED
This order disposes of the First Appeal filed by the appellant.  officials officials stipulated officials. The information submitted is in Marathi language and it is not understood. Submit in Hindi or English.  Hence your application is rejected. (Signature) Public Information Officer,OVERTURNED_ALLOWED
Reference is invited to your RTI application dated 12/05/2026.  perusal applicant records regarding. You have asked us to investigate and take strict disciplinary action. This does not fall under the definition of information as per Section 2(f).  Hence your application is rejected. (Signature) Public Information Officer,REJECTED_DISMISSED
"With reference to the subject cited above, it is to inform that  appeals forwarded officials perusal. Disclosure of this information would prejudicially affect the sovereignty and security of the state under Section 8(1)(a).  The application is disposed of accordingly. CPIO",REJECTED_DISMISSED
"Subject: Information sought under RTI Act, 2005.  forwarded forwarded appeals department. Please be informed that this office does not maintain this. You are advised to separately file fresh RTI applications to other offices instead of a Section 6(3) transfer.  The application is disposed of accordingly. CPIO",OVERTURNED_ALLOWED
This order disposes of the First Appeal filed by the appellant.  officials records records records. The organization is exempt under Section 24 of the RTI Act.  Hence your application is rejected. (Signature) Public Information Officer,REJECTED_DISMISSED
"With reference to the subject cited above, it is to inform that  records department records appeals. Please be informed that this office does not maintain this. You are advised to separately file fresh RTI applications to other offices instead of a Section 6(3) transfer.  No further intervention is required. Information Commissioner",OVERTURNED_ALLOWED
Reference is invited to your RTI application dated 12/05/2026.  stipulated regarding stipulated officials. The information submitted is in Marathi language and it is not understood. Submit in Hindi or English.  Hence your application is rejected. (Signature) Public Information Officer,OVERTURNED_ALLOWED
This order disposes of the First Appeal filed by the appellant.  appeals records perusal stipulated. Information denied under commercial confidence Section 8(1)(d).  No further intervention is required. Information Commissioner,PARTIALLY_ALLOWED
"With reference to the subject cited above, it is to inform that  stipulated applicant stipulated stipulated. The information submitted is in Marathi language and it is not understood. Submit in Hindi or English.  The application is disposed of accordingly. CPIO",OVERTURNED_ALLOWED
"With reference to the subject cited above, it is to inform that  department perusal appeals regarding. Disclosure of this information would prejudicially affect the sovereignty and security of the state under Section 8(1)(a).  Hence your application is rejected. (Signature) Public Information Officer",REJECTED_DISMISSED
"Subject: Information sought under RTI Act, 2005.  stipulated stipulated department forwarded. The organization is exempt under Section 24 of the RTI Act.  Hence your application is rejected. (Signature) Public Information Officer",REJECTED_DISMISSED
This order disposes of the First Appeal filed by the appellant.  department records forwarded officials. The requested information runs into 150 pages. You are directed to pay Rs. 1500 towards compilation and search charges.  The application is disposed of accordingly. CPIO,OVERTURNED_ALLOWED
"Subject: Information sought under RTI Act, 2005.  appeals officials regarding regarding. Information denied under commercial confidence Section 8(1)(d).  The application is disposed of accordingly. CPIO",PARTIALLY_ALLOWED
This order disposes of the First Appeal filed by the appellant.  officials records perusal records. The information submitted is in Marathi language and it is not understood. Submit in Hindi or English.  Hence your application is rejected. (Signature) Public Information Officer,OVERTURNED_ALLOWED
"Subject: Information sought under RTI Act, 2005.  stipulated perusal officials stipulated. The information sought qualifies as personal information of a third party, causing an unwarranted invasion of privacy under Section 8(1)(j).  The application is disposed of accordingly. CPIO",REJECTED_DISMISSED
"With reference to the subject cited above, it is to inform that  officials forwarded department perusal. The information sought qualifies as personal information of a third party, causing an unwarranted invasion of privacy under Section 8(1)(j).  Hence your application is rejected. (Signature) Public Information Officer",REJECTED_DISMISSED
"This order disposes of the First Appeal filed by the appellant.  appeals records applicant records. The information sought qualifies as personal information of a third party, causing an unwarranted invasion of privacy under Section 8(1)(j).  The application is disposed of accordingly. CPIO",REJECTED_DISMISSED
Reference is invited to your RTI application dated 12/05/2026.  appeals perusal department department. Disclosure of this information would prejudicially affect the sovereignty and security of the state under Section 8(1)(a).  The application is disposed of accordingly. CPIO,REJECTED_DISMISSED
"Subject: Information sought under RTI Act, 2005.  perusal officials regarding department. Disclosure of this information would prejudicially affect the sovereignty and security of the state under Section 8(1)(a).  The application is disposed of accordingly. CPIO",REJECTED_DISMISSED
"This order disposes of the First Appeal filed by the appellant.  perusal applicant perusal stipulated. The information sought qualifies as personal information of a third party, causing an unwarranted invasion of privacy under Section 8(1)(j).  The application is disposed of accordingly. CPIO",REJECTED_DISMISSED
"With reference to the subject cited above, it is to inform that  records records department officials. Disclosure of this information would prejudicially affect the sovereignty and security of the state under Section 8(1)(a).  The application is disposed of accordingly. CPIO",REJECTED_DISMISSED
This order disposes of the First Appeal filed by the appellant.  perusal forwarded applicant regarding. The information submitted is in Marathi language and it is not understood. Submit in Hindi or English.  No further intervention is required. Information Commissioner,OVERTURNED_ALLOWED
This order disposes of the First Appeal filed by the appellant.  regarding forwarded records regarding. The PIO failed to furnish the requested information within the mandatory 30-day period stipulated under Section 7(1).  The application is disposed of accordingly. CPIO,OVERTURNED_ALLOWED
"With reference to the subject cited above, it is to inform that  regarding perusal regarding forwarded. The PIO failed to furnish the requested information within the mandatory 30-day period stipulated under Section 7(1).  No further intervention is required. Information Commissioner",OVERTURNED_ALLOWED
"With reference to the subject cited above, it is to inform that  appeals appeals perusal department. The information submitted is in Marathi language and it is not understood. Submit in Hindi or English.  The application is disposed of accordingly. CPIO",OVERTURNED_ALLOWED
This order disposes of the First Appeal filed by the appellant.  perusal officials appeals records. The requested information runs into 150 pages. You are directed to pay Rs. 1500 towards compilation and search charges.  Hence your application is rejected. (Signature) Public Information Officer,OVERTURNED_ALLOWED
"Subject: Information sought under RTI Act, 2005.  department forwarded records perusal. You have asked us to investigate and take strict disciplinary action. This does not fall under the definition of information as per Section 2(f).  No further intervention is required. Information Commissioner",REJECTED_DISMISSED
"With reference to the subject cited above, it is to inform that  stipulated perusal records forwarded. Disclosure of this information would prejudicially affect the sovereignty and security of the state under Section 8(1)(a).  No further intervention is required. Information Commissioner",REJECTED_DISMISSED
"With reference to the subject cited above, it is to inform that  officials stipulated stipulated appeals. The information submitted is in Marathi language and it is not understood. Submit in Hindi or English.  No further intervention is required. Information Commissioner",OVERTURNED_ALLOWED
"Subject: Information sought under RTI Act, 2005.  records applicant department appeals. The requested information runs into 150 pages. You are directed to pay Rs. 1500 towards compilation and search charges.  Hence your application is rejected. (Signature) Public Information Officer",OVERTURNED_ALLOWED
Reference is invited to your RTI application dated 12/05/2026.  forwarded records regarding stipulated. You have asked us to investigate and take strict disciplinary action. This does not fall under the definition of information as per Section 2(f).  No further intervention is required. Information Commissioner,REJECTED_DISMISSED
"Subject: Information sought under RTI Act, 2005.  officials records department officials. The information submitted is in Marathi language and it is not understood. Submit in Hindi or English.  No further intervention is required. Information Commissioner",OVERTURNED_ALLOWED
"With reference to the subject cited above, it is to inform that  department applicant stipulated stipulated. The information submitted is in Marathi language and it is not understood. Submit in Hindi or English.  The application is disposed of accordingly. CPIO",OVERTURNED_ALLOWED
"Subject: Information sought under RTI Act, 2005.  perusal records officials perusal. The information is held by the bank in a fiduciary capacity and is exempt under Section 8(1)(e).  Hence your application is rejected. (Signature) Public Information Officer",REJECTED_DISMISSED
"Subject: Information sought under RTI Act, 2005.  officials stipulated officials department. The organization is exempt under Section 24 of the RTI Act.  The application is disposed of accordingly. CPIO",REJECTED_DISMISSED
"Subject: Information sought under RTI Act, 2005.  perusal appeals perusal department. You have asked us to investigate and take strict disciplinary action. This does not fall under the definition of information as per Section 2(f).  Hence your application is rejected. (Signature) Public Information Officer",REJECTED_DISMISSED
Reference is invited to your RTI application dated 12/05/2026.  forwarded regarding forwarded appeals. The requested information runs into 150 pages. You are directed to pay Rs. 1500 towards compilation and search charges.  Hence your application is rejected. (Signature) Public Information Officer,OVERTURNED_ALLOWED
This order disposes of the First Appeal filed by the appellant.  applicant appeals department records. You have asked us to investigate and take strict disciplinary action. This does not fall under the definition of information as per Section 2(f).  No further intervention is required. Information Commissioner,REJECTED_DISMISSED
"Subject: Information sought under RTI Act, 2005.  officials records stipulated applicant. Information denied under commercial confidence Section 8(1)(d).  The application is disposed of accordingly. CPIO",PARTIALLY_ALLOWED
Reference is invited to your RTI application dated 12/05/2026.  officials forwarded regarding applicant. The PIO failed to furnish the requested information within the mandatory 30-day period stipulated under Section 7(1).  The application is disposed of accordingly. CPIO,OVERTURNED_ALLOWED
Reference is invited to your RTI application dated 12/05/2026.  department forwarded appeals stipulated. You have asked us to investigate and take strict disciplinary action. This does not fall under the definition of information as per Section 2(f).  No further intervention is required. Information Commissioner,REJECTED_DISMISSED
Reference is invited to your RTI application dated 12/05/2026.  stipulated forwarded appeals forwarded. The information submitted is in Marathi language and it is not understood. Submit in Hindi or English.  Hence your application is rejected. (Signature) Public Information Officer,OVERTURNED_ALLOWED
This order disposes of the First Appeal filed by the appellant.  records forwarded records applicant. The PIO failed to furnish the requested information within the mandatory 30-day period stipulated under Section 7(1).  The application is disposed of accordingly. CPIO,OVERTURNED_ALLOWED
"Subject: Information sought under RTI Act, 2005.  perusal regarding forwarded records. Please be informed that this office does not maintain this. You are advised to separately file fresh RTI applications to other offices instead of a Section 6(3) transfer.  The application is disposed of accordingly. CPIO",OVERTURNED_ALLOWED
"Subject: Information sought under RTI Act, 2005.  department officials officials department. Information denied under commercial confidence Section 8(1)(d).  The application is disposed of accordingly. CPIO",PARTIALLY_ALLOWED
Reference is invited to your RTI application dated 12/05/2026.  appeals department appeals department. The information is held by the bank in a fiduciary capacity and is exempt under Section 8(1)(e).  Hence your application is rejected. (Signature) Public Information Officer,REJECTED_DISMISSED
This order disposes of the First Appeal filed by the appellant.  perusal applicant applicant department. The requested information runs into 150 pages. You are directed to pay Rs. 1500 towards compilation and search charges.  Hence your application is rejected. (Signature) Public Information Officer,OVERTURNED_ALLOWED
Reference is invited to your RTI application dated 12/05/2026.  records applicant stipulated forwarded. Please be informed that this office does not maintain this. You are advised to separately file fresh RTI applications to other offices instead of a Section 6(3) transfer.  Hence your application is rejected. (Signature) Public Information Officer,OVERTURNED_ALLOWED
"Reference is invited to your RTI application dated 12/05/2026.  perusal applicant officials department. The information sought qualifies as personal information of a third party, causing an unwarranted invasion of privacy under Section 8(1)(j).  Hence your application is rejected. (Signature) Public Information Officer",REJECTED_DISMISSED
This order disposes of the First Appeal filed by the appellant.  officials applicant officials stipulated. The organization is exempt under Section 24 of the RTI Act.  The application is disposed of accordingly. CPIO,REJECTED_DISMISSED
This order disposes of the First Appeal filed by the appellant.  stipulated department forwarded records. The information is held by the bank in a fiduciary capacity and is exempt under Section 8(1)(e).  Hence your application is rejected. (Signature) Public Information Officer,REJECTED_DISMISSED
"With reference to the subject cited above, it is to inform that  records records perusal records. Information denied under commercial confidence Section 8(1)(d).  No further intervention is required. Information Commissioner",PARTIALLY_ALLOWED
"Subject: Information sought under RTI Act, 2005.  appeals officials forwarded records. You have asked us to investigate and take strict disciplinary action. This does not fall under the definition of information as per Section 2(f).  No further intervention is required. Information Commissioner",REJECTED_DISMISSED
Reference is invited to your RTI application dated 12/05/2026.  records officials records records. Please be informed that this office does not maintain this. You are advised to separately file fresh RTI applications to other offices instead of a Section 6(3) transfer.  No further intervention is required. Information Commissioner,OVERTURNED_ALLOWED
"With reference to the subject cited above, it is to inform that  officials perusal stipulated perusal. Please be informed that this office does not maintain this. You are advised to separately file fresh RTI applications to other offices instead of a Section 6(3) transfer.  No further intervention is required. Information Commissioner",OVERTURNED_ALLOWED
"Subject: Information sought under RTI Act, 2005.  perusal records stipulated records. The PIO failed to furnish the requested information within the mandatory 30-day period stipulated under Section 7(1).  No further intervention is required. Information Commissioner",OVERTURNED_ALLOWED
"With reference to the subject cited above, it is to inform that  perusal appeals perusal regarding. Please be informed that this office does not maintain this. You are advised to separately file fresh RTI applications to other offices instead of a Section 6(3) transfer.  No further intervention is required. Information Commissioner",OVERTURNED_ALLOWED
Reference is invited to your RTI application dated 12/05/2026.  department regarding regarding department. Please be informed that this office does not maintain this. You are advised to separately file fresh RTI applications to other offices instead of a Section 6(3) transfer.  Hence your application is rejected. (Signature) Public Information Officer,OVERTURNED_ALLOWED
Reference is invited to your RTI application dated 12/05/2026.  perusal records applicant appeals. The information is held by the bank in a fiduciary capacity and is exempt under Section 8(1)(e).  No further intervention is required. Information Commissioner,REJECTED_DISMISSED
"Subject: Information sought under RTI Act, 2005.  applicant regarding forwarded perusal. Disclosure of this information would prejudicially affect the sovereignty and security of the state under Section 8(1)(a).  Hence your application is rejected. (Signature) Public Information Officer",REJECTED_DISMISSED
Reference is invited to your RTI application dated 12/05/2026.  stipulated applicant forwarded officials. The requested information runs into 150 pages. You are directed to pay Rs. 1500 towards compilation and search charges.  The application is disposed of accordingly. CPIO,OVERTURNED_ALLOWED
Reference is invited to your RTI application dated 12/05/2026.  records applicant officials regarding. Information denied under commercial confidence Section 8(1)(d).  No further intervention is required. Information Commissioner,PARTIALLY_ALLOWED
This order disposes of the First Appeal filed by the appellant.  regarding appeals stipulated department. The PIO failed to furnish the requested information within the mandatory 30-day period stipulated under Section 7(1).  No further intervention is required. Information Commissioner,OVERTURNED_ALLOWED
This order disposes of the First Appeal filed by the appellant.  perusal perusal applicant applicant. Please be informed that this office does not maintain this. You are advised to separately file fresh RTI applications to other offices instead of a Section 6(3) transfer.  No further intervention is required. Information Commissioner,OVERTURNED_ALLOWED
"Subject: Information sought under RTI Act, 2005.  applicant stipulated regarding officials. You have asked us to investigate and take strict disciplinary action. This does not fall under the definition of information as per Section 2(f).  No further intervention is required. Information Commissioner",REJECTED_DISMISSED
"With reference to the subject cited above, it is to inform that  perusal records perusal forwarded. The information sought qualifies as personal information of a third party, causing an unwarranted invasion of privacy under Section 8(1)(j).  No further intervention is required. Information Commissioner",REJECTED_DISMISSED
"Subject: Information sought under RTI Act, 2005.  officials stipulated perusal officials. The information sought qualifies as personal information of a third party, causing an unwarranted invasion of privacy under Section 8(1)(j).  No further intervention is required. Information Commissioner",REJECTED_DISMISSED
"Subject: Information sought under RTI Act, 2005.  perusal department applicant forwarded. The information submitted is in Marathi language and it is not understood. Submit in Hindi or English.  No further intervention is required. Information Commissioner",OVERTURNED_ALLOWED
"Subject: Information sought under RTI Act, 2005.  records stipulated applicant forwarded. You have asked us to investigate and take strict disciplinary action. This does not fall under the definition of information as per Section 2(f).  The application is disposed of accordingly. CPIO",REJECTED_DISMISSED
Reference is invited to your RTI application dated 12/05/2026.  forwarded appeals appeals department. Please be informed that this office does not maintain this. You are advised to separately file fresh RTI applications to other offices instead of a Section 6(3) transfer.  No further intervention is required. Information Commissioner,OVERTURNED_ALLOWED
"Subject: Information sought under RTI Act, 2005.  forwarded records perusal perusal. Information denied under commercial confidence Section 8(1)(d).  Hence your application is rejected. (Signature) Public Information Officer",PARTIALLY_ALLOWED
Reference is invited to your RTI application dated 12/05/2026.  stipulated department stipulated perusal. You have asked us to investigate and take strict disciplinary action. This does not fall under the definition of information as per Section 2(f).  Hence your application is rejected. (Signature) Public Information Officer,REJECTED_DISMISSED
This order disposes of the First Appeal filed by the appellant.  regarding stipulated forwarded applicant. Information denied under commercial confidence Section 8(1)(d).  The application is disposed of accordingly. CPIO,PARTIALLY_ALLOWED
"Subject: Information sought under RTI Act, 2005.  records forwarded applicant officials. Please be informed that this office does not maintain this. You are advised to separately file fresh RTI applications to other offices instead of a Section 6(3) transfer.  The application is disposed of accordingly. CPIO",OVERTURNED_ALLOWED
Reference is invited to your RTI application dated 12/05/2026.  regarding officials stipulated officials. Information denied under commercial confidence Section 8(1)(d).  No further intervention is required. Information Commissioner,PARTIALLY_ALLOWED
"Subject: Information sought under RTI Act, 2005.  stipulated officials officials appeals. The information is held by the bank in a fiduciary capacity and is exempt under Section 8(1)(e).  The application is disposed of accordingly. CPIO",REJECTED_DISMISSED
Reference is invited to your RTI application dated 12/05/2026.  regarding records appeals perusal. The information is held by the bank in a fiduciary capacity and is exempt under Section 8(1)(e).  No further intervention is required. Information Commissioner,REJECTED_DISMISSED
"Subject: Information sought under RTI Act, 2005.  department applicant forwarded forwarded. The information submitted is in Marathi language and it is not understood. Submit in Hindi or English.  No further intervention is required. Information Commissioner",OVERTURNED_ALLOWED
Reference is invited to your RTI application dated 12/05/2026.  appeals stipulated department regarding. The information is held by the bank in a fiduciary capacity and is exempt under Section 8(1)(e).  Hence your application is rejected. (Signature) Public Information Officer,REJECTED_DISMISSED
Reference is invited to your RTI application dated 12/05/2026.  appeals stipulated stipulated applicant. The information is held by the bank in a fiduciary capacity and is exempt under Section 8(1)(e).  No further intervention is required. Information Commissioner,REJECTED_DISMISSED
This order disposes of the First Appeal filed by the appellant.  department stipulated perusal perusal. The organization is exempt under Section 24 of the RTI Act.  The application is disposed of accordingly. CPIO,REJECTED_DISMISSED
This order disposes of the First Appeal filed by the appellant.  appeals stipulated applicant perusal. The PIO failed to furnish the requested information within the mandatory 30-day period stipulated under Section 7(1).  Hence your application is rejected. (Signature) Public Information Officer,OVERTURNED_ALLOWED
Reference is invited to your RTI application dated 12/05/2026.  stipulated stipulated appeals perusal. The information is held by the bank in a fiduciary capacity and is exempt under Section 8(1)(e).  No further intervention is required. Information Commissioner,REJECTED_DISMISSED
Reference is invited to your RTI application dated 12/05/2026.  forwarded perusal forwarded stipulated. Please be informed that this office does not maintain this. You are advised to separately file fresh RTI applications to other offices instead of a Section 6(3) transfer.  The application is disposed of accordingly. CPIO,OVERTURNED_ALLOWED
This order disposes of the First Appeal filed by the appellant.  forwarded appeals applicant department. The requested information runs into 150 pages. You are directed to pay Rs. 1500 towards compilation and search charges.  The application is disposed of accordingly. CPIO,OVERTURNED_ALLOWED
Reference is invited to your RTI application dated 12/05/2026.  appeals perusal department officials. The requested information runs into 150 pages. You are directed to pay Rs. 1500 towards compilation and search charges.  Hence your application is rejected. (Signature) Public Information Officer,OVERTURNED_ALLOWED
"Subject: Information sought under RTI Act, 2005.  applicant department records regarding. The information sought qualifies as personal information of a third party, causing an unwarranted invasion of privacy under Section 8(1)(j).  Hence your application is rejected. (Signature) Public Information Officer",REJECTED_DISMISSED
This order disposes of the First Appeal filed by the appellant.  department records applicant records. The organization is exempt under Section 24 of the RTI Act.  No further intervention is required. Information Commissioner,REJECTED_DISMISSED
This order disposes of the First Appeal filed by the appellant.  stipulated forwarded records appeals. The requested information runs into 150 pages. You are directed to pay Rs. 1500 towards compilation and search charges.  No further intervention is required. Information Commissioner,OVERTURNED_ALLOWED
Reference is invited to your RTI application dated 12/05/2026.  officials perusal regarding perusal. The information submitted is in Marathi language and it is not understood. Submit in Hindi or English.  The application is disposed of accordingly. CPIO,OVERTURNED_ALLOWED
Reference is invited to your RTI application dated 12/05/2026.  perusal perusal forwarded stipulated. The information is held by the bank in a fiduciary capacity and is exempt under Section 8(1)(e).  Hence your application is rejected. (Signature) Public Information Officer,REJECTED_DISMISSED
Reference is invited to your RTI application dated 12/05/2026.  officials perusal appeals stipulated. Information denied under commercial confidence Section 8(1)(d).  Hence your application is rejected. (Signature) Public Information Officer,PARTIALLY_ALLOWED
Reference is invited to your RTI application dated 12/05/2026.  officials records department records. You have asked us to investigate and take strict disciplinary action. This does not fall under the definition of information as per Section 2(f).  The application is disposed of accordingly. CPIO,REJECTED_DISMISSED
"With reference to the subject cited above, it is to inform that  regarding forwarded appeals records. The requested information runs into 150 pages. You are directed to pay Rs. 1500 towards compilation and search charges.  No further intervention is required. Information Commissioner",OVERTURNED_ALLOWED
"This order disposes of the First Appeal filed by the appellant.  applicant stipulated appeals forwarded. The information sought qualifies as personal information of a third party, causing an unwarranted invasion of privacy under Section 8(1)(j).  Hence your application is rejected. (Signature) Public Information Officer",REJECTED_DISMISSED
"Subject: Information sought under RTI Act, 2005.  officials forwarded officials regarding. Information denied under commercial confidence Section 8(1)(d).  Hence your application is rejected. (Signature) Public Information Officer",PARTIALLY_ALLOWED
"Subject: Information sought under RTI Act, 2005.  stipulated stipulated department applicant. Please be informed that this office does not maintain this. You are advised to separately file fresh RTI applications to other offices instead of a Section 6(3) transfer.  Hence your application is rejected. (Signature) Public Information Officer",OVERTURNED_ALLOWED
This order disposes of the First Appeal filed by the appellant.  perusal stipulated appeals perusal. The information submitted is in Marathi language and it is not understood. Submit in Hindi or English.  The application is disposed of accordingly. CPIO,OVERTURNED_ALLOWED
"With reference to the subject cited above, it is to inform that  department department records officials. Please be informed that this office does not maintain this. You are advised to separately file fresh RTI applications to other offices instead of a Section 6(3) transfer.  No further intervention is required. Information Commissioner",OVERTURNED_ALLOWED
This order disposes of the First Appeal filed by the appellant.  forwarded stipulated forwarded applicant. The organization is exempt under Section 24 of the RTI Act.  The application is disposed of accordingly. CPIO,REJECTED_DISMISSED
This order disposes of the First Appeal filed by the appellant.  perusal forwarded department appeals. The PIO failed to furnish the requested information within the mandatory 30-day period stipulated under Section 7(1).  The application is disposed of accordingly. CPIO,OVERTURNED_ALLOWED
This order disposes of the First Appeal filed by the appellant.  applicant officials stipulated stipulated. The requested information runs into 150 pages. You are directed to pay Rs. 1500 towards compilation and search charges.  No further intervention is required. Information Commissioner,OVERTURNED_ALLOWED
"With reference to the subject cited above, it is to inform that  department department department regarding. Information denied under commercial confidence Section 8(1)(d).  No further intervention is required. Information Commissioner",PARTIALLY_ALLOWED
"Subject: Information sought under RTI Act, 2005.  perusal perusal appeals regarding. Disclosure of this information would prejudicially affect the sovereignty and security of the state under Section 8(1)(a).  No further intervention is required. Information Commissioner",REJECTED_DISMISSED
Reference is invited to your RTI application dated 12/05/2026.  department officials records perusal. You have asked us to investigate and take strict disciplinary action. This does not fall under the definition of information as per Section 2(f).  No further intervention is required. Information Commissioner,REJECTED_DISMISSED
This order disposes of the First Appeal filed by the appellant.  records department appeals stipulated. You have asked us to investigate and take strict disciplinary action. This does not fall under the definition of information as per Section 2(f).  The application is disposed of accordingly. CPIO,REJECTED_DISMISSED
Reference is invited to your RTI application dated 12/05/2026.  appeals applicant department department. The information is held by the bank in a fiduciary capacity and is exempt under Section 8(1)(e).  The application is disposed of accordingly. CPIO,REJECTED_DISMISSED
This order disposes of the First Appeal filed by the appellant.  records appeals records appeals. Disclosure of this information would prejudicially affect the sovereignty and security of the state under Section 8(1)(a).  The application is disposed of accordingly. CPIO,REJECTED_DISMISSED
"With reference to the subject cited above, it is to inform that  applicant stipulated appeals perusal. Disclosure of this information would prejudicially affect the sovereignty and security of the state under Section 8(1)(a).  Hence your application is rejected. (Signature) Public Information Officer",REJECTED_DISMISSED
Reference is invited to your RTI application dated 12/05/2026.  records officials regarding forwarded. The PIO failed to furnish the requested information within the mandatory 30-day period stipulated under Section 7(1).  No further intervention is required. Information Commissioner,OVERTURNED_ALLOWED
"With reference to the subject cited above, it is to inform that  perusal records perusal regarding. The requested information runs into 150 pages. You are directed to pay Rs. 1500 towards compilation and search charges.  No further intervention is required. Information Commissioner",OVERTURNED_ALLOWED
"Subject: Information sought under RTI Act, 2005.  officials applicant appeals department. The information is held by the bank in a fiduciary capacity and is exempt under Section 8(1)(e).  The application is disposed of accordingly. CPIO",REJECTED_DISMISSED
"Subject: Information sought under RTI Act, 2005.  applicant forwarded records perusal. The requested information runs into 150 pages. You are directed to pay Rs. 1500 towards compilation and search charges.  No further intervention is required. Information Commissioner",OVERTURNED_ALLOWED
Reference is invited to your RTI application dated 12/05/2026.  department officials forwarded applicant. The organization is exempt under Section 24 of the RTI Act.  No further intervention is required. Information Commissioner,REJECTED_DISMISSED
This order disposes of the First Appeal filed by the appellant.  appeals regarding records forwarded. The information is held by the bank in a fiduciary capacity and is exempt under Section 8(1)(e).  The application is disposed of accordingly. CPIO,REJECTED_DISMISSED
This order disposes of the First Appeal filed by the appellant.  appeals applicant forwarded officials. The PIO failed to furnish the requested information within the mandatory 30-day period stipulated under Section 7(1).  The application is disposed of accordingly. CPIO,OVERTURNED_ALLOWED
Reference is invited to your RTI application dated 12/05/2026.  applicant perusal regarding applicant. The PIO failed to furnish the requested information within the mandatory 30-day period stipulated under Section 7(1).  Hence your application is rejected. (Signature) Public Information Officer,OVERTURNED_ALLOWED
This order disposes of the First Appeal filed by the appellant.  stipulated applicant forwarded perusal. The organization is exempt under Section 24 of the RTI Act.  The application is disposed of accordingly. CPIO,REJECTED_DISMISSED
This order disposes of the First Appeal filed by the appellant.  department applicant stipulated appeals. Please be informed that this office does not maintain this. You are advised to separately file fresh RTI applications to other offices instead of a Section 6(3) transfer.  Hence your application is rejected. (Signature) Public Information Officer,OVERTURNED_ALLOWED
"With reference to the subject cited above, it is to inform that  department department department perusal. Please be informed that this office does not maintain this. You are advised to separately file fresh RTI applications to other offices instead of a Section 6(3) transfer.  The application is disposed of accordingly. CPIO",OVERTURNED_ALLOWED
"Subject: Information sought under RTI Act, 2005.  records records officials perusal. You have asked us to investigate and take strict disciplinary action. This does not fall under the definition of information as per Section 2(f).  Hence your application is rejected. (Signature) Public Information Officer",REJECTED_DISMISSED
"With reference to the subject cited above, it is to inform that  perusal records stipulated regarding. The information submitted is in Marathi language and it is not understood. Submit in Hindi or English.  Hence your application is rejected. (Signature) Public Information Officer",OVERTURNED_ALLOWED
Reference is invited to your RTI application dated 12/05/2026.  appeals perusal officials department. The organization is exempt under Section 24 of the RTI Act.  Hence your application is rejected. (Signature) Public Information Officer,REJECTED_DISMISSED
This order disposes of the First Appeal filed by the appellant.  perusal regarding officials applicant. The requested information runs into 150 pages. You are directed to pay Rs. 1500 towards compilation and search charges.  Hence your application is rejected. (Signature) Public Information Officer,OVERTURNED_ALLOWED
"Subject: Information sought under RTI Act, 2005.  regarding stipulated department applicant. The PIO failed to furnish the requested information within the mandatory 30-day period stipulated under Section 7(1).  The application is disposed of accordingly. CPIO",OVERTURNED_ALLOWED
This order disposes of the First Appeal filed by the appellant.  stipulated regarding applicant appeals. Disclosure of this information would prejudicially affect the sovereignty and security of the state under Section 8(1)(a).  The application is disposed of accordingly. CPIO,REJECTED_DISMISSED
"With reference to the subject cited above, it is to inform that  officials regarding records department. The information is held by the bank in a fiduciary capacity and is exempt under Section 8(1)(e).  Hence your application is rejected. (Signature) Public Information Officer",REJECTED_DISMISSED
"Subject: Information sought under RTI Act, 2005.  stipulated department department regarding. The organization is exempt under Section 24 of the RTI Act.  The application is disposed of accordingly. CPIO",REJECTED_DISMISSED
Reference is invited to your RTI application dated 12/05/2026.  forwarded forwarded appeals perusal. Disclosure of this information would prejudicially affect the sovereignty and security of the state under Section 8(1)(a).  The application is disposed of accordingly. CPIO,REJECTED_DISMISSED
"Subject: Information sought under RTI Act, 2005.  perusal perusal forwarded perusal. The organization is exempt under Section 24 of the RTI Act.  The application is disposed of accordingly. CPIO",REJECTED_DISMISSED
"With reference to the subject cited above, it is to inform that  records department perusal applicant. You have asked us to investigate and take strict disciplinary action. This does not fall under the definition of information as per Section 2(f).  No further intervention is required. Information Commissioner",REJECTED_DISMISSED
This order disposes of the First Appeal filed by the appellant.  regarding perusal department officials. The PIO failed to furnish the requested information within the mandatory 30-day period stipulated under Section 7(1).  Hence your application is rejected. (Signature) Public Information Officer,OVERTURNED_ALLOWED
"With reference to the subject cited above, it is to inform that  stipulated perusal perusal regarding. The requested information runs into 150 pages. You are directed to pay Rs. 1500 towards compilation and search charges.  The application is disposed of accordingly. CPIO",OVERTURNED_ALLOWED
This order disposes of the First Appeal filed by the appellant.  appeals regarding appeals records. Information denied under commercial confidence Section 8(1)(d).  No further intervention is required. Information Commissioner,PARTIALLY_ALLOWED
"Reference is invited to your RTI application dated 12/05/2026.  stipulated applicant perusal regarding. The information sought qualifies as personal information of a third party, causing an unwarranted invasion of privacy under Section 8(1)(j).  Hence your application is rejected. (Signature) Public Information Officer",REJECTED_DISMISSED
"This order disposes of the First Appeal filed by the appellant.  officials forwarded records records. The information sought qualifies as personal information of a third party, causing an unwarranted invasion of privacy under Section 8(1)(j).  Hence your application is rejected. (Signature) Public Information Officer",REJECTED_DISMISSED
Reference is invited to your RTI application dated 12/05/2026.  records perusal forwarded records. Please be informed that this office does not maintain this. You are advised to separately file fresh RTI applications to other offices instead of a Section 6(3) transfer.  No further intervention is required. Information Commissioner,OVERTURNED_ALLOWED
"Subject: Information sought under RTI Act, 2005.  forwarded regarding records perusal. The information is held by the bank in a fiduciary capacity and is exempt under Section 8(1)(e).  The application is disposed of accordingly. CPIO",REJECTED_DISMISSED
"Subject: Information sought under RTI Act, 2005.  regarding perusal appeals forwarded. The organization is exempt under Section 24 of the RTI Act.  No further intervention is required. Information Commissioner",REJECTED_DISMISSED
"Subject: Information sought under RTI Act, 2005.  appeals regarding forwarded perusal. Please be informed that this office does not maintain this. You are advised to separately file fresh RTI applications to other offices instead of a Section 6(3) transfer.  Hence your application is rejected. (Signature) Public Information Officer",OVERTURNED_ALLOWED
This order disposes of the First Appeal filed by the appellant.  stipulated perusal officials applicant. Disclosure of this information would prejudicially affect the sovereignty and security of the state under Section 8(1)(a).  No further intervention is required. Information Commissioner,REJECTED_DISMISSED
"Subject: Information sought under RTI Act, 2005.  appeals regarding officials stipulated. The requested information runs into 150 pages. You are directed to pay Rs. 1500 towards compilation and search charges.  No further intervention is required. Information Commissioner",OVERTURNED_ALLOWED
"Subject: Information sought under RTI Act, 2005.  appeals department officials officials. The organization is exempt under Section 24 of the RTI Act.  Hence your application is rejected. (Signature) Public Information Officer",REJECTED_DISMISSED
Reference is invited to your RTI application dated 12/05/2026.  regarding records records department. The organization is exempt under Section 24 of the RTI Act.  The application is disposed of accordingly. CPIO,REJECTED_DISMISSED
"With reference to the subject cited above, it is to inform that  appeals appeals applicant regarding. The organization is exempt under Section 24 of the RTI Act.  No further intervention is required. Information Commissioner",REJECTED_DISMISSED
This order disposes of the First Appeal filed by the appellant.  records applicant records regarding. The requested information runs into 150 pages. You are directed to pay Rs. 1500 towards compilation and search charges.  Hence your application is rejected. (Signature) Public Information Officer,OVERTURNED_ALLOWED
Reference is invited to your RTI application dated 12/05/2026.  officials appeals forwarded regarding. Disclosure of this information would prejudicially affect the sovereignty and security of the state under Section 8(1)(a).  No further intervention is required. Information Commissioner,REJECTED_DISMISSED
"Subject: Information sought under RTI Act, 2005.  applicant perusal department department. Disclosure of this information would prejudicially affect the sovereignty and security of the state under Section 8(1)(a).  Hence your application is rejected. (Signature) Public Information Officer",REJECTED_DISMISSED
"Subject: Information sought under RTI Act, 2005.  appeals stipulated department department. The organization is exempt under Section 24 of the RTI Act.  The application is disposed of accordingly. CPIO",REJECTED_DISMISSED
"Subject: Information sought under RTI Act, 2005.  forwarded perusal regarding records. The requested information runs into 150 pages. You are directed to pay Rs. 1500 towards compilation and search charges.  Hence your application is rejected. (Signature) Public Information Officer",OVERTURNED_ALLOWED
"Subject: Information sought under RTI Act, 2005.  forwarded officials perusal department. Please be informed that this office does not maintain this. You are advised to separately file fresh RTI applications to other offices instead of a Section 6(3) transfer.  The application is disposed of accordingly. CPIO",OVERTURNED_ALLOWED
"Subject: Information sought under RTI Act, 2005.  records regarding regarding forwarded. The information sought qualifies as personal information of a third party, causing an unwarranted invasion of privacy under Section 8(1)(j).  No further intervention is required. Information Commissioner",REJECTED_DISMISSED
Reference is invited to your RTI application dated 12/05/2026.  regarding stipulated department perusal. The information is held by the bank in a fiduciary capacity and is exempt under Section 8(1)(e).  Hence your application is rejected. (Signature) Public Information Officer,REJECTED_DISMISSED
"With reference to the subject cited above, it is to inform that  appeals officials applicant applicant. The information sought qualifies as personal information of a third party, causing an unwarranted invasion of privacy under Section 8(1)(j).  No further intervention is required. Information Commissioner",REJECTED_DISMISSED
Reference is invited to your RTI application dated 12/05/2026.  department officials forwarded records. Disclosure of this information would prejudicially affect the sovereignty and security of the state under Section 8(1)(a).  The application is disposed of accordingly. CPIO,REJECTED_DISMISSED
"With reference to the subject cited above, it is to inform that  records forwarded department forwarded. You have asked us to investigate and take strict disciplinary action. This does not fall under the definition of information as per Section 2(f).  The application is disposed of accordingly. CPIO",REJECTED_DISMISSED
"Subject: Information sought under RTI Act, 2005.  department forwarded appeals officials. The information is held by the bank in a fiduciary capacity and is exempt under Section 8(1)(e).  The application is disposed of accordingly. CPIO",REJECTED_DISMISSED
"Subject: Information sought under RTI Act, 2005.  regarding records stipulated records. You have asked us to investigate and take strict disciplinary action. This does not fall under the definition of information as per Section 2(f).  The application is disposed of accordingly. CPIO",REJECTED_DISMISSED
"This order disposes of the First Appeal filed by the appellant.  perusal department regarding officials. The information sought qualifies as personal information of a third party, causing an unwarranted invasion of privacy under Section 8(1)(j).  The application is disposed of accordingly. CPIO",REJECTED_DISMISSED
Reference is invited to your RTI application dated 12/05/2026.  perusal officials records stipulated. The organization is exempt under Section 24 of the RTI Act.  The application is disposed of accordingly. CPIO,REJECTED_DISMISSED
"With reference to the subject cited above, it is to inform that  appeals department records regarding. Disclosure of this information would prejudicially affect the sovereignty and security of the state under Section 8(1)(a).  Hence your application is rejected. (Signature) Public Information Officer",REJECTED_DISMISSED
This order disposes of the First Appeal filed by the appellant.  stipulated forwarded perusal stipulated. Disclosure of this information would prejudicially affect the sovereignty and security of the state under Section 8(1)(a).  No further intervention is required. Information Commissioner,REJECTED_DISMISSED
This order disposes of the First Appeal filed by the appellant.  applicant applicant officials department. The PIO failed to furnish the requested information within the mandatory 30-day period stipulated under Section 7(1).  Hence your application is rejected. (Signature) Public Information Officer,OVERTURNED_ALLOWED
"With reference to the subject cited above, it is to inform that  regarding records appeals stipulated. The organization is exempt under Section 24 of the RTI Act.  The application is disposed of accordingly. CPIO",REJECTED_DISMISSED
Reference is invited to your RTI application dated 12/05/2026.  applicant stipulated records perusal. Disclosure of this information would prejudicially affect the sovereignty and security of the state under Section 8(1)(a).  No further intervention is required. Information Commissioner,REJECTED_DISMISSED
Reference is invited to your RTI application dated 12/05/2026.  officials forwarded perusal regarding. Please be informed that this office does not maintain this. You are advised to separately file fresh RTI applications to other offices instead of a Section 6(3) transfer.  Hence your application is rejected. (Signature) Public Information Officer,OVERTURNED_ALLOWED
This order disposes of the First Appeal filed by the appellant.  records appeals perusal records. Please be informed that this office does not maintain this. You are advised to separately file fresh RTI applications to other offices instead of a Section 6(3) transfer.  No further intervention is required. Information Commissioner,OVERTURNED_ALLOWED
"This order disposes of the First Appeal filed by the appellant.  appeals officials applicant forwarded. The information sought qualifies as personal information of a third party, causing an unwarranted invasion of privacy under Section 8(1)(j).  No further intervention is required. Information Commissioner",REJECTED_DISMISSED
"With reference to the subject cited above, it is to inform that  forwarded perusal perusal records. The information sought qualifies as personal information of a third party, causing an unwarranted invasion of privacy under Section 8(1)(j).  No further intervention is required. Information Commissioner",REJECTED_DISMISSED
This order disposes of the First Appeal filed by the appellant.  stipulated records regarding applicant. The requested information runs into 150 pages. You are directed to pay Rs. 1500 towards compilation and search charges.  The application is disposed of accordingly. CPIO,OVERTURNED_ALLOWED
"Subject: Information sought under RTI Act, 2005.  officials appeals applicant stipulated. Information denied under commercial confidence Section 8(1)(d).  Hence your application is rejected. (Signature) Public Information Officer",PARTIALLY_ALLOWED
"Subject: Information sought under RTI Act, 2005.  stipulated stipulated department department. The information is held by the bank in a fiduciary capacity and is exempt under Section 8(1)(e).  No further intervention is required. Information Commissioner",REJECTED_DISMISSED
This order disposes of the First Appeal filed by the appellant.  stipulated forwarded officials department. The organization is exempt under Section 24 of the RTI Act.  Hence your application is rejected. (Signature) Public Information Officer,REJECTED_DISMISSED
This order disposes of the First Appeal filed by the appellant.  regarding regarding applicant records. The requested information runs into 150 pages. You are directed to pay Rs. 1500 towards compilation and search charges.  Hence your application is rejected. (Signature) Public Information Officer,OVERTURNED_ALLOWED
"With reference to the subject cited above, it is to inform that  department officials officials forwarded. The PIO failed to furnish the requested information within the mandatory 30-day period stipulated under Section 7(1).  Hence your application is rejected. (Signature) Public Information Officer",OVERTURNED_ALLOWED
"With reference to the subject cited above, it is to inform that  records stipulated officials stipulated. Please be informed that this office does not maintain this. You are advised to separately file fresh RTI applications to other offices instead of a Section 6(3) transfer.  No further intervention is required. Information Commissioner",OVERTURNED_ALLOWED
This order disposes of the First Appeal filed by the appellant.  perusal perusal officials appeals. The information is held by the bank in a fiduciary capacity and is exempt under Section 8(1)(e).  Hence your application is rejected. (Signature) Public Information Officer,REJECTED_DISMISSED
"Subject: Information sought under RTI Act, 2005.  perusal regarding regarding records. The organization is exempt under Section 24 of the RTI Act.  The application is disposed of accordingly. CPIO",REJECTED_DISMISSED
"Subject: Information sought under RTI Act, 2005.  records applicant department applicant. Disclosure of this information would prejudicially affect the sovereignty and security of the state under Section 8(1)(a).  Hence your application is rejected. (Signature) Public Information Officer",REJECTED_DISMISSED
"Subject: Information sought under RTI Act, 2005.  regarding forwarded regarding records. The organization is exempt under Section 24 of the RTI Act.  The application is disposed of accordingly. CPIO",REJECTED_DISMISSED
Reference is invited to your RTI application dated 12/05/2026.  officials appeals regarding stipulated. The organization is exempt under Section 24 of the RTI Act.  No further intervention is required. Information Commissioner,REJECTED_DISMISSED
Reference is invited to your RTI application dated 12/05/2026.  records records applicant stipulated. You have asked us to investigate and take strict disciplinary action. This does not fall under the definition of information as per Section 2(f).  The application is disposed of accordingly. CPIO,REJECTED_DISMISSED
"Subject: Information sought under RTI Act, 2005.  regarding forwarded applicant applicant. Please be informed that this office does not maintain this. You are advised to separately file fresh RTI applications to other offices instead of a Section 6(3) transfer.  The application is disposed of accordingly. CPIO",OVERTURNED_ALLOWED
"Subject: Information sought under RTI Act, 2005.  perusal perusal perusal appeals. You have asked us to investigate and take strict disciplinary action. This does not fall under the definition of information as per Section 2(f).  Hence your application is rejected. (Signature) Public Information Officer",REJECTED_DISMISSED
Reference is invited to your RTI application dated 12/05/2026.  regarding records officials appeals. You have asked us to investigate and take strict disciplinary action. This does not fall under the definition of information as per Section 2(f).  The application is disposed of accordingly. CPIO,REJECTED_DISMISSED
This order disposes of the First Appeal filed by the appellant.  appeals appeals applicant perusal. Information denied under commercial confidence Section 8(1)(d).  No further intervention is required. Information Commissioner,PARTIALLY_ALLOWED
This order disposes of the First Appeal filed by the appellant.  stipulated department officials appeals. You have asked us to investigate and take strict disciplinary action. This does not fall under the definition of information as per Section 2(f).  No further intervention is required. Information Commissioner,REJECTED_DISMISSED
This order disposes of the First Appeal filed by the appellant.  stipulated regarding department forwarded. The requested information runs into 150 pages. You are directed to pay Rs. 1500 towards compilation and search charges.  No further intervention is required. Information Commissioner,OVERTURNED_ALLOWED
This order disposes of the First Appeal filed by the appellant.  applicant appeals stipulated perusal. The information is held by the bank in a fiduciary capacity and is exempt under Section 8(1)(e).  The application is disposed of accordingly. CPIO,REJECTED_DISMISSED
"This order disposes of the First Appeal filed by the appellant.  regarding appeals officials regarding. The information sought qualifies as personal information of a third party, causing an unwarranted invasion of privacy under Section 8(1)(j).  No further intervention is required. Information Commissioner",REJECTED_DISMISSED
"With reference to the subject cited above, it is to inform that  appeals applicant applicant records. You have asked us to investigate and take strict disciplinary action. This does not fall under the definition of information as per Section 2(f).  The application is disposed of accordingly. CPIO",REJECTED_DISMISSED
"With reference to the subject cited above, it is to inform that  records department officials regarding. The information is held by the bank in a fiduciary capacity and is exempt under Section 8(1)(e).  No further intervention is required. Information Commissioner",REJECTED_DISMISSED
"With reference to the subject cited above, it is to inform that  forwarded applicant regarding forwarded. The information sought qualifies as personal information of a third party, causing an unwarranted invasion of privacy under Section 8(1)(j).  The application is disposed of accordingly. CPIO",REJECTED_DISMISSED
"Subject: Information sought under RTI Act, 2005.  forwarded officials stipulated appeals. Disclosure of this information would prejudicially affect the sovereignty and security of the state under Section 8(1)(a).  The application is disposed of accordingly. CPIO",REJECTED_DISMISSED
Reference is invited to your RTI application dated 12/05/2026.  stipulated applicant applicant applicant. Disclosure of this information would prejudicially affect the sovereignty and security of the state under Section 8(1)(a).  The application is disposed of accordingly. CPIO,REJECTED_DISMISSED
"This order disposes of the First Appeal filed by the appellant.  applicant forwarded appeals regarding. The information sought qualifies as personal information of a third party, causing an unwarranted invasion of privacy under Section 8(1)(j).  No further intervention is required. Information Commissioner",REJECTED_DISMISSED
Reference is invited to your RTI application dated 12/05/2026.  stipulated records applicant stipulated. The requested information runs into 150 pages. You are directed to pay Rs. 1500 towards compilation and search charges.  Hence your application is rejected. (Signature) Public Information Officer,OVERTURNED_ALLOWED
"Subject: Information sought under RTI Act, 2005.  regarding perusal regarding perusal. The information submitted is in Marathi language and it is not understood. Submit in Hindi or English.  The application is disposed of accordingly. CPIO",OVERTURNED_ALLOWED
This order disposes of the First Appeal filed by the appellant.  applicant department officials department. The PIO failed to furnish the requested information within the mandatory 30-day period stipulated under Section 7(1).  No further intervention is required. Information Commissioner,OVERTURNED_ALLOWED
This order disposes of the First Appeal filed by the appellant.  appeals records forwarded perusal. Please be informed that this office does not maintain this. You are advised to separately file fresh RTI applications to other offices instead of a Section 6(3) transfer.  Hence your application is rejected. (Signature) Public Information Officer,OVERTURNED_ALLOWED
"Subject: Information sought under RTI Act, 2005.  appeals officials appeals regarding. The information sought qualifies as personal information of a third party, causing an unwarranted invasion of privacy under Section 8(1)(j).  The application is disposed of accordingly. CPIO",REJECTED_DISMISSED
"With reference to the subject cited above, it is to inform that  appeals officials department regarding. The requested information runs into 150 pages. You are directed to pay Rs. 1500 towards compilation and search charges.  The application is disposed of accordingly. CPIO",OVERTURNED_ALLOWED
This order disposes of the First Appeal filed by the appellant.  department records department applicant. The information is held by the bank in a fiduciary capacity and is exempt under Section 8(1)(e).  No further intervention is required. Information Commissioner,REJECTED_DISMISSED
This order disposes of the First Appeal filed by the appellant.  forwarded applicant regarding regarding. The PIO failed to furnish the requested information within the mandatory 30-day period stipulated under Section 7(1).  No further intervention is required. Information Commissioner,OVERTURNED_ALLOWED
"Subject: Information sought under RTI Act, 2005.  forwarded department perusal forwarded. The requested information runs into 150 pages. You are directed to pay Rs. 1500 towards compilation and search charges.  The application is disposed of accordingly. CPIO",OVERTURNED_ALLOWED
"With reference to the subject cited above, it is to inform that  applicant forwarded perusal records. Please be informed that this office does not maintain this. You are advised to separately file fresh RTI applications to other offices instead of a Section 6(3) transfer.  The application is disposed of accordingly. CPIO",OVERTURNED_ALLOWED
"With reference to the subject cited above, it is to inform that  stipulated applicant officials regarding. The information is held by the bank in a fiduciary capacity and is exempt under Section 8(1)(e).  The application is disposed of accordingly. CPIO",REJECTED_DISMISSED
This order disposes of the First Appeal filed by the appellant.  forwarded officials records perusal. The information is held by the bank in a fiduciary capacity and is exempt under Section 8(1)(e).  Hence your application is rejected. (Signature) Public Information Officer,REJECTED_DISMISSED
"Subject: Information sought under RTI Act, 2005.  stipulated perusal forwarded regarding. Information denied under commercial confidence Section 8(1)(d).  The application is disposed of accordingly. CPIO",PARTIALLY_ALLOWED
"Subject: Information sought under RTI Act, 2005.  applicant appeals department records. You have asked us to investigate and take strict disciplinary action. This does not fall under the definition of information as per Section 2(f).  Hence your application is rejected. (Signature) Public Information Officer",REJECTED_DISMISSED
"With reference to the subject cited above, it is to inform that  appeals stipulated regarding applicant. The information submitted is in Marathi language and it is not understood. Submit in Hindi or English.  No further intervention is required. Information Commissioner",OVERTURNED_ALLOWED
"With reference to the subject cited above, it is to inform that  applicant department department applicant. You have asked us to investigate and take strict disciplinary action. This does not fall under the definition of information as per Section 2(f).  Hence your application is rejected. (Signature) Public Information Officer",REJECTED_DISMISSED
This order disposes of the First Appeal filed by the appellant.  regarding records appeals records. The information is held by the bank in a fiduciary capacity and is exempt under Section 8(1)(e).  The application is disposed of accordingly. CPIO,REJECTED_DISMISSED
"With reference to the subject cited above, it is to inform that  stipulated stipulated applicant stipulated. The requested information runs into 150 pages. You are directed to pay Rs. 1500 towards compilation and search charges.  Hence your application is rejected. (Signature) Public Information Officer",OVERTURNED_ALLOWED
This order disposes of the First Appeal filed by the appellant.  records applicant officials department. The organization is exempt under Section 24 of the RTI Act.  No further intervention is required. Information Commissioner,REJECTED_DISMISSED
This order disposes of the First Appeal filed by the appellant.  applicant records regarding forwarded. The requested information runs into 150 pages. You are directed to pay Rs. 1500 towards compilation and search charges.  Hence your application is rejected. (Signature) Public Information Officer,OVERTURNED_ALLOWED
Reference is invited to your RTI application dated 12/05/2026.  regarding perusal forwarded officials. Please be informed that this office does not maintain this. You are advised to separately file fresh RTI applications to other offices instead of a Section 6(3) transfer.  Hence your application is rejected. (Signature) Public Information Officer,OVERTURNED_ALLOWED
Reference is invited to your RTI application dated 12/05/2026.  department perusal officials regarding. Disclosure of this information would prejudicially affect the sovereignty and security of the state under Section 8(1)(a).  The application is disposed of accordingly. CPIO,REJECTED_DISMISSED
"With reference to the subject cited above, it is to inform that  department officials stipulated officials. Disclosure of this information would prejudicially affect the sovereignty and security of the state under Section 8(1)(a).  No further intervention is required. Information Commissioner",REJECTED_DISMISSED
"With reference to the subject cited above, it is to inform that  forwarded perusal department officials. The PIO failed to furnish the requested information within the mandatory 30-day period stipulated under Section 7(1).  The application is disposed of accordingly. CPIO",OVERTURNED_ALLOWED
This order disposes of the First Appeal filed by the appellant.  department regarding appeals applicant. Disclosure of this information would prejudicially affect the sovereignty and security of the state under Section 8(1)(a).  Hence your application is rejected. (Signature) Public Information Officer,REJECTED_DISMISSED
"This order disposes of the First Appeal filed by the appellant.  records stipulated forwarded regarding. The information sought qualifies as personal information of a third party, causing an unwarranted invasion of privacy under Section 8(1)(j).  No further intervention is required. Information Commissioner",REJECTED_DISMISSED
Reference is invited to your RTI application dated 12/05/2026.  stipulated department officials regarding. Disclosure of this information would prejudicially affect the sovereignty and security of the state under Section 8(1)(a).  No further intervention is required. Information Commissioner,REJECTED_DISMISSED
Reference is invited to your RTI application dated 12/05/2026.  applicant perusal appeals applicant. The PIO failed to furnish the requested information within the mandatory 30-day period stipulated under Section 7(1).  Hence your application is rejected. (Signature) Public Information Officer,OVERTURNED_ALLOWED
"With reference to the subject cited above, it is to inform that  department perusal records stipulated. Please be informed that this office does not maintain this. You are advised to separately file fresh RTI applications to other offices instead of a Section 6(3) transfer.  No further intervention is required. Information Commissioner",OVERTURNED_ALLOWED
This order disposes of the First Appeal filed by the appellant.  perusal applicant perusal regarding. The requested information runs into 150 pages. You are directed to pay Rs. 1500 towards compilation and search charges.  No further intervention is required. Information Commissioner,OVERTURNED_ALLOWED
"Subject: Information sought under RTI Act, 2005.  regarding appeals department records. The information is held by the bank in a fiduciary capacity and is exempt under Section 8(1)(e).  The application is disposed of accordingly. CPIO",REJECTED_DISMISSED
"Reference is invited to your RTI application dated 12/05/2026.  officials forwarded records records. The information sought qualifies as personal information of a third party, causing an unwarranted invasion of privacy under Section 8(1)(j).  No further intervention is required. Information Commissioner",REJECTED_DISMISSED
This order disposes of the First Appeal filed by the appellant.  department officials applicant forwarded. The requested information runs into 150 pages. You are directed to pay Rs. 1500 towards compilation and search charges.  The application is disposed of accordingly. CPIO,OVERTURNED_ALLOWED
"With reference to the subject cited above, it is to inform that  department forwarded regarding stipulated. Please be informed that this office does not maintain this. You are advised to separately file fresh RTI applications to other offices instead of a Section 6(3) transfer.  The application is disposed of accordingly. CPIO",OVERTURNED_ALLOWED
This order disposes of the First Appeal filed by the appellant.  stipulated officials applicant regarding. Information denied under commercial confidence Section 8(1)(d).  The application is disposed of accordingly. CPIO,PARTIALLY_ALLOWED
Reference is invited to your RTI application dated 12/05/2026.  department regarding records regarding. Please be informed that this office does not maintain this. You are advised to separately file fresh RTI applications to other offices instead of a Section 6(3) transfer.  No further intervention is required. Information Commissioner,OVERTURNED_ALLOWED
This order disposes of the First Appeal filed by the appellant.  perusal appeals department applicant. You have asked us to investigate and take strict disciplinary action. This does not fall under the definition of information as per Section 2(f).  No further intervention is required. Information Commissioner,REJECTED_DISMISSED
"Subject: Information sought under RTI Act, 2005.  appeals regarding applicant officials. The PIO failed to furnish the requested information within the mandatory 30-day period stipulated under Section 7(1).  Hence your application is rejected. (Signature) Public Information Officer",OVERTURNED_ALLOWED
"With reference to the subject cited above, it is to inform that  records records forwarded department. The PIO failed to furnish the requested information within the mandatory 30-day period stipulated under Section 7(1).  Hence your application is rejected. (Signature) Public Information Officer",OVERTURNED_ALLOWED
"With reference to the subject cited above, it is to inform that  stipulated records department stipulated. The information is held by the bank in a fiduciary capacity and is exempt under Section 8(1)(e).  Hence your application is rejected. (Signature) Public Information Officer",REJECTED_DISMISSED
"Subject: Information sought under RTI Act, 2005.  department applicant regarding department. The information sought qualifies as personal information of a third party, causing an unwarranted invasion of privacy under Section 8(1)(j).  Hence your application is rejected. (Signature) Public Information Officer",REJECTED_DISMISSED
"With reference to the subject cited above, it is to inform that  department stipulated officials perusal. The information is held by the bank in a fiduciary capacity and is exempt under Section 8(1)(e).  The application is disposed of accordingly. CPIO",REJECTED_DISMISSED
This order disposes of the First Appeal filed by the appellant.  officials regarding officials records. The organization is exempt under Section 24 of the RTI Act.  No further intervention is required. Information Commissioner,REJECTED_DISMISSED
This order disposes of the First Appeal filed by the appellant.  officials appeals applicant applicant. You have asked us to investigate and take strict disciplinary action. This does not fall under the definition of information as per Section 2(f).  No further intervention is required. Information Commissioner,REJECTED_DISMISSED
"This order disposes of the First Appeal filed by the appellant.  stipulated appeals forwarded forwarded. The information sought qualifies as personal information of a third party, causing an unwarranted invasion of privacy under Section 8(1)(j).  Hence your application is rejected. (Signature) Public Information Officer",REJECTED_DISMISSED
Reference is invited to your RTI application dated 12/05/2026.  regarding records applicant regarding. The requested information runs into 150 pages. You are directed to pay Rs. 1500 towards compilation and search charges.  The application is disposed of accordingly. CPIO,OVERTURNED_ALLOWED
"With reference to the subject cited above, it is to inform that  records appeals perusal regarding. The PIO failed to furnish the requested information within the mandatory 30-day period stipulated under Section 7(1).  The application is disposed of accordingly. CPIO",OVERTURNED_ALLOWED
"With reference to the subject cited above, it is to inform that  stipulated appeals forwarded regarding. Please be informed that this office does not maintain this. You are advised to separately file fresh RTI applications to other offices instead of a Section 6(3) transfer.  Hence your application is rejected. (Signature) Public Information Officer",OVERTURNED_ALLOWED
"Subject: Information sought under RTI Act, 2005.  officials applicant regarding records. You have asked us to investigate and take strict disciplinary action. This does not fall under the definition of information as per Section 2(f).  Hence your application is rejected. (Signature) Public Information Officer",REJECTED_DISMISSED
This order disposes of the First Appeal filed by the appellant.  department officials perusal applicant. The information is held by the bank in a fiduciary capacity and is exempt under Section 8(1)(e).  No further intervention is required. Information Commissioner,REJECTED_DISMISSED
Reference is invited to your RTI application dated 12/05/2026.  stipulated applicant records appeals. The PIO failed to furnish the requested information within the mandatory 30-day period stipulated under Section 7(1).  No further intervention is required. Information Commissioner,OVERTURNED_ALLOWED
"Subject: Information sought under RTI Act, 2005.  records officials officials regarding. Disclosure of this information would prejudicially affect the sovereignty and security of the state under Section 8(1)(a).  No further intervention is required. Information Commissioner",REJECTED_DISMISSED
"Subject: Information sought under RTI Act, 2005.  records forwarded stipulated regarding. The requested information runs into 150 pages. You are directed to pay Rs. 1500 towards compilation and search charges.  No further intervention is required. Information Commissioner",OVERTURNED_ALLOWED
"With reference to the subject cited above, it is to inform that  perusal stipulated department perusal. You have asked us to investigate and take strict disciplinary action. This does not fall under the definition of information as per Section 2(f).  The application is disposed of accordingly. CPIO",REJECTED_DISMISSED
Reference is invited to your RTI application dated 12/05/2026.  department stipulated records perusal. The information submitted is in Marathi language and it is not understood. Submit in Hindi or English.  No further intervention is required. Information Commissioner,OVERTURNED_ALLOWED
This order disposes of the First Appeal filed by the appellant.  appeals forwarded records stipulated. The information submitted is in Marathi language and it is not understood. Submit in Hindi or English.  No further intervention is required. Information Commissioner,OVERTURNED_ALLOWED
"Reference is invited to your RTI application dated 12/05/2026.  stipulated records records department. The information sought qualifies as personal information of a third party, causing an unwarranted invasion of privacy under Section 8(1)(j).  Hence your application is rejected. (Signature) Public Information Officer",REJECTED_DISMISSED
"Subject: Information sought under RTI Act, 2005.  stipulated applicant applicant forwarded. Disclosure of this information would prejudicially affect the sovereignty and security of the state under Section 8(1)(a).  The application is disposed of accordingly. CPIO",REJECTED_DISMISSED
Reference is invited to your RTI application dated 12/05/2026.  regarding stipulated department forwarded. You have asked us to investigate and take strict disciplinary action. This does not fall under the definition of information as per Section 2(f).  Hence your application is rejected. (Signature) Public Information Officer,REJECTED_DISMISSED
Reference is invited to your RTI application dated 12/05/2026.  appeals applicant records officials. Please be informed that this office does not maintain this. You are advised to separately file fresh RTI applications to other offices instead of a Section 6(3) transfer.  Hence your application is rejected. (Signature) Public Information Officer,OVERTURNED_ALLOWED
Reference is invited to your RTI application dated 12/05/2026.  forwarded records department stipulated. The information is held by the bank in a fiduciary capacity and is exempt under Section 8(1)(e).  The application is disposed of accordingly. CPIO,REJECTED_DISMISSED
"With reference to the subject cited above, it is to inform that  appeals regarding officials appeals. The requested information runs into 150 pages. You are directed to pay Rs. 1500 towards compilation and search charges.  No further intervention is required. Information Commissioner",OVERTURNED_ALLOWED
"Subject: Information sought under RTI Act, 2005.  stipulated perusal appeals perusal. Disclosure of this information would prejudicially affect the sovereignty and security of the state under Section 8(1)(a).  The application is disposed of accordingly. CPIO",REJECTED_DISMISSED
"With reference to the subject cited above, it is to inform that  perusal forwarded appeals officials. Information denied under commercial confidence Section 8(1)(d).  The application is disposed of accordingly. CPIO",PARTIALLY_ALLOWED
"This order disposes of the First Appeal filed by the appellant.  forwarded applicant regarding stipulated. The information sought qualifies as personal information of a third party, causing an unwarranted invasion of privacy under Section 8(1)(j).  The application is disposed of accordingly. CPIO",REJECTED_DISMISSED
"With reference to the subject cited above, it is to inform that  forwarded applicant appeals forwarded. Disclosure of this information would prejudicially affect the sovereignty and security of the state under Section 8(1)(a).  Hence your application is rejected. (Signature) Public Information Officer",REJECTED_DISMISSED
This order disposes of the First Appeal filed by the appellant.  department forwarded perusal stipulated. The information submitted is in Marathi language and it is not understood. Submit in Hindi or English.  Hence your application is rejected. (Signature) Public Information Officer,OVERTURNED_ALLOWED
"Subject: Information sought under RTI Act, 2005.  perusal regarding appeals stipulated. The information submitted is in Marathi language and it is not understood. Submit in Hindi or English.  Hence your application is rejected. (Signature) Public Information Officer",OVERTURNED_ALLOWED
"Subject: Information sought under RTI Act, 2005.  forwarded records department regarding. The organization is exempt under Section 24 of the RTI Act.  The application is disposed of accordingly. CPIO",REJECTED_DISMISSED
"With reference to the subject cited above, it is to inform that  forwarded department forwarded records. You have asked us to investigate and take strict disciplinary action. This does not fall under the definition of information as per Section 2(f).  Hence your application is rejected. (Signature) Public Information Officer",REJECTED_DISMISSED
"Subject: Information sought under RTI Act, 2005.  records appeals forwarded forwarded. Information denied under commercial confidence Section 8(1)(d).  No further intervention is required. Information Commissioner",PARTIALLY_ALLOWED
This order disposes of the First Appeal filed by the appellant.  stipulated department records regarding. You have asked us to investigate and take strict disciplinary action. This does not fall under the definition of information as per Section 2(f).  No further intervention is required. Information Commissioner,REJECTED_DISMISSED
Reference is invited to your RTI application dated 12/05/2026.  stipulated officials records regarding. The requested information runs into 150 pages. You are directed to pay Rs. 1500 towards compilation and search charges.  The application is disposed of accordingly. CPIO,OVERTURNED_ALLOWED
Reference is invited to your RTI application dated 12/05/2026.  perusal department forwarded appeals. The information submitted is in Marathi language and it is not understood. Submit in Hindi or English.  No further intervention is required. Information Commissioner,OVERTURNED_ALLOWED
Reference is invited to your RTI application dated 12/05/2026.  officials applicant forwarded forwarded. The organization is exempt under Section 24 of the RTI Act.  Hence your application is rejected. (Signature) Public Information Officer,REJECTED_DISMISSED
"With reference to the subject cited above, it is to inform that  appeals perusal forwarded forwarded. You have asked us to investigate and take strict disciplinary action. This does not fall under the definition of information as per Section 2(f).  Hence your application is rejected. (Signature) Public Information Officer",REJECTED_DISMISSED
"Subject: Information sought under RTI Act, 2005.  applicant stipulated stipulated regarding. Please be informed that this office does not maintain this. You are advised to separately file fresh RTI applications to other offices instead of a Section 6(3) transfer.  The application is disposed of accordingly. CPIO",OVERTURNED_ALLOWED
"Subject: Information sought under RTI Act, 2005.  forwarded officials regarding applicant. Information denied under commercial confidence Section 8(1)(d).  The application is disposed of accordingly. CPIO",PARTIALLY_ALLOWED
"With reference to the subject cited above, it is to inform that  officials appeals officials forwarded. The information is held by the bank in a fiduciary capacity and is exempt under Section 8(1)(e).  No further intervention is required. Information Commissioner",REJECTED_DISMISSED
"With reference to the subject cited above, it is to inform that  department perusal regarding department. The information is held by the bank in a fiduciary capacity and is exempt under Section 8(1)(e).  No further intervention is required. Information Commissioner",REJECTED_DISMISSED
"With reference to the subject cited above, it is to inform that  regarding forwarded applicant regarding. The information sought qualifies as personal information of a third party, causing an unwarranted invasion of privacy under Section 8(1)(j).  No further intervention is required. Information Commissioner",REJECTED_DISMISSED
"With reference to the subject cited above, it is to inform that  stipulated perusal applicant applicant. Information denied under commercial confidence Section 8(1)(d).  No further intervention is required. Information Commissioner",PARTIALLY_ALLOWED
This order disposes of the First Appeal filed by the appellant.  officials appeals records officials. Please be informed that this office does not maintain this. You are advised to separately file fresh RTI applications to other offices instead of a Section 6(3) transfer.  Hence your application is rejected. (Signature) Public Information Officer,OVERTURNED_ALLOWED
"Subject: Information sought under RTI Act, 2005.  records applicant appeals officials. Information denied under commercial confidence Section 8(1)(d).  No further intervention is required. Information Commissioner",PARTIALLY_ALLOWED
This order disposes of the First Appeal filed by the appellant.  forwarded officials records perusal. Information denied under commercial confidence Section 8(1)(d).  The application is disposed of accordingly. CPIO,PARTIALLY_ALLOWED
"Subject: Information sought under RTI Act, 2005.  records applicant appeals department. Please be informed that this office does not maintain this. You are advised to separately file fresh RTI applications to other offices instead of a Section 6(3) transfer.  The application is disposed of accordingly. CPIO",OVERTURNED_ALLOWED
"Subject: Information sought under RTI Act, 2005.  perusal stipulated records stipulated. The PIO failed to furnish the requested information within the mandatory 30-day period stipulated under Section 7(1).  The application is disposed of accordingly. CPIO",OVERTURNED_ALLOWED
"Subject: Information sought under RTI Act, 2005.  forwarded officials stipulated applicant. You have asked us to investigate and take strict disciplinary action. This does not fall under the definition of information as per Section 2(f).  No further intervention is required. Information Commissioner",REJECTED_DISMISSED
Reference is invited to your RTI application dated 12/05/2026.  perusal department records applicant. Please be informed that this office does not maintain this. You are advised to separately file fresh RTI applications to other offices instead of a Section 6(3) transfer.  The application is disposed of accordingly. CPIO,OVERTURNED_ALLOWED
"Subject: Information sought under RTI Act, 2005.  appeals stipulated forwarded stipulated. The requested information runs into 150 pages. You are directed to pay Rs. 1500 towards compilation and search charges.  Hence your application is rejected. (Signature) Public Information Officer",OVERTURNED_ALLOWED
"Subject: Information sought under RTI Act, 2005.  perusal regarding department perusal. The organization is exempt under Section 24 of the RTI Act.  The application is disposed of accordingly. CPIO",REJECTED_DISMISSED
Reference is invited to your RTI application dated 12/05/2026.  records officials officials applicant. Please be informed that this office does not maintain this. You are advised to separately file fresh RTI applications to other offices instead of a Section 6(3) transfer.  No further intervention is required. Information Commissioner,OVERTURNED_ALLOWED
"Subject: Information sought under RTI Act, 2005.  regarding perusal officials regarding. The information sought qualifies as personal information of a third party, causing an unwarranted invasion of privacy under Section 8(1)(j).  The application is disposed of accordingly. CPIO",REJECTED_DISMISSED
"Subject: Information sought under RTI Act, 2005.  stipulated forwarded department department. You have asked us to investigate and take strict disciplinary action. This does not fall under the definition of information as per Section 2(f).  The application is disposed of accordingly. CPIO",REJECTED_DISMISSED
This order disposes of the First Appeal filed by the appellant.  perusal officials records records. The organization is exempt under Section 24 of the RTI Act.  Hence your application is rejected. (Signature) Public Information Officer,REJECTED_DISMISSED
Reference is invited to your RTI application dated 12/05/2026.  forwarded department department regarding. You have asked us to investigate and take strict disciplinary action. This does not fall under the definition of information as per Section 2(f).  The application is disposed of accordingly. CPIO,REJECTED_DISMISSED
"Subject: Information sought under RTI Act, 2005.  department stipulated forwarded records. The information sought qualifies as personal information of a third party, causing an unwarranted invasion of privacy under Section 8(1)(j).  The application is disposed of accordingly. CPIO",REJECTED_DISMISSED
"Subject: Information sought under RTI Act, 2005.  regarding officials appeals officials. Information denied under commercial confidence Section 8(1)(d).  Hence your application is rejected. (Signature) Public Information Officer",PARTIALLY_ALLOWED
This order disposes of the First Appeal filed by the appellant.  appeals department forwarded stipulated. The information submitted is in Marathi language and it is not understood. Submit in Hindi or English.  No further intervention is required. Information Commissioner,OVERTURNED_ALLOWED
Reference is invited to your RTI application dated 12/05/2026.  applicant applicant regarding regarding. The requested information runs into 150 pages. You are directed to pay Rs. 1500 towards compilation and search charges.  Hence your application is rejected. (Signature) Public Information Officer,OVERTURNED_ALLOWED
Reference is invited to your RTI application dated 12/05/2026.  forwarded regarding appeals regarding. The PIO failed to furnish the requested information within the mandatory 30-day period stipulated under Section 7(1).  The application is disposed of accordingly. CPIO,OVERTURNED_ALLOWED
Reference is invited to your RTI application dated 12/05/2026.  department forwarded department stipulated. Disclosure of this information would prejudicially affect the sovereignty and security of the state under Section 8(1)(a).  Hence your application is rejected. (Signature) Public Information Officer,REJECTED_DISMISSED
Reference is invited to your RTI application dated 12/05/2026.  forwarded stipulated department records. Information denied under commercial confidence Section 8(1)(d).  Hence your application is rejected. (Signature) Public Information Officer,PARTIALLY_ALLOWED
This order disposes of the First Appeal filed by the appellant.  regarding officials applicant records. Disclosure of this information would prejudicially affect the sovereignty and security of the state under Section 8(1)(a).  No further intervention is required. Information Commissioner,REJECTED_DISMISSED
This order disposes of the First Appeal filed by the appellant.  forwarded records forwarded regarding. Please be informed that this office does not maintain this. You are advised to separately file fresh RTI applications to other offices instead of a Section 6(3) transfer.  The application is disposed of accordingly. CPIO,OVERTURNED_ALLOWED
This order disposes of the First Appeal filed by the appellant.  stipulated perusal stipulated forwarded. You have asked us to investigate and take strict disciplinary action. This does not fall under the definition of information as per Section 2(f).  No further intervention is required. Information Commissioner,REJECTED_DISMISSED
This order disposes of the First Appeal filed by the appellant.  stipulated records stipulated applicant. The information is held by the bank in a fiduciary capacity and is exempt under Section 8(1)(e).  The application is disposed of accordingly. CPIO,REJECTED_DISMISSED
"Subject: Information sought under RTI Act, 2005.  regarding department applicant applicant. You have asked us to investigate and take strict disciplinary action. This does not fall under the definition of information as per Section 2(f).  Hence your application is rejected. (Signature) Public Information Officer",REJECTED_DISMISSED
"Reference is invited to your RTI application dated 12/05/2026.  records stipulated records applicant. The information sought qualifies as personal information of a third party, causing an unwarranted invasion of privacy under Section 8(1)(j).  Hence your application is rejected. (Signature) Public Information Officer",REJECTED_DISMISSED
"With reference to the subject cited above, it is to inform that  stipulated forwarded stipulated officials. The organization is exempt under Section 24 of the RTI Act.  Hence your application is rejected. (Signature) Public Information Officer",REJECTED_DISMISSED
"With reference to the subject cited above, it is to inform that  department forwarded records regarding. The information sought qualifies as personal information of a third party, causing an unwarranted invasion of privacy under Section 8(1)(j).  No further intervention is required. Information Commissioner",REJECTED_DISMISSED
"With reference to the subject cited above, it is to inform that  department stipulated applicant forwarded. The PIO failed to furnish the requested information within the mandatory 30-day period stipulated under Section 7(1).  No further intervention is required. Information Commissioner",OVERTURNED_ALLOWED
"This order disposes of the First Appeal filed by the appellant.  forwarded stipulated perusal forwarded. The information sought qualifies as personal information of a third party, causing an unwarranted invasion of privacy under Section 8(1)(j).  Hence your application is rejected. (Signature) Public Information Officer",REJECTED_DISMISSED
Reference is invited to your RTI application dated 12/05/2026.  applicant appeals applicant perusal. The information is held by the bank in a fiduciary capacity and is exempt under Section 8(1)(e).  Hence your application is rejected. (Signature) Public Information Officer,REJECTED_DISMISSED
"Subject: Information sought under RTI Act, 2005.  stipulated applicant forwarded forwarded. The information is held by the bank in a fiduciary capacity and is exempt under Section 8(1)(e).  No further intervention is required. Information Commissioner",REJECTED_DISMISSED
"Subject: Information sought under RTI Act, 2005.  regarding appeals records perusal. You have asked us to investigate and take strict disciplinary action. This does not fall under the definition of information as per Section 2(f).  Hence your application is rejected. (Signature) Public Information Officer",REJECTED_DISMISSED
This order disposes of the First Appeal filed by the appellant.  applicant officials records regarding. The PIO failed to furnish the requested information within the mandatory 30-day period stipulated under Section 7(1).  Hence your application is rejected. (Signature) Public Information Officer,OVERTURNED_ALLOWED
This order disposes of the First Appeal filed by the appellant.  applicant department perusal regarding. Disclosure of this information would prejudicially affect the sovereignty and security of the state under Section 8(1)(a).  The application is disposed of accordingly. CPIO,REJECTED_DISMISSED
Reference is invited to your RTI application dated 12/05/2026.  applicant officials department perusal. The organization is exempt under Section 24 of the RTI Act.  No further intervention is required. Information Commissioner,REJECTED_DISMISSED
"With reference to the subject cited above, it is to inform that  records officials records regarding. Information denied under commercial confidence Section 8(1)(d).  No further intervention is required. Information Commissioner",PARTIALLY_ALLOWED
Reference is invited to your RTI application dated 12/05/2026.  stipulated appeals stipulated records. The PIO failed to furnish the requested information within the mandatory 30-day period stipulated under Section 7(1).  The application is disposed of accordingly. CPIO,OVERTURNED_ALLOWED
Reference is invited to your RTI application dated 12/05/2026.  perusal officials officials department. The organization is exempt under Section 24 of the RTI Act.  Hence your application is rejected. (Signature) Public Information Officer,REJECTED_DISMISSED
"With reference to the subject cited above, it is to inform that  applicant records regarding applicant. Information denied under commercial confidence Section 8(1)(d).  Hence your application is rejected. (Signature) Public Information Officer",PARTIALLY_ALLOWED
"With reference to the subject cited above, it is to inform that  officials records stipulated records. The organization is exempt under Section 24 of the RTI Act.  The application is disposed of accordingly. CPIO",REJECTED_DISMISSED
"With reference to the subject cited above, it is to inform that  applicant appeals regarding perusal. The information sought qualifies as personal information of a third party, causing an unwarranted invasion of privacy under Section 8(1)(j).  No further intervention is required. Information Commissioner",REJECTED_DISMISSED
"This order disposes of the First Appeal filed by the appellant.  officials perusal applicant perusal. The information sought qualifies as personal information of a third party, causing an unwarranted invasion of privacy under Section 8(1)(j).  The application is disposed of accordingly. CPIO",REJECTED_DISMISSED
"With reference to the subject cited above, it is to inform that  stipulated stipulated stipulated perusal. The information is held by the bank in a fiduciary capacity and is exempt under Section 8(1)(e).  Hence your application is rejected. (Signature) Public Information Officer",REJECTED_DISMISSED
This order disposes of the First Appeal filed by the appellant.  perusal forwarded regarding appeals. Information denied under commercial confidence Section 8(1)(d).  Hence your application is rejected. (Signature) Public Information Officer,PARTIALLY_ALLOWED
"Subject: Information sought under RTI Act, 2005.  records regarding perusal stipulated. The requested information runs into 150 pages. You are directed to pay Rs. 1500 towards compilation and search charges.  Hence your application is rejected. (Signature) Public Information Officer",OVERTURNED_ALLOWED
"With reference to the subject cited above, it is to inform that  applicant perusal forwarded stipulated. The requested information runs into 150 pages. You are directed to pay Rs. 1500 towards compilation and search charges.  The application is disposed of accordingly. CPIO",OVERTURNED_ALLOWED
"With reference to the subject cited above, it is to inform that  regarding records applicant department. Disclosure of this information would prejudicially affect the sovereignty and security of the state under Section 8(1)(a).  The application is disposed of accordingly. CPIO",REJECTED_DISMISSED
"With reference to the subject cited above, it is to inform that  department appeals forwarded department. The information sought qualifies as personal information of a third party, causing an unwarranted invasion of privacy under Section 8(1)(j).  No further intervention is required. Information Commissioner",REJECTED_DISMISSED
Reference is invited to your RTI application dated 12/05/2026.  appeals regarding forwarded stipulated. The information submitted is in Marathi language and it is not understood. Submit in Hindi or English.  No further intervention is required. Information Commissioner,OVERTURNED_ALLOWED
This order disposes of the First Appeal filed by the appellant.  applicant perusal perusal appeals. The PIO failed to furnish the requested information within the mandatory 30-day period stipulated under Section 7(1).  No further intervention is required. Information Commissioner,OVERTURNED_ALLOWED
"With reference to the subject cited above, it is to inform that  stipulated regarding officials records. The information submitted is in Marathi language and it is not understood. Submit in Hindi or English.  The application is disposed of accordingly. CPIO",OVERTURNED_ALLOWED
"Subject: Information sought under RTI Act, 2005.  appeals stipulated appeals records. The organization is exempt under Section 24 of the RTI Act.  The application is disposed of accordingly. CPIO",REJECTED_DISMISSED
This order disposes of the First Appeal filed by the appellant.  officials perusal department forwarded. The organization is exempt under Section 24 of the RTI Act.  Hence your application is rejected. (Signature) Public Information Officer,REJECTED_DISMISSED
"With reference to the subject cited above, it is to inform that  officials officials forwarded forwarded. The organization is exempt under Section 24 of the RTI Act.  The application is disposed of accordingly. CPIO",REJECTED_DISMISSED
Reference is invited to your RTI application dated 12/05/2026.  stipulated department department applicant. The information submitted is in Marathi language and it is not understood. Submit in Hindi or English.  No further intervention is required. Information Commissioner,OVERTURNED_ALLOWED
"Subject: Information sought under RTI Act, 2005.  appeals officials regarding department. The information is held by the bank in a fiduciary capacity and is exempt under Section 8(1)(e).  The application is disposed of accordingly. CPIO",REJECTED_DISMISSED
"With reference to the subject cited above, it is to inform that  perusal appeals perusal stipulated. Information denied under commercial confidence Section 8(1)(d).  The application is disposed of accordingly. CPIO",PARTIALLY_ALLOWED
Reference is invited to your RTI application dated 12/05/2026.  regarding officials appeals records. The information submitted is in Marathi language and it is not understood. Submit in Hindi or English.  Hence your application is rejected. (Signature) Public Information Officer,OVERTURNED_ALLOWED
"With reference to the subject cited above, it is to inform that  department appeals regarding officials. The requested information runs into 150 pages. You are directed to pay Rs. 1500 towards compilation and search charges.  The application is disposed of accordingly. CPIO",OVERTURNED_ALLOWED
"Subject: Information sought under RTI Act, 2005.  department officials forwarded records. The organization is exempt under Section 24 of the RTI Act.  No further intervention is required. Information Commissioner",REJECTED_DISMISSED
Reference is invited to your RTI application dated 12/05/2026.  appeals appeals regarding forwarded. The PIO failed to furnish the requested information within the mandatory 30-day period stipulated under Section 7(1).  Hence your application is rejected. (Signature) Public Information Officer,OVERTURNED_ALLOWED
"Subject: Information sought under RTI Act, 2005.  stipulated officials officials appeals. The PIO failed to furnish the requested information within the mandatory 30-day period stipulated under Section 7(1).  No further intervention is required. Information Commissioner",OVERTURNED_ALLOWED
Reference is invited to your RTI application dated 12/05/2026.  forwarded forwarded appeals officials. Disclosure of this information would prejudicially affect the sovereignty and security of the state under Section 8(1)(a).  No further intervention is required. Information Commissioner,REJECTED_DISMISSED
This order disposes of the First Appeal filed by the appellant.  applicant appeals officials applicant. The PIO failed to furnish the requested information within the mandatory 30-day period stipulated under Section 7(1).  No further intervention is required. Information Commissioner,OVERTURNED_ALLOWED
This order disposes of the First Appeal filed by the appellant.  department department forwarded stipulated. The information submitted is in Marathi language and it is not understood. Submit in Hindi or English.  The application is disposed of accordingly. CPIO,OVERTURNED_ALLOWED
"Subject: Information sought under RTI Act, 2005.  records stipulated forwarded appeals. The requested information runs into 150 pages. You are directed to pay Rs. 1500 towards compilation and search charges.  No further intervention is required. Information Commissioner",OVERTURNED_ALLOWED
"With reference to the subject cited above, it is to inform that  forwarded officials forwarded stipulated. The information submitted is in Marathi language and it is not understood. Submit in Hindi or English.  The application is disposed of accordingly. CPIO",OVERTURNED_ALLOWED
"Subject: Information sought under RTI Act, 2005.  perusal forwarded regarding applicant. The requested information runs into 150 pages. You are directed to pay Rs. 1500 towards compilation and search charges.  The application is disposed of accordingly. CPIO",OVERTURNED_ALLOWED
Reference is invited to your RTI application dated 12/05/2026.  appeals stipulated perusal applicant. The information submitted is in Marathi language and it is not understood. Submit in Hindi or English.  No further intervention is required. Information Commissioner,OVERTURNED_ALLOWED
Reference is invited to your RTI application dated 12/05/2026.  officials stipulated forwarded stipulated. The information submitted is in Marathi language and it is not understood. Submit in Hindi or English.  No further intervention is required. Information Commissioner,OVERTURNED_ALLOWED
"Subject: Information sought under RTI Act, 2005.  forwarded applicant appeals officials. The PIO failed to furnish the requested information within the mandatory 30-day period stipulated under Section 7(1).  The application is disposed of accordingly. CPIO",OVERTURNED_ALLOWED
"This order disposes of the First Appeal filed by the appellant.  officials applicant stipulated regarding. The information sought qualifies as personal information of a third party, causing an unwarranted invasion of privacy under Section 8(1)(j).  The application is disposed of accordingly. CPIO",REJECTED_DISMISSED
Reference is invited to your RTI application dated 12/05/2026.  applicant forwarded appeals stipulated. You have asked us to investigate and take strict disciplinary action. This does not fall under the definition of information as per Section 2(f).  The application is disposed of accordingly. CPIO,REJECTED_DISMISSED
Reference is invited to your RTI application dated 12/05/2026.  records stipulated perusal officials. Information denied under commercial confidence Section 8(1)(d).  Hence your application is rejected. (Signature) Public Information Officer,PARTIALLY_ALLOWED
"Subject: Information sought under RTI Act, 2005.  applicant perusal department stipulated. The requested information runs into 150 pages. You are directed to pay Rs. 1500 towards compilation and search charges.  The application is disposed of accordingly. CPIO",OVERTURNED_ALLOWED
This order disposes of the First Appeal filed by the appellant.  department appeals perusal regarding. The information is held by the bank in a fiduciary capacity and is exempt under Section 8(1)(e).  Hence your application is rejected. (Signature) Public Information Officer,REJECTED_DISMISSED
This order disposes of the First Appeal filed by the appellant.  officials applicant officials appeals. Please be informed that this office does not maintain this. You are advised to separately file fresh RTI applications to other offices instead of a Section 6(3) transfer.  No further intervention is required. Information Commissioner,OVERTURNED_ALLOWED
"With reference to the subject cited above, it is to inform that  appeals applicant officials officials. Please be informed that this office does not maintain this. You are advised to separately file fresh RTI applications to other offices instead of a Section 6(3) transfer.  No further intervention is required. Information Commissioner",OVERTURNED_ALLOWED
This order disposes of the First Appeal filed by the appellant.  stipulated stipulated stipulated officials. The information is held by the bank in a fiduciary capacity and is exempt under Section 8(1)(e).  Hence your application is rejected. (Signature) Public Information Officer,REJECTED_DISMISSED
This order disposes of the First Appeal filed by the appellant.  forwarded perusal perusal forwarded. The requested information runs into 150 pages. You are directed to pay Rs. 1500 towards compilation and search charges.  Hence your application is rejected. (Signature) Public Information Officer,OVERTURNED_ALLOWED
"With reference to the subject cited above, it is to inform that  applicant department stipulated stipulated. Information denied under commercial confidence Section 8(1)(d).  Hence your application is rejected. (Signature) Public Information Officer",PARTIALLY_ALLOWED
"Subject: Information sought under RTI Act, 2005.  forwarded department perusal regarding. The PIO failed to furnish the requested information within the mandatory 30-day period stipulated under Section 7(1).  Hence your application is rejected. (Signature) Public Information Officer",OVERTURNED_ALLOWED
"With reference to the subject cited above, it is to inform that  department applicant department officials. You have asked us to investigate and take strict disciplinary action. This does not fall under the definition of information as per Section 2(f).  The application is disposed of accordingly. CPIO",REJECTED_DISMISSED
"Subject: Information sought under RTI Act, 2005.  stipulated stipulated department department. You have asked us to investigate and take strict disciplinary action. This does not fall under the definition of information as per Section 2(f).  The application is disposed of accordingly. CPIO",REJECTED_DISMISSED
"Subject: Information sought under RTI Act, 2005.  stipulated stipulated department appeals. The information submitted is in Marathi language and it is not understood. Submit in Hindi or English.  No further intervention is required. Information Commissioner",OVERTURNED_ALLOWED
"Subject: Information sought under RTI Act, 2005.  records appeals perusal perusal. Disclosure of this information would prejudicially affect the sovereignty and security of the state under Section 8(1)(a).  Hence your application is rejected. (Signature) Public Information Officer",REJECTED_DISMISSED
Reference is invited to your RTI application dated 12/05/2026.  department appeals applicant applicant. You have asked us to investigate and take strict disciplinary action. This does not fall under the definition of information as per Section 2(f).  Hence your application is rejected. (Signature) Public Information Officer,REJECTED_DISMISSED
"With reference to the subject cited above, it is to inform that  applicant appeals regarding regarding. The information is held by the bank in a fiduciary capacity and is exempt under Section 8(1)(e).  No further intervention is required. Information Commissioner",REJECTED_DISMISSED
"Subject: Information sought under RTI Act, 2005.  forwarded forwarded forwarded forwarded. You have asked us to investigate and take strict disciplinary action. This does not fall under the definition of information as per Section 2(f).  Hence your application is rejected. (Signature) Public Information Officer",REJECTED_DISMISSED
Reference is invited to your RTI application dated 12/05/2026.  records stipulated forwarded applicant. Information denied under commercial confidence Section 8(1)(d).  Hence your application is rejected. (Signature) Public Information Officer,PARTIALLY_ALLOWED
This order disposes of the First Appeal filed by the appellant.  perusal appeals records forwarded. The requested information runs into 150 pages. You are directed to pay Rs. 1500 towards compilation and search charges.  No further intervention is required. Information Commissioner,OVERTURNED_ALLOWED
"With reference to the subject cited above, it is to inform that  appeals records department department. The PIO failed to furnish the requested information within the mandatory 30-day period stipulated under Section 7(1).  Hence your application is rejected. (Signature) Public Information Officer",OVERTURNED_ALLOWED
Reference is invited to your RTI application dated 12/05/2026.  officials officials applicant forwarded. You have asked us to investigate and take strict disciplinary action. This does not fall under the definition of information as per Section 2(f).  Hence your application is rejected. (Signature) Public Information Officer,REJECTED_DISMISSED
"Subject: Information sought under RTI Act, 2005.  officials forwarded records stipulated. Disclosure of this information would prejudicially affect the sovereignty and security of the state under Section 8(1)(a).  The application is disposed of accordingly. CPIO",REJECTED_DISMISSED
This order disposes of the First Appeal filed by the appellant.  applicant department officials perusal. You have asked us to investigate and take strict disciplinary action. This does not fall under the definition of information as per Section 2(f).  The application is disposed of accordingly. CPIO,REJECTED_DISMISSED
"With reference to the subject cited above, it is to inform that  department appeals regarding appeals. The information submitted is in Marathi language and it is not understood. Submit in Hindi or English.  Hence your application is rejected. (Signature) Public Information Officer",OVERTURNED_ALLOWED
"With reference to the subject cited above, it is to inform that  forwarded forwarded regarding stipulated. The PIO failed to furnish the requested information within the mandatory 30-day period stipulated under Section 7(1).  The application is disposed of accordingly. CPIO",OVERTURNED_ALLOWED
"With reference to the subject cited above, it is to inform that  department applicant department stipulated. You have asked us to investigate and take strict disciplinary action. This does not fall under the definition of information as per Section 2(f).  The application is disposed of accordingly. CPIO",REJECTED_DISMISSED
This order disposes of the First Appeal filed by the appellant.  officials applicant officials perusal. Please be informed that this office does not maintain this. You are advised to separately file fresh RTI applications to other offices instead of a Section 6(3) transfer.  The application is disposed of accordingly. CPIO,OVERTURNED_ALLOWED
This order disposes of the First Appeal filed by the appellant.  records perusal stipulated regarding. The requested information runs into 150 pages. You are directed to pay Rs. 1500 towards compilation and search charges.  No further intervention is required. Information Commissioner,OVERTURNED_ALLOWED
"With reference to the subject cited above, it is to inform that  officials regarding applicant applicant. The PIO failed to furnish the requested information within the mandatory 30-day period stipulated under Section 7(1).  No further intervention is required. Information Commissioner",OVERTURNED_ALLOWED
"With reference to the subject cited above, it is to inform that  forwarded regarding appeals regarding. Disclosure of this information would prejudicially affect the sovereignty and security of the state under Section 8(1)(a).  The application is disposed of accordingly. CPIO",REJECTED_DISMISSED
"With reference to the subject cited above, it is to inform that  records forwarded perusal regarding. You have asked us to investigate and take strict disciplinary action. This does not fall under the definition of information as per Section 2(f).  No further intervention is required. Information Commissioner",REJECTED_DISMISSED
Reference is invited to your RTI application dated 12/05/2026.  forwarded appeals applicant applicant. Disclosure of this information would prejudicially affect the sovereignty and security of the state under Section 8(1)(a).  No further intervention is required. Information Commissioner,REJECTED_DISMISSED
This order disposes of the First Appeal filed by the appellant.  officials appeals officials applicant. The requested information runs into 150 pages. You are directed to pay Rs. 1500 towards compilation and search charges.  Hence your application is rejected. (Signature) Public Information Officer,OVERTURNED_ALLOWED
"With reference to the subject cited above, it is to inform that  appeals appeals applicant stipulated. The information is held by the bank in a fiduciary capacity and is exempt under Section 8(1)(e).  Hence your application is rejected. (Signature) Public Information Officer",REJECTED_DISMISSED
Reference is invited to your RTI application dated 12/05/2026.  stipulated stipulated perusal forwarded. Please be informed that this office does not maintain this. You are advised to separately file fresh RTI applications to other offices instead of a Section 6(3) transfer.  Hence your application is rejected. (Signature) Public Information Officer,OVERTURNED_ALLOWED
This order disposes of the First Appeal filed by the appellant.  records stipulated officials appeals. Information denied under commercial confidence Section 8(1)(d).  Hence your application is rejected. (Signature) Public Information Officer,PARTIALLY_ALLOWED
This order disposes of the First Appeal filed by the appellant.  officials records records officials. The PIO failed to furnish the requested information within the mandatory 30-day period stipulated under Section 7(1).  The application is disposed of accordingly. CPIO,OVERTURNED_ALLOWED
"With reference to the subject cited above, it is to inform that  perusal regarding stipulated stipulated. Disclosure of this information would prejudicially affect the sovereignty and security of the state under Section 8(1)(a).  The application is disposed of accordingly. CPIO",REJECTED_DISMISSED
This order disposes of the First Appeal filed by the appellant.  regarding records forwarded applicant. The information is held by the bank in a fiduciary capacity and is exempt under Section 8(1)(e).  The application is disposed of accordingly. CPIO,REJECTED_DISMISSED
This order disposes of the First Appeal filed by the appellant.  perusal records appeals stipulated. The organization is exempt under Section 24 of the RTI Act.  The application is disposed of accordingly. CPIO,REJECTED_DISMISSED
"With reference to the subject cited above, it is to inform that  forwarded applicant appeals appeals. Please be informed that this office does not maintain this. You are advised to separately file fresh RTI applications to other offices instead of a Section 6(3) transfer.  The application is disposed of accordingly. CPIO",OVERTURNED_ALLOWED
"With reference to the subject cited above, it is to inform that  regarding regarding regarding regarding. Disclosure of this information would prejudicially affect the sovereignty and security of the state under Section 8(1)(a).  The application is disposed of accordingly. CPIO",REJECTED_DISMISSED
"With reference to the subject cited above, it is to inform that  records applicant officials stipulated. The PIO failed to furnish the requested information within the mandatory 30-day period stipulated under Section 7(1).  The application is disposed of accordingly. CPIO",OVERTURNED_ALLOWED
Reference is invited to your RTI application dated 12/05/2026.  department perusal department department. The requested information runs into 150 pages. You are directed to pay Rs. 1500 towards compilation and search charges.  No further intervention is required. Information Commissioner,OVERTURNED_ALLOWED
"With reference to the subject cited above, it is to inform that  stipulated applicant appeals applicant. The PIO failed to furnish the requested information within the mandatory 30-day period stipulated under Section 7(1).  Hence your application is rejected. (Signature) Public Information Officer",OVERTURNED_ALLOWED
"With reference to the subject cited above, it is to inform that  stipulated forwarded officials department. Information denied under commercial confidence Section 8(1)(d).  No further intervention is required. Information Commissioner",PARTIALLY_ALLOWED
Reference is invited to your RTI application dated 12/05/2026.  appeals applicant stipulated regarding. Disclosure of this information would prejudicially affect the sovereignty and security of the state under Section 8(1)(a).  No further intervention is required. Information Commissioner,REJECTED_DISMISSED
"With reference to the subject cited above, it is to inform that  department records applicant officials. The requested information runs into 150 pages. You are directed to pay Rs. 1500 towards compilation and search charges.  Hence your application is rejected. (Signature) Public Information Officer",OVERTURNED_ALLOWED
"With reference to the subject cited above, it is to inform that  officials perusal applicant forwarded. Disclosure of this information would prejudicially affect the sovereignty and security of the state under Section 8(1)(a).  The application is disposed of accordingly. CPIO",REJECTED_DISMISSED
"With reference to the subject cited above, it is to inform that  department regarding department regarding. The PIO failed to furnish the requested information within the mandatory 30-day period stipulated under Section 7(1).  The application is disposed of accordingly. CPIO",OVERTURNED_ALLOWED
This order disposes of the First Appeal filed by the appellant.  records department appeals officials. The information submitted is in Marathi language and it is not understood. Submit in Hindi or English.  Hence your application is rejected. (Signature) Public Information Officer,OVERTURNED_ALLOWED
This order disposes of the First Appeal filed by the appellant.  applicant department stipulated department. Information denied under commercial confidence Section 8(1)(d).  Hence your application is rejected. (Signature) Public Information Officer,PARTIALLY_ALLOWED
This order disposes of the First Appeal filed by the appellant.  forwarded records officials perusal. You have asked us to investigate and take strict disciplinary action. This does not fall under the definition of information as per Section 2(f).  No further intervention is required. Information Commissioner,REJECTED_DISMISSED
This order disposes of the First Appeal filed by the appellant.  officials stipulated stipulated regarding. Disclosure of this information would prejudicially affect the sovereignty and security of the state under Section 8(1)(a).  The application is disposed of accordingly. CPIO,REJECTED_DISMISSED
"With reference to the subject cited above, it is to inform that  applicant perusal records appeals. You have asked us to investigate and take strict disciplinary action. This does not fall under the definition of information as per Section 2(f).  The application is disposed of accordingly. CPIO",REJECTED_DISMISSED
"With reference to the subject cited above, it is to inform that  records applicant forwarded forwarded. You have asked us to investigate and take strict disciplinary action. This does not fall under the definition of information as per Section 2(f).  The application is disposed of accordingly. CPIO",REJECTED_DISMISSED
"With reference to the subject cited above, it is to inform that  records stipulated appeals regarding. The requested information runs into 150 pages. You are directed to pay Rs. 1500 towards compilation and search charges.  Hence your application is rejected. (Signature) Public Information Officer",OVERTURNED_ALLOWED
"With reference to the subject cited above, it is to inform that  records forwarded stipulated applicant. The PIO failed to furnish the requested information within the mandatory 30-day period stipulated under Section 7(1).  The application is disposed of accordingly. CPIO",OVERTURNED_ALLOWED
Reference is invited to your RTI application dated 12/05/2026.  applicant records stipulated records. Information denied under commercial confidence Section 8(1)(d).  Hence your application is rejected. (Signature) Public Information Officer,PARTIALLY_ALLOWED
"Subject: Information sought under RTI Act, 2005.  department appeals applicant forwarded. You have asked us to investigate and take strict disciplinary action. This does not fall under the definition of information as per Section 2(f).  No further intervention is required. Information Commissioner",REJECTED_DISMISSED
"Subject: Information sought under RTI Act, 2005.  perusal appeals applicant applicant. Please be informed that this office does not maintain this. You are advised to separately file fresh RTI applications to other offices instead of a Section 6(3) transfer.  The application is disposed of accordingly. CPIO",OVERTURNED_ALLOWED
This order disposes of the First Appeal filed by the appellant.  department records officials forwarded. The information submitted is in Marathi language and it is not understood. Submit in Hindi or English.  Hence your application is rejected. (Signature) Public Information Officer,OVERTURNED_ALLOWED
"With reference to the subject cited above, it is to inform that  department regarding regarding officials. The information submitted is in Marathi language and it is not understood. Submit in Hindi or English.  The application is disposed of accordingly. CPIO",OVERTURNED_ALLOWED
"Subject: Information sought under RTI Act, 2005.  department officials records officials. Please be informed that this office does not maintain this. You are advised to separately file fresh RTI applications to other offices instead of a Section 6(3) transfer.  No further intervention is required. Information Commissioner",OVERTURNED_ALLOWED
"Subject: Information sought under RTI Act, 2005.  perusal department appeals appeals. The PIO failed to furnish the requested information within the mandatory 30-day period stipulated under Section 7(1).  The application is disposed of accordingly. CPIO",OVERTURNED_ALLOWED
"Subject: Information sought under RTI Act, 2005.  applicant perusal forwarded officials. The requested information runs into 150 pages. You are directed to pay Rs. 1500 towards compilation and search charges.  The application is disposed of accordingly. CPIO",OVERTURNED_ALLOWED
Reference is invited to your RTI application dated 12/05/2026.  forwarded stipulated records officials. The requested information runs into 150 pages. You are directed to pay Rs. 1500 towards compilation and search charges.  No further intervention is required. Information Commissioner,OVERTURNED_ALLOWED
Reference is invited to your RTI application dated 12/05/2026.  perusal officials regarding perusal. Disclosure of this information would prejudicially affect the sovereignty and security of the state under Section 8(1)(a).  Hence your application is rejected. (Signature) Public Information Officer,REJECTED_DISMISSED
Reference is invited to your RTI application dated 12/05/2026.  officials forwarded department appeals. The PIO failed to furnish the requested information within the mandatory 30-day period stipulated under Section 7(1).  Hence your application is rejected. (Signature) Public Information Officer,OVERTURNED_ALLOWED
"With reference to the subject cited above, it is to inform that  applicant regarding perusal stipulated. You have asked us to investigate and take strict disciplinary action. This does not fall under the definition of information as per Section 2(f).  No further intervention is required. Information Commissioner",REJECTED_DISMISSED
This order disposes of the First Appeal filed by the appellant.  stipulated stipulated applicant appeals. The information submitted is in Marathi language and it is not understood. Submit in Hindi or English.  Hence your application is rejected. (Signature) Public Information Officer,OVERTURNED_ALLOWED
"With reference to the subject cited above, it is to inform that  records regarding stipulated applicant. Information denied under commercial confidence Section 8(1)(d).  The application is disposed of accordingly. CPIO",PARTIALLY_ALLOWED
"Subject: Information sought under RTI Act, 2005.  department applicant stipulated appeals. The information submitted is in Marathi language and it is not understood. Submit in Hindi or English.  No further intervention is required. Information Commissioner",OVERTURNED_ALLOWED
"With reference to the subject cited above, it is to inform that  forwarded forwarded records applicant. The information is held by the bank in a fiduciary capacity and is exempt under Section 8(1)(e).  The application is disposed of accordingly. CPIO",REJECTED_DISMISSED
Reference is invited to your RTI application dated 12/05/2026.  applicant applicant records regarding. Please be informed that this office does not maintain this. You are advised to separately file fresh RTI applications to other offices instead of a Section 6(3) transfer.  The application is disposed of accordingly. CPIO,OVERTURNED_ALLOWED
"Subject: Information sought under RTI Act, 2005.  forwarded department regarding applicant. The information is held by the bank in a fiduciary capacity and is exempt under Section 8(1)(e).  The application is disposed of accordingly. CPIO",REJECTED_DISMISSED
This order disposes of the First Appeal filed by the appellant.  forwarded forwarded officials officials. The requested information runs into 150 pages. You are directed to pay Rs. 1500 towards compilation and search charges.  No further intervention is required. Information Commissioner,OVERTURNED_ALLOWED
"Subject: Information sought under RTI Act, 2005.  officials applicant officials applicant. The information is held by the bank in a fiduciary capacity and is exempt under Section 8(1)(e).  The application is disposed of accordingly. CPIO",REJECTED_DISMISSED
"Subject: Information sought under RTI Act, 2005.  officials forwarded perusal department. The requested information runs into 150 pages. You are directed to pay Rs. 1500 towards compilation and search charges.  The application is disposed of accordingly. CPIO",OVERTURNED_ALLOWED
"With reference to the subject cited above, it is to inform that  officials perusal perusal stipulated. The information submitted is in Marathi language and it is not understood. Submit in Hindi or English.  The application is disposed of accordingly. CPIO",OVERTURNED_ALLOWED
"Subject: Information sought under RTI Act, 2005.  applicant officials regarding records. The information is held by the bank in a fiduciary capacity and is exempt under Section 8(1)(e).  No further intervention is required. Information Commissioner",REJECTED_DISMISSED
"With reference to the subject cited above, it is to inform that  records records department records. Please be informed that this office does not maintain this. You are advised to separately file fresh RTI applications to other offices instead of a Section 6(3) transfer.  No further intervention is required. Information Commissioner",OVERTURNED_ALLOWED
"Subject: Information sought under RTI Act, 2005.  applicant department regarding officials. The information sought qualifies as personal information of a third party, causing an unwarranted invasion of privacy under Section 8(1)(j).  No further intervention is required. Information Commissioner",REJECTED_DISMISSED
"Subject: Information sought under RTI Act, 2005.  applicant forwarded regarding regarding. Information denied under commercial confidence Section 8(1)(d).  Hence your application is rejected. (Signature) Public Information Officer",PARTIALLY_ALLOWED
"Subject: Information sought under RTI Act, 2005.  stipulated regarding perusal department. The organization is exempt under Section 24 of the RTI Act.  The application is disposed of accordingly. CPIO",REJECTED_DISMISSED
"Subject: Information sought under RTI Act, 2005.  records forwarded officials forwarded. The requested information runs into 150 pages. You are directed to pay Rs. 1500 towards compilation and search charges.  No further intervention is required. Information Commissioner",OVERTURNED_ALLOWED
This order disposes of the First Appeal filed by the appellant.  appeals officials applicant applicant. Information denied under commercial confidence Section 8(1)(d).  The application is disposed of accordingly. CPIO,PARTIALLY_ALLOWED
"With reference to the subject cited above, it is to inform that  regarding records department officials. The information submitted is in Marathi language and it is not understood. Submit in Hindi or English.  No further intervention is required. Information Commissioner",OVERTURNED_ALLOWED
"With reference to the subject cited above, it is to inform that  applicant officials regarding regarding. Please be informed that this office does not maintain this. You are advised to separately file fresh RTI applications to other offices instead of a Section 6(3) transfer.  Hence your application is rejected. (Signature) Public Information Officer",OVERTURNED_ALLOWED
This order disposes of the First Appeal filed by the appellant.  records stipulated records perusal. The information submitted is in Marathi language and it is not understood. Submit in Hindi or English.  The application is disposed of accordingly. CPIO,OVERTURNED_ALLOWED
"With reference to the subject cited above, it is to inform that  records stipulated stipulated forwarded. Disclosure of this information would prejudicially affect the sovereignty and security of the state under Section 8(1)(a).  The application is disposed of accordingly. CPIO",REJECTED_DISMISSED
"With reference to the subject cited above, it is to inform that  officials department department applicant. The information is held by the bank in a fiduciary capacity and is exempt under Section 8(1)(e).  No further intervention is required. Information Commissioner",REJECTED_DISMISSED
This order disposes of the First Appeal filed by the appellant.  officials department department records. The organization is exempt under Section 24 of the RTI Act.  No further intervention is required. Information Commissioner,REJECTED_DISMISSED
"This order disposes of the First Appeal filed by the appellant.  forwarded department officials regarding. The information sought qualifies as personal information of a third party, causing an unwarranted invasion of privacy under Section 8(1)(j).  No further intervention is required. Information Commissioner",REJECTED_DISMISSED
"Subject: Information sought under RTI Act, 2005.  regarding department stipulated forwarded. Information denied under commercial confidence Section 8(1)(d).  No further intervention is required. Information Commissioner",PARTIALLY_ALLOWED
"Subject: Information sought under RTI Act, 2005.  regarding department officials stipulated. You have asked us to investigate and take strict disciplinary action. This does not fall under the definition of information as per Section 2(f).  The application is disposed of accordingly. CPIO",REJECTED_DISMISSED
"Subject: Information sought under RTI Act, 2005.  department applicant regarding records. The information submitted is in Marathi language and it is not understood. Submit in Hindi or English.  The application is disposed of accordingly. CPIO",OVERTURNED_ALLOWED
Reference is invited to your RTI application dated 12/05/2026.  records appeals records stipulated. The information is held by the bank in a fiduciary capacity and is exempt under Section 8(1)(e).  Hence your application is rejected. (Signature) Public Information Officer,REJECTED_DISMISSED
"With reference to the subject cited above, it is to inform that  department department perusal applicant. Disclosure of this information would prejudicially affect the sovereignty and security of the state under Section 8(1)(a).  The application is disposed of accordingly. CPIO",REJECTED_DISMISSED
"With reference to the subject cited above, it is to inform that  regarding perusal perusal stipulated. The information sought qualifies as personal information of a third party, causing an unwarranted invasion of privacy under Section 8(1)(j).  Hence your application is rejected. (Signature) Public Information Officer",REJECTED_DISMISSED
"With reference to the subject cited above, it is to inform that  regarding applicant stipulated appeals. The organization is exempt under Section 24 of the RTI Act.  The application is disposed of accordingly. CPIO",REJECTED_DISMISSED
Reference is invited to your RTI application dated 12/05/2026.  perusal officials applicant perusal. The requested information runs into 150 pages. You are directed to pay Rs. 1500 towards compilation and search charges.  Hence your application is rejected. (Signature) Public Information Officer,OVERTURNED_ALLOWED
Reference is invited to your RTI application dated 12/05/2026.  regarding forwarded records applicant. The organization is exempt under Section 24 of the RTI Act.  No further intervention is required. Information Commissioner,REJECTED_DISMISSED
This order disposes of the First Appeal filed by the appellant.  forwarded department forwarded department. The organization is exempt under Section 24 of the RTI Act.  The application is disposed of accordingly. CPIO,REJECTED_DISMISSED
Reference is invited to your RTI application dated 12/05/2026.  appeals applicant officials stipulated. The information submitted is in Marathi language and it is not understood. Submit in Hindi or English.  The application is disposed of accordingly. CPIO,OVERTURNED_ALLOWED
"Subject: Information sought under RTI Act, 2005.  regarding officials regarding stipulated. Disclosure of this information would prejudicially affect the sovereignty and security of the state under Section 8(1)(a).  The application is disposed of accordingly. CPIO",REJECTED_DISMISSED
"With reference to the subject cited above, it is to inform that  appeals appeals department regarding. The organization is exempt under Section 24 of the RTI Act.  Hence your application is rejected. (Signature) Public Information Officer",REJECTED_DISMISSED
This order disposes of the First Appeal filed by the appellant.  department applicant department forwarded. Please be informed that this office does not maintain this. You are advised to separately file fresh RTI applications to other offices instead of a Section 6(3) transfer.  The application is disposed of accordingly. CPIO,OVERTURNED_ALLOWED
This order disposes of the First Appeal filed by the appellant.  forwarded department applicant appeals. Disclosure of this information would prejudicially affect the sovereignty and security of the state under Section 8(1)(a).  Hence your application is rejected. (Signature) Public Information Officer,REJECTED_DISMISSED
Reference is invited to your RTI application dated 12/05/2026.  stipulated appeals stipulated officials. Please be informed that this office does not maintain this. You are advised to separately file fresh RTI applications to other offices instead of a Section 6(3) transfer.  The application is disposed of accordingly. CPIO,OVERTURNED_ALLOWED
Reference is invited to your RTI application dated 12/05/2026.  appeals perusal appeals records. The information submitted is in Marathi language and it is not understood. Submit in Hindi or English.  Hence your application is rejected. (Signature) Public Information Officer,OVERTURNED_ALLOWED
"With reference to the subject cited above, it is to inform that  regarding records stipulated records. Information denied under commercial confidence Section 8(1)(d).  Hence your application is rejected. (Signature) Public Information Officer",PARTIALLY_ALLOWED
"With reference to the subject cited above, it is to inform that  forwarded regarding records perusal. The information submitted is in Marathi language and it is not understood. Submit in Hindi or English.  No further intervention is required. Information Commissioner",OVERTURNED_ALLOWED
Reference is invited to your RTI application dated 12/05/2026.  perusal department perusal records. The organization is exempt under Section 24 of the RTI Act.  Hence your application is rejected. (Signature) Public Information Officer,REJECTED_DISMISSED
"This order disposes of the First Appeal filed by the appellant.  records department appeals forwarded. The information sought qualifies as personal information of a third party, causing an unwarranted invasion of privacy under Section 8(1)(j).  Hence your application is rejected. (Signature) Public Information Officer",REJECTED_DISMISSED
"With reference to the subject cited above, it is to inform that  officials forwarded perusal perusal. The requested information runs into 150 pages. You are directed to pay Rs. 1500 towards compilation and search charges.  Hence your application is rejected. (Signature) Public Information Officer",OVERTURNED_ALLOWED
This order disposes of the First Appeal filed by the appellant.  forwarded records perusal officials. The requested information runs into 150 pages. You are directed to pay Rs. 1500 towards compilation and search charges.  Hence your application is rejected. (Signature) Public Information Officer,OVERTURNED_ALLOWED
"With reference to the subject cited above, it is to inform that  perusal records regarding applicant. The information submitted is in Marathi language and it is not understood. Submit in Hindi or English.  The application is disposed of accordingly. CPIO",OVERTURNED_ALLOWED
Reference is invited to your RTI application dated 12/05/2026.  stipulated department department perusal. The PIO failed to furnish the requested information within the mandatory 30-day period stipulated under Section 7(1).  The application is disposed of accordingly. CPIO,OVERTURNED_ALLOWED
"Subject: Information sought under RTI Act, 2005.  perusal forwarded appeals applicant. The information submitted is in Marathi language and it is not understood. Submit in Hindi or English.  The application is disposed of accordingly. CPIO",OVERTURNED_ALLOWED
"Subject: Information sought under RTI Act, 2005.  forwarded applicant appeals perusal. Information denied under commercial confidence Section 8(1)(d).  No further intervention is required. Information Commissioner",PARTIALLY_ALLOWED
"Subject: Information sought under RTI Act, 2005.  records perusal regarding applicant. The information submitted is in Marathi language and it is not understood. Submit in Hindi or English.  The application is disposed of accordingly. CPIO",OVERTURNED_ALLOWED
Reference is invited to your RTI application dated 12/05/2026.  regarding regarding department perusal. You have asked us to investigate and take strict disciplinary action. This does not fall under the definition of information as per Section 2(f).  No further intervention is required. Information Commissioner,REJECTED_DISMISSED
"With reference to the subject cited above, it is to inform that  regarding officials perusal records. The organization is exempt under Section 24 of the RTI Act.  The application is disposed of accordingly. CPIO",REJECTED_DISMISSED
"With reference to the subject cited above, it is to inform that  stipulated officials officials stipulated. The PIO failed to furnish the requested information within the mandatory 30-day period stipulated under Section 7(1).  No further intervention is required. Information Commissioner",OVERTURNED_ALLOWED
This order disposes of the First Appeal filed by the appellant.  department stipulated department regarding. The requested information runs into 150 pages. You are directed to pay Rs. 1500 towards compilation and search charges.  No further intervention is required. Information Commissioner,OVERTURNED_ALLOWED
"Reference is invited to your RTI application dated 12/05/2026.  department officials perusal officials. The information sought qualifies as personal information of a third party, causing an unwarranted invasion of privacy under Section 8(1)(j).  The application is disposed of accordingly. CPIO",REJECTED_DISMISSED
This order disposes of the First Appeal filed by the appellant.  forwarded regarding records applicant. You have asked us to investigate and take strict disciplinary action. This does not fall under the definition of information as per Section 2(f).  Hence your application is rejected. (Signature) Public Information Officer,REJECTED_DISMISSED
This order disposes of the First Appeal filed by the appellant.  forwarded perusal regarding appeals. The information submitted is in Marathi language and it is not understood. Submit in Hindi or English.  Hence your application is rejected. (Signature) Public Information Officer,OVERTURNED_ALLOWED
"With reference to the subject cited above, it is to inform that  department applicant applicant perusal. The organization is exempt under Section 24 of the RTI Act.  Hence your application is rejected. (Signature) Public Information Officer",REJECTED_DISMISSED
This order disposes of the First Appeal filed by the appellant.  department regarding appeals perusal. Disclosure of this information would prejudicially affect the sovereignty and security of the state under Section 8(1)(a).  Hence your application is rejected. (Signature) Public Information Officer,REJECTED_DISMISSED
This order disposes of the First Appeal filed by the appellant.  department applicant forwarded applicant. Information denied under commercial confidence Section 8(1)(d).  No further intervention is required. Information Commissioner,PARTIALLY_ALLOWED
"Subject: Information sought under RTI Act, 2005.  officials regarding stipulated applicant. The organization is exempt under Section 24 of the RTI Act.  No further intervention is required. Information Commissioner",REJECTED_DISMISSED
Reference is invited to your RTI application dated 12/05/2026.  officials stipulated department records. The information is held by the bank in a fiduciary capacity and is exempt under Section 8(1)(e).  The application is disposed of accordingly. CPIO,REJECTED_DISMISSED
"With reference to the subject cited above, it is to inform that  applicant officials appeals appeals. The organization is exempt under Section 24 of the RTI Act.  The application is disposed of accordingly. CPIO",REJECTED_DISMISSED
"With reference to the subject cited above, it is to inform that  appeals stipulated stipulated officials. You have asked us to investigate and take strict disciplinary action. This does not fall under the definition of information as per Section 2(f).  No further intervention is required. Information Commissioner",REJECTED_DISMISSED
Reference is invited to your RTI application dated 12/05/2026.  forwarded stipulated regarding appeals. The information submitted is in Marathi language and it is not understood. Submit in Hindi or English.  No further intervention is required. Information Commissioner,OVERTURNED_ALLOWED
This order disposes of the First Appeal filed by the appellant.  regarding perusal regarding stipulated. Information denied under commercial confidence Section 8(1)(d).  The application is disposed of accordingly. CPIO,PARTIALLY_ALLOWED
"Reference is invited to your RTI application dated 12/05/2026.  officials appeals records forwarded. The information sought qualifies as personal information of a third party, causing an unwarranted invasion of privacy under Section 8(1)(j).  No further intervention is required. Information Commissioner",REJECTED_DISMISSED
Reference is invited to your RTI application dated 12/05/2026.  officials forwarded applicant perusal. The organization is exempt under Section 24 of the RTI Act.  The application is disposed of accordingly. CPIO,REJECTED_DISMISSED
Reference is invited to your RTI application dated 12/05/2026.  perusal regarding regarding regarding. You have asked us to investigate and take strict disciplinary action. This does not fall under the definition of information as per Section 2(f).  No further intervention is required. Information Commissioner,REJECTED_DISMISSED
"Subject: Information sought under RTI Act, 2005.  officials regarding officials regarding. The PIO failed to furnish the requested information within the mandatory 30-day period stipulated under Section 7(1).  No further intervention is required. Information Commissioner",OVERTURNED_ALLOWED
"With reference to the subject cited above, it is to inform that  applicant perusal appeals stipulated. The PIO failed to furnish the requested information within the mandatory 30-day period stipulated under Section 7(1).  Hence your application is rejected. (Signature) Public Information Officer",OVERTURNED_ALLOWED
Reference is invited to your RTI application dated 12/05/2026.  appeals perusal perusal regarding. The information is held by the bank in a fiduciary capacity and is exempt under Section 8(1)(e).  No further intervention is required. Information Commissioner,REJECTED_DISMISSED
"With reference to the subject cited above, it is to inform that  officials perusal stipulated forwarded. The information is held by the bank in a fiduciary capacity and is exempt under Section 8(1)(e).  The application is disposed of accordingly. CPIO",REJECTED_DISMISSED
Reference is invited to your RTI application dated 12/05/2026.  appeals department regarding perusal. The organization is exempt under Section 24 of the RTI Act.  The application is disposed of accordingly. CPIO,REJECTED_DISMISSED
Reference is invited to your RTI application dated 12/05/2026.  forwarded department records stipulated. The information submitted is in Marathi language and it is not understood. Submit in Hindi or English.  No further intervention is required. Information Commissioner,OVERTURNED_ALLOWED
"With reference to the subject cited above, it is to inform that  records appeals officials regarding. Disclosure of this information would prejudicially affect the sovereignty and security of the state under Section 8(1)(a).  No further intervention is required. Information Commissioner",REJECTED_DISMISSED
"Subject: Information sought under RTI Act, 2005.  records perusal stipulated perusal. The information is held by the bank in a fiduciary capacity and is exempt under Section 8(1)(e).  No further intervention is required. Information Commissioner",REJECTED_DISMISSED
This order disposes of the First Appeal filed by the appellant.  appeals stipulated stipulated regarding. You have asked us to investigate and take strict disciplinary action. This does not fall under the definition of information as per Section 2(f).  Hence your application is rejected. (Signature) Public Information Officer,REJECTED_DISMISSED
This order disposes of the First Appeal filed by the appellant.  records officials officials stipulated. The information submitted is in Marathi language and it is not understood. Submit in Hindi or English.  Hence your application is rejected. (Signature) Public Information Officer,OVERTURNED_ALLOWED
This order disposes of the First Appeal filed by the appellant.  officials stipulated applicant applicant. The information submitted is in Marathi language and it is not understood. Submit in Hindi or English.  Hence your application is rejected. (Signature) Public Information Officer,OVERTURNED_ALLOWED
"With reference to the subject cited above, it is to inform that  officials perusal stipulated appeals. The information sought qualifies as personal information of a third party, causing an unwarranted invasion of privacy under Section 8(1)(j).  No further intervention is required. Information Commissioner",REJECTED_DISMISSED
"Subject: Information sought under RTI Act, 2005.  records officials regarding department. The PIO failed to furnish the requested information within the mandatory 30-day period stipulated under Section 7(1).  Hence your application is rejected. (Signature) Public Information Officer",OVERTURNED_ALLOWED
Reference is invited to your RTI application dated 12/05/2026.  applicant records department records. The information submitted is in Marathi language and it is not understood. Submit in Hindi or English.  No further intervention is required. Information Commissioner,OVERTURNED_ALLOWED
"Subject: Information sought under RTI Act, 2005.  department department forwarded stipulated. The information is held by the bank in a fiduciary capacity and is exempt under Section 8(1)(e).  No further intervention is required. Information Commissioner",REJECTED_DISMISSED
Reference is invited to your RTI application dated 12/05/2026.  records department stipulated perusal. The requested information runs into 150 pages. You are directed to pay Rs. 1500 towards compilation and search charges.  The application is disposed of accordingly. CPIO,OVERTURNED_ALLOWED
"Subject: Information sought under RTI Act, 2005.  department appeals department appeals. The requested information runs into 150 pages. You are directed to pay Rs. 1500 towards compilation and search charges.  Hence your application is rejected. (Signature) Public Information Officer",OVERTURNED_ALLOWED
This order disposes of the First Appeal filed by the appellant.  appeals department department appeals. The organization is exempt under Section 24 of the RTI Act.  The application is disposed of accordingly. CPIO,REJECTED_DISMISSED
Reference is invited to your RTI application dated 12/05/2026.  stipulated officials regarding forwarded. Please be informed that this office does not maintain this. You are advised to separately file fresh RTI applications to other offices instead of a Section 6(3) transfer.  Hence your application is rejected. (Signature) Public Information Officer,OVERTURNED_ALLOWED
"Subject: Information sought under RTI Act, 2005.  stipulated stipulated department records. The information submitted is in Marathi language and it is not understood. Submit in Hindi or English.  The application is disposed of accordingly. CPIO",OVERTURNED_ALLOWED
"With reference to the subject cited above, it is to inform that  department officials department department. The PIO failed to furnish the requested information within the mandatory 30-day period stipulated under Section 7(1).  No further intervention is required. Information Commissioner",OVERTURNED_ALLOWED
"With reference to the subject cited above, it is to inform that  appeals stipulated perusal forwarded. The information sought qualifies as personal information of a third party, causing an unwarranted invasion of privacy under Section 8(1)(j).  No further intervention is required. Information Commissioner",REJECTED_DISMISSED
This order disposes of the First Appeal filed by the appellant.  officials appeals regarding officials. Information denied under commercial confidence Section 8(1)(d).  No further intervention is required. Information Commissioner,PARTIALLY_ALLOWED
This order disposes of the First Appeal filed by the appellant.  officials department regarding records. Disclosure of this information would prejudicially affect the sovereignty and security of the state under Section 8(1)(a).  No further intervention is required. Information Commissioner,REJECTED_DISMISSED
Reference is invited to your RTI application dated 12/05/2026.  stipulated officials applicant stipulated. The organization is exempt under Section 24 of the RTI Act.  Hence your application is rejected. (Signature) Public Information Officer,REJECTED_DISMISSED
"With reference to the subject cited above, it is to inform that  applicant records records forwarded. The information sought qualifies as personal information of a third party, causing an unwarranted invasion of privacy under Section 8(1)(j).  Hence your application is rejected. (Signature) Public Information Officer",REJECTED_DISMISSED
"With reference to the subject cited above, it is to inform that  stipulated forwarded perusal regarding. Disclosure of this information would prejudicially affect the sovereignty and security of the state under Section 8(1)(a).  The application is disposed of accordingly. CPIO",REJECTED_DISMISSED
This order disposes of the First Appeal filed by the appellant.  officials stipulated appeals officials. You have asked us to investigate and take strict disciplinary action. This does not fall under the definition of information as per Section 2(f).  Hence your application is rejected. (Signature) Public Information Officer,REJECTED_DISMISSED
This order disposes of the First Appeal filed by the appellant.  records department regarding records. Information denied under commercial confidence Section 8(1)(d).  The application is disposed of accordingly. CPIO,PARTIALLY_ALLOWED
"Subject: Information sought under RTI Act, 2005.  regarding records stipulated records. Disclosure of this information would prejudicially affect the sovereignty and security of the state under Section 8(1)(a).  Hence your application is rejected. (Signature) Public Information Officer",REJECTED_DISMISSED
"With reference to the subject cited above, it is to inform that  officials appeals stipulated department. The information sought qualifies as personal information of a third party, causing an unwarranted invasion of privacy under Section 8(1)(j).  The application is disposed of accordingly. CPIO",REJECTED_DISMISSED
This order disposes of the First Appeal filed by the appellant.  stipulated regarding officials records. The PIO failed to furnish the requested information within the mandatory 30-day period stipulated under Section 7(1).  The application is disposed of accordingly. CPIO,OVERTURNED_ALLOWED
Reference is invited to your RTI application dated 12/05/2026.  regarding regarding regarding department. The information submitted is in Marathi language and it is not understood. Submit in Hindi or English.  The application is disposed of accordingly. CPIO,OVERTURNED_ALLOWED
"This order disposes of the First Appeal filed by the appellant.  appeals applicant applicant officials. The information sought qualifies as personal information of a third party, causing an unwarranted invasion of privacy under Section 8(1)(j).  No further intervention is required. Information Commissioner",REJECTED_DISMISSED
This order disposes of the First Appeal filed by the appellant.  forwarded forwarded applicant applicant. Disclosure of this information would prejudicially affect the sovereignty and security of the state under Section 8(1)(a).  No further intervention is required. Information Commissioner,REJECTED_DISMISSED
"Subject: Information sought under RTI Act, 2005.  appeals stipulated forwarded forwarded. Information denied under commercial confidence Section 8(1)(d).  Hence your application is rejected. (Signature) Public Information Officer",PARTIALLY_ALLOWED
Reference is invited to your RTI application dated 12/05/2026.  forwarded forwarded officials appeals. The organization is exempt under Section 24 of the RTI Act.  The application is disposed of accordingly. CPIO,REJECTED_DISMISSED
This order disposes of the First Appeal filed by the appellant.  records officials applicant applicant. The information submitted is in Marathi language and it is not understood. Submit in Hindi or English.  The application is disposed of accordingly. CPIO,OVERTURNED_ALLOWED
"With reference to the subject cited above, it is to inform that  appeals department applicant applicant. The PIO failed to furnish the requested information within the mandatory 30-day period stipulated under Section 7(1).  The application is disposed of accordingly. CPIO",OVERTURNED_ALLOWED
This order disposes of the First Appeal filed by the appellant.  officials regarding department officials. You have asked us to investigate and take strict disciplinary action. This does not fall under the definition of information as per Section 2(f).  The application is disposed of accordingly. CPIO,REJECTED_DISMISSED
"Subject: Information sought under RTI Act, 2005.  records perusal stipulated appeals. The requested information runs into 150 pages. You are directed to pay Rs. 1500 towards compilation and search charges.  No further intervention is required. Information Commissioner",OVERTURNED_ALLOWED
"With reference to the subject cited above, it is to inform that  applicant applicant appeals perusal. The information is held by the bank in a fiduciary capacity and is exempt under Section 8(1)(e).  No further intervention is required. Information Commissioner",REJECTED_DISMISSED
Reference is invited to your RTI application dated 12/05/2026.  forwarded forwarded perusal officials. Please be informed that this office does not maintain this. You are advised to separately file fresh RTI applications to other offices instead of a Section 6(3) transfer.  Hence your application is rejected. (Signature) Public Information Officer,OVERTURNED_ALLOWED
"With reference to the subject cited above, it is to inform that  forwarded regarding stipulated records. The information submitted is in Marathi language and it is not understood. Submit in Hindi or English.  The application is disposed of accordingly. CPIO",OVERTURNED_ALLOWED
"Subject: Information sought under RTI Act, 2005.  perusal appeals department applicant. You have asked us to investigate and take strict disciplinary action. This does not fall under the definition of information as per Section 2(f).  No further intervention is required. Information Commissioner",REJECTED_DISMISSED
This order disposes of the First Appeal filed by the appellant.  records department regarding forwarded. Disclosure of this information would prejudicially affect the sovereignty and security of the state under Section 8(1)(a).  Hence your application is rejected. (Signature) Public Information Officer,REJECTED_DISMISSED
"Subject: Information sought under RTI Act, 2005.  appeals records records stipulated. The information submitted is in Marathi language and it is not understood. Submit in Hindi or English.  Hence your application is rejected. (Signature) Public Information Officer",OVERTURNED_ALLOWED
"Reference is invited to your RTI application dated 12/05/2026.  officials stipulated department regarding. The information sought qualifies as personal information of a third party, causing an unwarranted invasion of privacy under Section 8(1)(j).  Hence your application is rejected. (Signature) Public Information Officer",REJECTED_DISMISSED
"With reference to the subject cited above, it is to inform that  stipulated forwarded department officials. The PIO failed to furnish the requested information within the mandatory 30-day period stipulated under Section 7(1).  The application is disposed of accordingly. CPIO",OVERTURNED_ALLOWED
"Subject: Information sought under RTI Act, 2005.  department perusal appeals department. You have asked us to investigate and take strict disciplinary action. This does not fall under the definition of information as per Section 2(f).  The application is disposed of accordingly. CPIO",REJECTED_DISMISSED
"With reference to the subject cited above, it is to inform that  regarding department regarding stipulated. The information submitted is in Marathi language and it is not understood. Submit in Hindi or English.  The application is disposed of accordingly. CPIO",OVERTURNED_ALLOWED
"This order disposes of the First Appeal filed by the appellant.  forwarded officials records perusal. The information sought qualifies as personal information of a third party, causing an unwarranted invasion of privacy under Section 8(1)(j).  No further intervention is required. Information Commissioner",REJECTED_DISMISSED
Reference is invited to your RTI application dated 12/05/2026.  stipulated officials officials stipulated. You have asked us to investigate and take strict disciplinary action. This does not fall under the definition of information as per Section 2(f).  The application is disposed of accordingly. CPIO,REJECTED_DISMISSED
This order disposes of the First Appeal filed by the appellant.  department perusal stipulated stipulated. The information submitted is in Marathi language and it is not understood. Submit in Hindi or English.  The application is disposed of accordingly. CPIO,OVERTURNED_ALLOWED
This order disposes of the First Appeal filed by the appellant.  regarding applicant regarding officials. Disclosure of this information would prejudicially affect the sovereignty and security of the state under Section 8(1)(a).  No further intervention is required. Information Commissioner,REJECTED_DISMISSED
This order disposes of the First Appeal filed by the appellant.  appeals forwarded applicant applicant. The organization is exempt under Section 24 of the RTI Act.  The application is disposed of accordingly. CPIO,REJECTED_DISMISSED
This order disposes of the First Appeal filed by the appellant.  forwarded records forwarded regarding. The information is held by the bank in a fiduciary capacity and is exempt under Section 8(1)(e).  The application is disposed of accordingly. CPIO,REJECTED_DISMISSED
"Reference is invited to your RTI application dated 12/05/2026.  stipulated department department regarding. The information sought qualifies as personal information of a third party, causing an unwarranted invasion of privacy under Section 8(1)(j).  No further intervention is required. Information Commissioner",REJECTED_DISMISSED
Reference is invited to your RTI application dated 12/05/2026.  stipulated applicant officials stipulated. You have asked us to investigate and take strict disciplinary action. This does not fall under the definition of information as per Section 2(f).  Hence your application is rejected. (Signature) Public Information Officer,REJECTED_DISMISSED
Reference is invited to your RTI application dated 12/05/2026.  applicant department applicant records. The PIO failed to furnish the requested information within the mandatory 30-day period stipulated under Section 7(1).  The application is disposed of accordingly. CPIO,OVERTURNED_ALLOWED
"With reference to the subject cited above, it is to inform that  records appeals forwarded department. The PIO failed to furnish the requested information within the mandatory 30-day period stipulated under Section 7(1).  Hence your application is rejected. (Signature) Public Information Officer",OVERTURNED_ALLOWED
"Subject: Information sought under RTI Act, 2005.  officials perusal department department. Please be informed that this office does not maintain this. You are advised to separately file fresh RTI applications to other offices instead of a Section 6(3) transfer.  Hence your application is rejected. (Signature) Public Information Officer",OVERTURNED_ALLOWED
"With reference to the subject cited above, it is to inform that  applicant regarding appeals stipulated. The PIO failed to furnish the requested information within the mandatory 30-day period stipulated under Section 7(1).  Hence your application is rejected. (Signature) Public Information Officer",OVERTURNED_ALLOWED
This order disposes of the First Appeal filed by the appellant.  forwarded records stipulated regarding. The requested information runs into 150 pages. You are directed to pay Rs. 1500 towards compilation and search charges.  Hence your application is rejected. (Signature) Public Information Officer,OVERTURNED_ALLOWED
Reference is invited to your RTI application dated 12/05/2026.  stipulated perusal regarding stipulated. Information denied under commercial confidence Section 8(1)(d).  The application is disposed of accordingly. CPIO,PARTIALLY_ALLOWED
"This order disposes of the First Appeal filed by the appellant.  forwarded department regarding regarding. The information sought qualifies as personal information of a third party, causing an unwarranted invasion of privacy under Section 8(1)(j).  Hence your application is rejected. (Signature) Public Information Officer",REJECTED_DISMISSED
Reference is invited to your RTI application dated 12/05/2026.  applicant regarding forwarded regarding. The information submitted is in Marathi language and it is not understood. Submit in Hindi or English.  The application is disposed of accordingly. CPIO,OVERTURNED_ALLOWED
This order disposes of the First Appeal filed by the appellant.  regarding records officials appeals. Please be informed that this office does not maintain this. You are advised to separately file fresh RTI applications to other offices instead of a Section 6(3) transfer.  No further intervention is required. Information Commissioner,OVERTURNED_ALLOWED
This order disposes of the First Appeal filed by the appellant.  forwarded stipulated stipulated appeals. The information submitted is in Marathi language and it is not understood. Submit in Hindi or English.  No further intervention is required. Information Commissioner,OVERTURNED_ALLOWED
"Reference is invited to your RTI application dated 12/05/2026.  department stipulated appeals stipulated. The information sought qualifies as personal information of a third party, causing an unwarranted invasion of privacy under Section 8(1)(j).  The application is disposed of accordingly. CPIO",REJECTED_DISMISSED
"With reference to the subject cited above, it is to inform that  perusal appeals perusal regarding. The PIO failed to furnish the requested information within the mandatory 30-day period stipulated under Section 7(1).  Hence your application is rejected. (Signature) Public Information Officer",OVERTURNED_ALLOWED
This order disposes of the First Appeal filed by the appellant.  applicant records forwarded applicant. Information denied under commercial confidence Section 8(1)(d).  The application is disposed of accordingly. CPIO,PARTIALLY_ALLOWED
This order disposes of the First Appeal filed by the appellant.  perusal forwarded applicant applicant. The PIO failed to furnish the requested information within the mandatory 30-day period stipulated under Section 7(1).  The application is disposed of accordingly. CPIO,OVERTURNED_ALLOWED
This order disposes of the First Appeal filed by the appellant.  perusal officials appeals officials. Please be informed that this office does not maintain this. You are advised to separately file fresh RTI applications to other offices instead of a Section 6(3) transfer.  The application is disposed of accordingly. CPIO,OVERTURNED_ALLOWED
"With reference to the subject cited above, it is to inform that  regarding forwarded records records. The information sought qualifies as personal information of a third party, causing an unwarranted invasion of privacy under Section 8(1)(j).  Hence your application is rejected. (Signature) Public Information Officer",REJECTED_DISMISSED
This order disposes of the First Appeal filed by the appellant.  applicant regarding regarding applicant. Disclosure of this information would prejudicially affect the sovereignty and security of the state under Section 8(1)(a).  No further intervention is required. Information Commissioner,REJECTED_DISMISSED
Reference is invited to your RTI application dated 12/05/2026.  applicant applicant perusal regarding. The information submitted is in Marathi language and it is not understood. Submit in Hindi or English.  The application is disposed of accordingly. CPIO,OVERTURNED_ALLOWED
"Subject: Information sought under RTI Act, 2005.  department stipulated perusal appeals. Information denied under commercial confidence Section 8(1)(d).  The application is disposed of accordingly. CPIO",PARTIALLY_ALLOWED
"With reference to the subject cited above, it is to inform that  department appeals officials regarding. The information sought qualifies as personal information of a third party, causing an unwarranted invasion of privacy under Section 8(1)(j).  No further intervention is required. Information Commissioner",REJECTED_DISMISSED
"With reference to the subject cited above, it is to inform that  applicant appeals applicant stipulated. Information denied under commercial confidence Section 8(1)(d).  No further intervention is required. Information Commissioner",PARTIALLY_ALLOWED
This order disposes of the First Appeal filed by the appellant.  forwarded perusal appeals applicant. The requested information runs into 150 pages. You are directed to pay Rs. 1500 towards compilation and search charges.  No further intervention is required. Information Commissioner,OVERTURNED_ALLOWED
This order disposes of the First Appeal filed by the appellant.  records department perusal regarding. The information is held by the bank in a fiduciary capacity and is exempt under Section 8(1)(e).  No further intervention is required. Information Commissioner,REJECTED_DISMISSED
"With reference to the subject cited above, it is to inform that  regarding forwarded forwarded department. The information submitted is in Marathi language and it is not understood. Submit in Hindi or English.  Hence your application is rejected. (Signature) Public Information Officer",OVERTURNED_ALLOWED
This order disposes of the First Appeal filed by the appellant.  officials forwarded appeals regarding. The organization is exempt under Section 24 of the RTI Act.  No further intervention is required. Information Commissioner,REJECTED_DISMISSED
"With reference to the subject cited above, it is to inform that  applicant appeals department appeals. Please be informed that this office does not maintain this. You are advised to separately file fresh RTI applications to other offices instead of a Section 6(3) transfer.  The application is disposed of accordingly. CPIO",OVERTURNED_ALLOWED
"Subject: Information sought under RTI Act, 2005.  forwarded department officials records. You have asked us to investigate and take strict disciplinary action. This does not fall under the definition of information as per Section 2(f).  No further intervention is required. Information Commissioner",REJECTED_DISMISSED
"Subject: Information sought under RTI Act, 2005.  department stipulated records applicant. The information is held by the bank in a fiduciary capacity and is exempt under Section 8(1)(e).  The application is disposed of accordingly. CPIO",REJECTED_DISMISSED
This order disposes of the First Appeal filed by the appellant.  applicant stipulated regarding forwarded. The requested information runs into 150 pages. You are directed to pay Rs. 1500 towards compilation and search charges.  The application is disposed of accordingly. CPIO,OVERTURNED_ALLOWED
"Subject: Information sought under RTI Act, 2005.  department applicant appeals records. The organization is exempt under Section 24 of the RTI Act.  No further intervention is required. Information Commissioner",REJECTED_DISMISSED
"With reference to the subject cited above, it is to inform that  perusal records appeals applicant. The information is held by the bank in a fiduciary capacity and is exempt under Section 8(1)(e).  The application is disposed of accordingly. CPIO",REJECTED_DISMISSED
This order disposes of the First Appeal filed by the appellant.  regarding officials applicant stipulated. The information submitted is in Marathi language and it is not understood. Submit in Hindi or English.  Hence your application is rejected. (Signature) Public Information Officer,OVERTURNED_ALLOWED
"With reference to the subject cited above, it is to inform that  forwarded stipulated records perusal. The information is held by the bank in a fiduciary capacity and is exempt under Section 8(1)(e).  The application is disposed of accordingly. CPIO",REJECTED_DISMISSED
Reference is invited to your RTI application dated 12/05/2026.  forwarded department forwarded department. The requested information runs into 150 pages. You are directed to pay Rs. 1500 towards compilation and search charges.  The application is disposed of accordingly. CPIO,OVERTURNED_ALLOWED
"With reference to the subject cited above, it is to inform that  records records applicant applicant. The information sought qualifies as personal information of a third party, causing an unwarranted invasion of privacy under Section 8(1)(j).  The application is disposed of accordingly. CPIO",REJECTED_DISMISSED
"With reference to the subject cited above, it is to inform that  appeals regarding officials perusal. The information submitted is in Marathi language and it is not understood. Submit in Hindi or English.  The application is disposed of accordingly. CPIO",OVERTURNED_ALLOWED
Reference is invited to your RTI application dated 12/05/2026.  appeals records applicant appeals. Please be informed that this office does not maintain this. You are advised to separately file fresh RTI applications to other offices instead of a Section 6(3) transfer.  No further intervention is required. Information Commissioner,OVERTURNED_ALLOWED
This order disposes of the First Appeal filed by the appellant.  applicant perusal forwarded stipulated. The PIO failed to furnish the requested information within the mandatory 30-day period stipulated under Section 7(1).  Hence your application is rejected. (Signature) Public Information Officer,OVERTURNED_ALLOWED
Reference is invited to your RTI application dated 12/05/2026.  officials department stipulated applicant. The information submitted is in Marathi language and it is not understood. Submit in Hindi or English.  No further intervention is required. Information Commissioner,OVERTURNED_ALLOWED
"With reference to the subject cited above, it is to inform that  applicant applicant forwarded officials. Information denied under commercial confidence Section 8(1)(d).  No further intervention is required. Information Commissioner",PARTIALLY_ALLOWED
Reference is invited to your RTI application dated 12/05/2026.  applicant stipulated department applicant. Disclosure of this information would prejudicially affect the sovereignty and security of the state under Section 8(1)(a).  No further intervention is required. Information Commissioner,REJECTED_DISMISSED
"With reference to the subject cited above, it is to inform that  regarding department records regarding. Information denied under commercial confidence Section 8(1)(d).  No further intervention is required. Information Commissioner",PARTIALLY_ALLOWED
"With reference to the subject cited above, it is to inform that  perusal applicant department stipulated. The information is held by the bank in a fiduciary capacity and is exempt under Section 8(1)(e).  No further intervention is required. Information Commissioner",REJECTED_DISMISSED
This order disposes of the First Appeal filed by the appellant.  department forwarded records officials. You have asked us to investigate and take strict disciplinary action. This does not fall under the definition of information as per Section 2(f).  Hence your application is rejected. (Signature) Public Information Officer,REJECTED_DISMISSED
This order disposes of the First Appeal filed by the appellant.  applicant officials department forwarded. The requested information runs into 150 pages. You are directed to pay Rs. 1500 towards compilation and search charges.  Hence your application is rejected. (Signature) Public Information Officer,OVERTURNED_ALLOWED
"With reference to the subject cited above, it is to inform that  regarding perusal regarding regarding. Disclosure of this information would prejudicially affect the sovereignty and security of the state under Section 8(1)(a).  The application is disposed of accordingly. CPIO",REJECTED_DISMISSED
Reference is invited to your RTI application dated 12/05/2026.  stipulated perusal records applicant. The PIO failed to furnish the requested information within the mandatory 30-day period stipulated under Section 7(1).  The application is disposed of accordingly. CPIO,OVERTURNED_ALLOWED
Reference is invited to your RTI application dated 12/05/2026.  appeals forwarded perusal officials. The requested information runs into 150 pages. You are directed to pay Rs. 1500 towards compilation and search charges.  Hence your application is rejected. (Signature) Public Information Officer,OVERTURNED_ALLOWED
Reference is invited to your RTI application dated 12/05/2026.  records regarding perusal forwarded. The information submitted is in Marathi language and it is not understood. Submit in Hindi or English.  Hence your application is rejected. (Signature) Public Information Officer,OVERTURNED_ALLOWED
"Subject: Information sought under RTI Act, 2005.  applicant perusal stipulated applicant. You have asked us to investigate and take strict disciplinary action. This does not fall under the definition of information as per Section 2(f).  The application is disposed of accordingly. CPIO",REJECTED_DISMISSED
"Subject: Information sought under RTI Act, 2005.  forwarded perusal stipulated regarding. The information submitted is in Marathi language and it is not understood. Submit in Hindi or English.  The application is disposed of accordingly. CPIO",OVERTURNED_ALLOWED
"Subject: Information sought under RTI Act, 2005.  regarding officials stipulated officials. The PIO failed to furnish the requested information within the mandatory 30-day period stipulated under Section 7(1).  The application is disposed of accordingly. CPIO",OVERTURNED_ALLOWED
This order disposes of the First Appeal filed by the appellant.  department records forwarded applicant. Disclosure of this information would prejudicially affect the sovereignty and security of the state under Section 8(1)(a).  Hence your application is rejected. (Signature) Public Information Officer,REJECTED_DISMISSED
This order disposes of the First Appeal filed by the appellant.  perusal perusal records stipulated. You have asked us to investigate and take strict disciplinary action. This does not fall under the definition of information as per Section 2(f).  The application is disposed of accordingly. CPIO,REJECTED_DISMISSED
"This order disposes of the First Appeal filed by the appellant.  regarding stipulated regarding officials. The information sought qualifies as personal information of a third party, causing an unwarranted invasion of privacy under Section 8(1)(j).  Hence your application is rejected. (Signature) Public Information Officer",REJECTED_DISMISSED
"Subject: Information sought under RTI Act, 2005.  appeals records applicant officials. You have asked us to investigate and take strict disciplinary action. This does not fall under the definition of information as per Section 2(f).  No further intervention is required. Information Commissioner",REJECTED_DISMISSED
"Subject: Information sought under RTI Act, 2005.  forwarded officials forwarded applicant. You have asked us to investigate and take strict disciplinary action. This does not fall under the definition of information as per Section 2(f).  The application is disposed of accordingly. CPIO",REJECTED_DISMISSED
"Subject: Information sought under RTI Act, 2005.  applicant officials officials officials. The information submitted is in Marathi language and it is not understood. Submit in Hindi or English.  No further intervention is required. Information Commissioner",OVERTURNED_ALLOWED
Reference is invited to your RTI application dated 12/05/2026.  officials appeals applicant records. You have asked us to investigate and take strict disciplinary action. This does not fall under the definition of information as per Section 2(f).  Hence your application is rejected. (Signature) Public Information Officer,REJECTED_DISMISSED
"With reference to the subject cited above, it is to inform that  forwarded records records appeals. You have asked us to investigate and take strict disciplinary action. This does not fall under the definition of information as per Section 2(f).  Hence your application is rejected. (Signature) Public Information Officer",REJECTED_DISMISSED
This order disposes of the First Appeal filed by the appellant.  regarding forwarded regarding forwarded. The PIO failed to furnish the requested information within the mandatory 30-day period stipulated under Section 7(1).  No further intervention is required. Information Commissioner,OVERTURNED_ALLOWED
"Subject: Information sought under RTI Act, 2005.  department appeals records forwarded. Information denied under commercial confidence Section 8(1)(d).  The application is disposed of accordingly. CPIO",PARTIALLY_ALLOWED
Reference is invited to your RTI application dated 12/05/2026.  forwarded perusal records officials. Please be informed that this office does not maintain this. You are advised to separately file fresh RTI applications to other offices instead of a Section 6(3) transfer.  No further intervention is required. Information Commissioner,OVERTURNED_ALLOWED
"Subject: Information sought under RTI Act, 2005.  applicant perusal perusal stipulated. Disclosure of this information would prejudicially affect the sovereignty and security of the state under Section 8(1)(a).  Hence your application is rejected. (Signature) Public Information Officer",REJECTED_DISMISSED
"With reference to the subject cited above, it is to inform that  forwarded stipulated appeals appeals. The organization is exempt under Section 24 of the RTI Act.  No further intervention is required. Information Commissioner",REJECTED_DISMISSED
"Subject: Information sought under RTI Act, 2005.  regarding applicant forwarded applicant. The PIO failed to furnish the requested information within the mandatory 30-day period stipulated under Section 7(1).  Hence your application is rejected. (Signature) Public Information Officer",OVERTURNED_ALLOWED
"Reference is invited to your RTI application dated 12/05/2026.  department appeals stipulated applicant. The information sought qualifies as personal information of a third party, causing an unwarranted invasion of privacy under Section 8(1)(j).  No further intervention is required. Information Commissioner",REJECTED_DISMISSED
"Subject: Information sought under RTI Act, 2005.  records officials forwarded appeals. Disclosure of this information would prejudicially affect the sovereignty and security of the state under Section 8(1)(a).  Hence your application is rejected. (Signature) Public Information Officer",REJECTED_DISMISSED
"Subject: Information sought under RTI Act, 2005.  records perusal department stipulated. Please be informed that this office does not maintain this. You are advised to separately file fresh RTI applications to other offices instead of a Section 6(3) transfer.  No further intervention is required. Information Commissioner",OVERTURNED_ALLOWED
"With reference to the subject cited above, it is to inform that  officials appeals department applicant. Please be informed that this office does not maintain this. You are advised to separately file fresh RTI applications to other offices instead of a Section 6(3) transfer.  The application is disposed of accordingly. CPIO",OVERTURNED_ALLOWED
This order disposes of the First Appeal filed by the appellant.  department perusal officials applicant. Information denied under commercial confidence Section 8(1)(d).  No further intervention is required. Information Commissioner,PARTIALLY_ALLOWED
"Subject: Information sought under RTI Act, 2005.  forwarded department forwarded applicant. The organization is exempt under Section 24 of the RTI Act.  The application is disposed of accordingly. CPIO",REJECTED_DISMISSED
"With reference to the subject cited above, it is to inform that  records applicant stipulated forwarded. The information submitted is in Marathi language and it is not understood. Submit in Hindi or English.  No further intervention is required. Information Commissioner",OVERTURNED_ALLOWED
"Subject: Information sought under RTI Act, 2005.  officials forwarded appeals applicant. The information submitted is in Marathi language and it is not understood. Submit in Hindi or English.  Hence your application is rejected. (Signature) Public Information Officer",OVERTURNED_ALLOWED
This order disposes of the First Appeal filed by the appellant.  appeals officials forwarded department. The information is held by the bank in a fiduciary capacity and is exempt under Section 8(1)(e).  The application is disposed of accordingly. CPIO,REJECTED_DISMISSED
Reference is invited to your RTI application dated 12/05/2026.  stipulated applicant forwarded applicant. The information is held by the bank in a fiduciary capacity and is exempt under Section 8(1)(e).  No further intervention is required. Information Commissioner,REJECTED_DISMISSED
"With reference to the subject cited above, it is to inform that  applicant appeals forwarded applicant. The organization is exempt under Section 24 of the RTI Act.  Hence your application is rejected. (Signature) Public Information Officer",REJECTED_DISMISSED
"With reference to the subject cited above, it is to inform that  appeals officials officials regarding. Please be informed that this office does not maintain this. You are advised to separately file fresh RTI applications to other offices instead of a Section 6(3) transfer.  Hence your application is rejected. (Signature) Public Information Officer",OVERTURNED_ALLOWED
"Subject: Information sought under RTI Act, 2005.  perusal stipulated records forwarded. Please be informed that this office does not maintain this. You are advised to separately file fresh RTI applications to other offices instead of a Section 6(3) transfer.  The application is disposed of accordingly. CPIO",OVERTURNED_ALLOWED
This order disposes of the First Appeal filed by the appellant.  applicant regarding applicant perusal. The information submitted is in Marathi language and it is not understood. Submit in Hindi or English.  Hence your application is rejected. (Signature) Public Information Officer,OVERTURNED_ALLOWED
This order disposes of the First Appeal filed by the appellant.  applicant department regarding stipulated. The information is held by the bank in a fiduciary capacity and is exempt under Section 8(1)(e).  The application is disposed of accordingly. CPIO,REJECTED_DISMISSED
"With reference to the subject cited above, it is to inform that  department records stipulated stipulated. The requested information runs into 150 pages. You are directed to pay Rs. 1500 towards compilation and search charges.  Hence your application is rejected. (Signature) Public Information Officer",OVERTURNED_ALLOWED
This order disposes of the First Appeal filed by the appellant.  appeals department stipulated appeals. The information is held by the bank in a fiduciary capacity and is exempt under Section 8(1)(e).  No further intervention is required. Information Commissioner,REJECTED_DISMISSED
This order disposes of the First Appeal filed by the appellant.  applicant forwarded applicant regarding. The information is held by the bank in a fiduciary capacity and is exempt under Section 8(1)(e).  No further intervention is required. Information Commissioner,REJECTED_DISMISSED
"With reference to the subject cited above, it is to inform that  appeals perusal stipulated department. The information is held by the bank in a fiduciary capacity and is exempt under Section 8(1)(e).  No further intervention is required. Information Commissioner",REJECTED_DISMISSED
Reference is invited to your RTI application dated 12/05/2026.  perusal forwarded appeals perusal. You have asked us to investigate and take strict disciplinary action. This does not fall under the definition of information as per Section 2(f).  Hence your application is rejected. (Signature) Public Information Officer,REJECTED_DISMISSED
"With reference to the subject cited above, it is to inform that  officials department records perusal. The PIO failed to furnish the requested information within the mandatory 30-day period stipulated under Section 7(1).  The application is disposed of accordingly. CPIO",OVERTURNED_ALLOWED
"With reference to the subject cited above, it is to inform that  department appeals applicant officials. Disclosure of this information would prejudicially affect the sovereignty and security of the state under Section 8(1)(a).  The application is disposed of accordingly. CPIO",REJECTED_DISMISSED
This order disposes of the First Appeal filed by the appellant.  stipulated officials officials records. The requested information runs into 150 pages. You are directed to pay Rs. 1500 towards compilation and search charges.  The application is disposed of accordingly. CPIO,OVERTURNED_ALLOWED
Reference is invited to your RTI application dated 12/05/2026.  records officials perusal applicant. Disclosure of this information would prejudicially affect the sovereignty and security of the state under Section 8(1)(a).  No further intervention is required. Information Commissioner,REJECTED_DISMISSED
This order disposes of the First Appeal filed by the appellant.  department perusal department records. The PIO failed to furnish the requested information within the mandatory 30-day period stipulated under Section 7(1).  No further intervention is required. Information Commissioner,OVERTURNED_ALLOWED
"Subject: Information sought under RTI Act, 2005.  department department department perusal. The requested information runs into 150 pages. You are directed to pay Rs. 1500 towards compilation and search charges.  Hence your application is rejected. (Signature) Public Information Officer",OVERTURNED_ALLOWED
Reference is invited to your RTI application dated 12/05/2026.  records stipulated records stipulated. The PIO failed to furnish the requested information within the mandatory 30-day period stipulated under Section 7(1).  Hence your application is rejected. (Signature) Public Information Officer,OVERTURNED_ALLOWED
Reference is invited to your RTI application dated 12/05/2026.  regarding forwarded forwarded appeals. Information denied under commercial confidence Section 8(1)(d).  Hence your application is rejected. (Signature) Public Information Officer,PARTIALLY_ALLOWED
"With reference to the subject cited above, it is to inform that  records appeals forwarded forwarded. Disclosure of this information would prejudicially affect the sovereignty and security of the state under Section 8(1)(a).  Hence your application is rejected. (Signature) Public Information Officer",REJECTED_DISMISSED
This order disposes of the First Appeal filed by the appellant.  perusal regarding regarding department. The PIO failed to furnish the requested information within the mandatory 30-day period stipulated under Section 7(1).  No further intervention is required. Information Commissioner,OVERTURNED_ALLOWED
This order disposes of the First Appeal filed by the appellant.  records perusal appeals applicant. Disclosure of this information would prejudicially affect the sovereignty and security of the state under Section 8(1)(a).  Hence your application is rejected. (Signature) Public Information Officer,REJECTED_DISMISSED
"With reference to the subject cited above, it is to inform that  appeals stipulated forwarded stipulated. The organization is exempt under Section 24 of the RTI Act.  Hence your application is rejected. (Signature) Public Information Officer",REJECTED_DISMISSED
Reference is invited to your RTI application dated 12/05/2026.  forwarded department department perusal. The information is held by the bank in a fiduciary capacity and is exempt under Section 8(1)(e).  The application is disposed of accordingly. CPIO,REJECTED_DISMISSED
"Subject: Information sought under RTI Act, 2005.  applicant perusal perusal records. The information submitted is in Marathi language and it is not understood. Submit in Hindi or English.  No further intervention is required. Information Commissioner",OVERTURNED_ALLOWED
This order disposes of the First Appeal filed by the appellant.  appeals officials stipulated forwarded. Please be informed that this office does not maintain this. You are advised to separately file fresh RTI applications to other offices instead of a Section 6(3) transfer.  The application is disposed of accordingly. CPIO,OVERTURNED_ALLOWED
This order disposes of the First Appeal filed by the appellant.  department regarding records regarding. Information denied under commercial confidence Section 8(1)(d).  Hence your application is rejected. (Signature) Public Information Officer,PARTIALLY_ALLOWED
"Reference is invited to your RTI application dated 12/05/2026.  officials department officials appeals. The information sought qualifies as personal information of a third party, causing an unwarranted invasion of privacy under Section 8(1)(j).  The application is disposed of accordingly. CPIO",REJECTED_DISMISSED
Reference is invited to your RTI application dated 12/05/2026.  stipulated regarding forwarded department. The information submitted is in Marathi language and it is not understood. Submit in Hindi or English.  The application is disposed of accordingly. CPIO,OVERTURNED_ALLOWED
"Subject: Information sought under RTI Act, 2005.  regarding stipulated perusal appeals. You have asked us to investigate and take strict disciplinary action. This does not fall under the definition of information as per Section 2(f).  No further intervention is required. Information Commissioner",REJECTED_DISMISSED
"Subject: Information sought under RTI Act, 2005.  forwarded department forwarded stipulated. The PIO failed to furnish the requested information within the mandatory 30-day period stipulated under Section 7(1).  No further intervention is required. Information Commissioner",OVERTURNED_ALLOWED
"Subject: Information sought under RTI Act, 2005.  records officials stipulated perusal. The organization is exempt under Section 24 of the RTI Act.  No further intervention is required. Information Commissioner",REJECTED_DISMISSED
"Subject: Information sought under RTI Act, 2005.  applicant perusal department perusal. The organization is exempt under Section 24 of the RTI Act.  Hence your application is rejected. (Signature) Public Information Officer",REJECTED_DISMISSED
"Subject: Information sought under RTI Act, 2005.  applicant appeals perusal applicant. The information sought qualifies as personal information of a third party, causing an unwarranted invasion of privacy under Section 8(1)(j).  Hence your application is rejected. (Signature) Public Information Officer",REJECTED_DISMISSED
"This order disposes of the First Appeal filed by the appellant.  officials records appeals stipulated. The information sought qualifies as personal information of a third party, causing an unwarranted invasion of privacy under Section 8(1)(j).  The application is disposed of accordingly. CPIO",REJECTED_DISMISSED
This order disposes of the First Appeal filed by the appellant.  forwarded stipulated appeals regarding. The PIO failed to furnish the requested information within the mandatory 30-day period stipulated under Section 7(1).  The application is disposed of accordingly. CPIO,OVERTURNED_ALLOWED
Reference is invited to your RTI application dated 12/05/2026.  forwarded department regarding applicant. The information submitted is in Marathi language and it is not understood. Submit in Hindi or English.  Hence your application is rejected. (Signature) Public Information Officer,OVERTURNED_ALLOWED
"With reference to the subject cited above, it is to inform that  applicant forwarded department records. The information is held by the bank in a fiduciary capacity and is exempt under Section 8(1)(e).  Hence your application is rejected. (Signature) Public Information Officer",REJECTED_DISMISSED
Reference is invited to your RTI application dated 12/05/2026.  perusal forwarded applicant applicant. The requested information runs into 150 pages. You are directed to pay Rs. 1500 towards compilation and search charges.  The application is disposed of accordingly. CPIO,OVERTURNED_ALLOWED
"Subject: Information sought under RTI Act, 2005.  applicant regarding records department. The organization is exempt under Section 24 of the RTI Act.  Hence your application is rejected. (Signature) Public Information Officer",REJECTED_DISMISSED
This order disposes of the First Appeal filed by the appellant.  stipulated department stipulated regarding. The PIO failed to furnish the requested information within the mandatory 30-day period stipulated under Section 7(1).  Hence your application is rejected. (Signature) Public Information Officer,OVERTURNED_ALLOWED
"With reference to the subject cited above, it is to inform that  stipulated department forwarded appeals. Please be informed that this office does not maintain this. You are advised to separately file fresh RTI applications to other offices instead of a Section 6(3) transfer.  The application is disposed of accordingly. CPIO",OVERTURNED_ALLOWED
Reference is invited to your RTI application dated 12/05/2026.  records appeals regarding perusal. Information denied under commercial confidence Section 8(1)(d).  The application is disposed of accordingly. CPIO,PARTIALLY_ALLOWED
"With reference to the subject cited above, it is to inform that  forwarded forwarded records forwarded. Information denied under commercial confidence Section 8(1)(d).  Hence your application is rejected. (Signature) Public Information Officer",PARTIALLY_ALLOWED
"With reference to the subject cited above, it is to inform that  regarding regarding records appeals. You have asked us to investigate and take strict disciplinary action. This does not fall under the definition of information as per Section 2(f).  No further intervention is required. Information Commissioner",REJECTED_DISMISSED
"Reference is invited to your RTI application dated 12/05/2026.  forwarded department stipulated regarding. The information sought qualifies as personal information of a third party, causing an unwarranted invasion of privacy under Section 8(1)(j).  Hence your application is rejected. (Signature) Public Information Officer",REJECTED_DISMISSED
"With reference to the subject cited above, it is to inform that  records forwarded stipulated forwarded. The PIO failed to furnish the requested information within the mandatory 30-day period stipulated under Section 7(1).  Hence your application is rejected. (Signature) Public Information Officer",OVERTURNED_ALLOWED
Reference is invited to your RTI application dated 12/05/2026.  appeals stipulated appeals stipulated. Information denied under commercial confidence Section 8(1)(d).  Hence your application is rejected. (Signature) Public Information Officer,PARTIALLY_ALLOWED
This order disposes of the First Appeal filed by the appellant.  regarding stipulated officials department. Information denied under commercial confidence Section 8(1)(d).  No further intervention is required. Information Commissioner,PARTIALLY_ALLOWED
"Subject: Information sought under RTI Act, 2005.  regarding officials applicant regarding. The information is held by the bank in a fiduciary capacity and is exempt under Section 8(1)(e).  No further intervention is required. Information Commissioner",REJECTED_DISMISSED
"Subject: Information sought under RTI Act, 2005.  stipulated applicant forwarded department. Please be informed that this office does not maintain this. You are advised to separately file fresh RTI applications to other offices instead of a Section 6(3) transfer.  Hence your application is rejected. (Signature) Public Information Officer",OVERTURNED_ALLOWED
This order disposes of the First Appeal filed by the appellant.  department records records applicant. Information denied under commercial confidence Section 8(1)(d).  The application is disposed of accordingly. CPIO,PARTIALLY_ALLOWED
This order disposes of the First Appeal filed by the appellant.  records forwarded officials stipulated. The information is held by the bank in a fiduciary capacity and is exempt under Section 8(1)(e).  The application is disposed of accordingly. CPIO,REJECTED_DISMISSED
Reference is invited to your RTI application dated 12/05/2026.  department stipulated regarding applicant. The requested information runs into 150 pages. You are directed to pay Rs. 1500 towards compilation and search charges.  Hence your application is rejected. (Signature) Public Information Officer,OVERTURNED_ALLOWED
"Reference is invited to your RTI application dated 12/05/2026.  stipulated perusal regarding records. The information sought qualifies as personal information of a third party, causing an unwarranted invasion of privacy under Section 8(1)(j).  No further intervention is required. Information Commissioner",REJECTED_DISMISSED
"Subject: Information sought under RTI Act, 2005.  applicant appeals department records. The PIO failed to furnish the requested information within the mandatory 30-day period stipulated under Section 7(1).  The application is disposed of accordingly. CPIO",OVERTURNED_ALLOWED
This order disposes of the First Appeal filed by the appellant.  officials forwarded appeals officials. The PIO failed to furnish the requested information within the mandatory 30-day period stipulated under Section 7(1).  The application is disposed of accordingly. CPIO,OVERTURNED_ALLOWED
This order disposes of the First Appeal filed by the appellant.  applicant records department forwarded. The PIO failed to furnish the requested information within the mandatory 30-day period stipulated under Section 7(1).  The application is disposed of accordingly. CPIO,OVERTURNED_ALLOWED
This order disposes of the First Appeal filed by the appellant.  department regarding forwarded forwarded. The PIO failed to furnish the requested information within the mandatory 30-day period stipulated under Section 7(1).  Hence your application is rejected. (Signature) Public Information Officer,OVERTURNED_ALLOWED
"With reference to the subject cited above, it is to inform that  department officials stipulated records. Disclosure of this information would prejudicially affect the sovereignty and security of the state under Section 8(1)(a).  Hence your application is rejected. (Signature) Public Information Officer",REJECTED_DISMISSED
"This order disposes of the First Appeal filed by the appellant.  stipulated regarding stipulated regarding. The information sought qualifies as personal information of a third party, causing an unwarranted invasion of privacy under Section 8(1)(j).  Hence your application is rejected. (Signature) Public Information Officer",REJECTED_DISMISSED
"Reference is invited to your RTI application dated 12/05/2026.  appeals stipulated stipulated appeals. The information sought qualifies as personal information of a third party, causing an unwarranted invasion of privacy under Section 8(1)(j).  The application is disposed of accordingly. CPIO",REJECTED_DISMISSED
Reference is invited to your RTI application dated 12/05/2026.  regarding perusal appeals appeals. The requested information runs into 150 pages. You are directed to pay Rs. 1500 towards compilation and search charges.  Hence your application is rejected. (Signature) Public Information Officer,OVERTURNED_ALLOWED
"Subject: Information sought under RTI Act, 2005.  stipulated appeals records stipulated. The PIO failed to furnish the requested information within the mandatory 30-day period stipulated under Section 7(1).  No further intervention is required. Information Commissioner",OVERTURNED_ALLOWED
Reference is invited to your RTI application dated 12/05/2026.  applicant applicant department stipulated. The requested information runs into 150 pages. You are directed to pay Rs. 1500 towards compilation and search charges.  Hence your application is rejected. (Signature) Public Information Officer,OVERTURNED_ALLOWED
"Subject: Information sought under RTI Act, 2005.  records stipulated perusal department. Disclosure of this information would prejudicially affect the sovereignty and security of the state under Section 8(1)(a).  No further intervention is required. Information Commissioner",REJECTED_DISMISSED
"With reference to the subject cited above, it is to inform that  department applicant department perusal. The PIO failed to furnish the requested information within the mandatory 30-day period stipulated under Section 7(1).  Hence your application is rejected. (Signature) Public Information Officer",OVERTURNED_ALLOWED
This order disposes of the First Appeal filed by the appellant.  forwarded regarding records stipulated. You have asked us to investigate and take strict disciplinary action. This does not fall under the definition of information as per Section 2(f).  Hence your application is rejected. (Signature) Public Information Officer,REJECTED_DISMISSED
"With reference to the subject cited above, it is to inform that  applicant regarding department records. The organization is exempt under Section 24 of the RTI Act.  Hence your application is rejected. (Signature) Public Information Officer",REJECTED_DISMISSED
"Subject: Information sought under RTI Act, 2005.  forwarded records applicant forwarded. The information sought qualifies as personal information of a third party, causing an unwarranted invasion of privacy under Section 8(1)(j).  No further intervention is required. Information Commissioner",REJECTED_DISMISSED
Reference is invited to your RTI application dated 12/05/2026.  records forwarded officials department. The information is held by the bank in a fiduciary capacity and is exempt under Section 8(1)(e).  The application is disposed of accordingly. CPIO,REJECTED_DISMISSED
"Subject: Information sought under RTI Act, 2005.  appeals forwarded regarding forwarded. Please be informed that this office does not maintain this. You are advised to separately file fresh RTI applications to other offices instead of a Section 6(3) transfer.  No further intervention is required. Information Commissioner",OVERTURNED_ALLOWED
This order disposes of the First Appeal filed by the appellant.  records records records regarding. The information is held by the bank in a fiduciary capacity and is exempt under Section 8(1)(e).  No further intervention is required. Information Commissioner,REJECTED_DISMISSED
"With reference to the subject cited above, it is to inform that  perusal stipulated perusal department. The information is held by the bank in a fiduciary capacity and is exempt under Section 8(1)(e).  No further intervention is required. Information Commissioner",REJECTED_DISMISSED
Reference is invited to your RTI application dated 12/05/2026.  department applicant officials officials. Disclosure of this information would prejudicially affect the sovereignty and security of the state under Section 8(1)(a).  Hence your application is rejected. (Signature) Public Information Officer,REJECTED_DISMISSED
"With reference to the subject cited above, it is to inform that  appeals officials appeals appeals. The organization is exempt under Section 24 of the RTI Act.  No further intervention is required. Information Commissioner",REJECTED_DISMISSED
Reference is invited to your RTI application dated 12/05/2026.  regarding appeals regarding department. The information submitted is in Marathi language and it is not understood. Submit in Hindi or English.  Hence your application is rejected. (Signature) Public Information Officer,OVERTURNED_ALLOWED
"Subject: Information sought under RTI Act, 2005.  officials regarding forwarded forwarded. Information denied under commercial confidence Section 8(1)(d).  Hence your application is rejected. (Signature) Public Information Officer",PARTIALLY_ALLOWED
This order disposes of the First Appeal filed by the appellant.  regarding stipulated perusal stipulated. The PIO failed to furnish the requested information within the mandatory 30-day period stipulated under Section 7(1).  No further intervention is required. Information Commissioner,OVERTURNED_ALLOWED
Reference is invited to your RTI application dated 12/05/2026.  appeals department forwarded appeals. The organization is exempt under Section 24 of the RTI Act.  No further intervention is required. Information Commissioner,REJECTED_DISMISSED
Reference is invited to your RTI application dated 12/05/2026.  officials department forwarded department. The requested information runs into 150 pages. You are directed to pay Rs. 1500 towards compilation and search charges.  No further intervention is required. Information Commissioner,OVERTURNED_ALLOWED
Reference is invited to your RTI application dated 12/05/2026.  regarding applicant stipulated perusal. Disclosure of this information would prejudicially affect the sovereignty and security of the state under Section 8(1)(a).  No further intervention is required. Information Commissioner,REJECTED_DISMISSED
This order disposes of the First Appeal filed by the appellant.  appeals department perusal officials. The information submitted is in Marathi language and it is not understood. Submit in Hindi or English.  The application is disposed of accordingly. CPIO,OVERTURNED_ALLOWED
"With reference to the subject cited above, it is to inform that  appeals applicant stipulated forwarded. You have asked us to investigate and take strict disciplinary action. This does not fall under the definition of information as per Section 2(f).  Hence your application is rejected. (Signature) Public Information Officer",REJECTED_DISMISSED
Reference is invited to your RTI application dated 12/05/2026.  records officials department perusal. Please be informed that this office does not maintain this. You are advised to separately file fresh RTI applications to other offices instead of a Section 6(3) transfer.  The application is disposed of accordingly. CPIO,OVERTURNED_ALLOWED
This order disposes of the First Appeal filed by the appellant.  regarding department department stipulated. Information denied under commercial confidence Section 8(1)(d).  No further intervention is required. Information Commissioner,PARTIALLY_ALLOWED
This order disposes of the First Appeal filed by the appellant.  regarding appeals forwarded forwarded. Please be informed that this office does not maintain this. You are advised to separately file fresh RTI applications to other offices instead of a Section 6(3) transfer.  Hence your application is rejected. (Signature) Public Information Officer,OVERTURNED_ALLOWED
Reference is invited to your RTI application dated 12/05/2026.  department applicant regarding regarding. The organization is exempt under Section 24 of the RTI Act.  No further intervention is required. Information Commissioner,REJECTED_DISMISSED
"With reference to the subject cited above, it is to inform that  officials applicant perusal regarding. The PIO failed to furnish the requested information within the mandatory 30-day period stipulated under Section 7(1).  Hence your application is rejected. (Signature) Public Information Officer",OVERTURNED_ALLOWED
This order disposes of the First Appeal filed by the appellant.  department perusal regarding forwarded. Information denied under commercial confidence Section 8(1)(d).  Hence your application is rejected. (Signature) Public Information Officer,PARTIALLY_ALLOWED
"Reference is invited to your RTI application dated 12/05/2026.  officials regarding department applicant. The information sought qualifies as personal information of a third party, causing an unwarranted invasion of privacy under Section 8(1)(j).  No further intervention is required. Information Commissioner",REJECTED_DISMISSED
"With reference to the subject cited above, it is to inform that  appeals department regarding applicant. Information denied under commercial confidence Section 8(1)(d).  Hence your application is rejected. (Signature) Public Information Officer",PARTIALLY_ALLOWED
Reference is invited to your RTI application dated 12/05/2026.  regarding appeals records officials. The requested information runs into 150 pages. You are directed to pay Rs. 1500 towards compilation and search charges.  Hence your application is rejected. (Signature) Public Information Officer,OVERTURNED_ALLOWED
This order disposes of the First Appeal filed by the appellant.  regarding stipulated department perusal. The information submitted is in Marathi language and it is not understood. Submit in Hindi or English.  Hence your application is rejected. (Signature) Public Information Officer,OVERTURNED_ALLOWED
This order disposes of the First Appeal filed by the appellant.  applicant applicant forwarded records. The information is held by the bank in a fiduciary capacity and is exempt under Section 8(1)(e).  No further intervention is required. Information Commissioner,REJECTED_DISMISSED
Reference is invited to your RTI application dated 12/05/2026.  forwarded appeals regarding stipulated. The PIO failed to furnish the requested information within the mandatory 30-day period stipulated under Section 7(1).  Hence your application is rejected. (Signature) Public Information Officer,OVERTURNED_ALLOWED
"Subject: Information sought under RTI Act, 2005.  perusal department records perusal. The requested information runs into 150 pages. You are directed to pay Rs. 1500 towards compilation and search charges.  Hence your application is rejected. (Signature) Public Information Officer",OVERTURNED_ALLOWED
"With reference to the subject cited above, it is to inform that  perusal appeals officials appeals. Information denied under commercial confidence Section 8(1)(d).  Hence your application is rejected. (Signature) Public Information Officer",PARTIALLY_ALLOWED
"With reference to the subject cited above, it is to inform that  forwarded officials applicant regarding. The information sought qualifies as personal information of a third party, causing an unwarranted invasion of privacy under Section 8(1)(j).  No further intervention is required. Information Commissioner",REJECTED_DISMISSED
Reference is invited to your RTI application dated 12/05/2026.  appeals stipulated applicant officials. Please be informed that this office does not maintain this. You are advised to separately file fresh RTI applications to other offices instead of a Section 6(3) transfer.  Hence your application is rejected. (Signature) Public Information Officer,OVERTURNED_ALLOWED
"With reference to the subject cited above, it is to inform that  perusal forwarded appeals regarding. The PIO failed to furnish the requested information within the mandatory 30-day period stipulated under Section 7(1).  Hence your application is rejected. (Signature) Public Information Officer",OVERTURNED_ALLOWED
This order disposes of the First Appeal filed by the appellant.  stipulated records records forwarded. The information is held by the bank in a fiduciary capacity and is exempt under Section 8(1)(e).  Hence your application is rejected. (Signature) Public Information Officer,REJECTED_DISMISSED
"Subject: Information sought under RTI Act, 2005.  stipulated records records records. The information submitted is in Marathi language and it is not understood. Submit in Hindi or English.  Hence your application is rejected. (Signature) Public Information Officer",OVERTURNED_ALLOWED
This order disposes of the First Appeal filed by the appellant.  perusal stipulated perusal applicant. The PIO failed to furnish the requested information within the mandatory 30-day period stipulated under Section 7(1).  The application is disposed of accordingly. CPIO,OVERTURNED_ALLOWED
This order disposes of the First Appeal filed by the appellant.  appeals regarding forwarded regarding. The PIO failed to furnish the requested information within the mandatory 30-day period stipulated under Section 7(1).  No further intervention is required. Information Commissioner,OVERTURNED_ALLOWED
"With reference to the subject cited above, it is to inform that  regarding stipulated officials officials. The PIO failed to furnish the requested information within the mandatory 30-day period stipulated under Section 7(1).  Hence your application is rejected. (Signature) Public Information Officer",OVERTURNED_ALLOWED
This order disposes of the First Appeal filed by the appellant.  department officials forwarded forwarded. You have asked us to investigate and take strict disciplinary action. This does not fall under the definition of information as per Section 2(f).  The application is disposed of accordingly. CPIO,REJECTED_DISMISSED
This order disposes of the First Appeal filed by the appellant.  regarding department forwarded applicant. The information submitted is in Marathi language and it is not understood. Submit in Hindi or English.  Hence your application is rejected. (Signature) Public Information Officer,OVERTURNED_ALLOWED
"With reference to the subject cited above, it is to inform that  applicant stipulated regarding regarding. The requested information runs into 150 pages. You are directed to pay Rs. 1500 towards compilation and search charges.  No further intervention is required. Information Commissioner",OVERTURNED_ALLOWED
Reference is invited to your RTI application dated 12/05/2026.  officials regarding stipulated regarding. Disclosure of this information would prejudicially affect the sovereignty and security of the state under Section 8(1)(a).  The application is disposed of accordingly. CPIO,REJECTED_DISMISSED
Reference is invited to your RTI application dated 12/05/2026.  officials stipulated applicant records. Disclosure of this information would prejudicially affect the sovereignty and security of the state under Section 8(1)(a).  Hence your application is rejected. (Signature) Public Information Officer,REJECTED_DISMISSED
This order disposes of the First Appeal filed by the appellant.  applicant appeals stipulated stipulated. The organization is exempt under Section 24 of the RTI Act.  No further intervention is required. Information Commissioner,REJECTED_DISMISSED
Reference is invited to your RTI application dated 12/05/2026.  department officials regarding applicant. The PIO failed to furnish the requested information within the mandatory 30-day period stipulated under Section 7(1).  The application is disposed of accordingly. CPIO,OVERTURNED_ALLOWED
This order disposes of the First Appeal filed by the appellant.  officials applicant officials records. The information is held by the bank in a fiduciary capacity and is exempt under Section 8(1)(e).  Hence your application is rejected. (Signature) Public Information Officer,REJECTED_DISMISSED
"Subject: Information sought under RTI Act, 2005.  appeals appeals forwarded appeals. The organization is exempt under Section 24 of the RTI Act.  No further intervention is required. Information Commissioner",REJECTED_DISMISSED
Reference is invited to your RTI application dated 12/05/2026.  forwarded department department perusal. The information is held by the bank in a fiduciary capacity and is exempt under Section 8(1)(e).  No further intervention is required. Information Commissioner,REJECTED_DISMISSED
This order disposes of the First Appeal filed by the appellant.  officials forwarded perusal regarding. Please be informed that this office does not maintain this. You are advised to separately file fresh RTI applications to other offices instead of a Section 6(3) transfer.  The application is disposed of accordingly. CPIO,OVERTURNED_ALLOWED
"With reference to the subject cited above, it is to inform that  perusal stipulated stipulated regarding. The information sought qualifies as personal information of a third party, causing an unwarranted invasion of privacy under Section 8(1)(j).  The application is disposed of accordingly. CPIO",REJECTED_DISMISSED
"Subject: Information sought under RTI Act, 2005.  department regarding regarding perusal. The information is held by the bank in a fiduciary capacity and is exempt under Section 8(1)(e).  No further intervention is required. Information Commissioner",REJECTED_DISMISSED
"Subject: Information sought under RTI Act, 2005.  appeals records regarding perusal. The information submitted is in Marathi language and it is not understood. Submit in Hindi or English.  Hence your application is rejected. (Signature) Public Information Officer",OVERTURNED_ALLOWED
"Subject: Information sought under RTI Act, 2005.  department forwarded appeals regarding. The organization is exempt under Section 24 of the RTI Act.  Hence your application is rejected. (Signature) Public Information Officer",REJECTED_DISMISSED
Reference is invited to your RTI application dated 12/05/2026.  regarding appeals forwarded regarding. You have asked us to investigate and take strict disciplinary action. This does not fall under the definition of information as per Section 2(f).  No further intervention is required. Information Commissioner,REJECTED_DISMISSED
"Subject: Information sought under RTI Act, 2005.  records appeals stipulated stipulated. The information is held by the bank in a fiduciary capacity and is exempt under Section 8(1)(e).  The application is disposed of accordingly. CPIO",REJECTED_DISMISSED
This order disposes of the First Appeal filed by the appellant.  appeals forwarded records records. The PIO failed to furnish the requested information within the mandatory 30-day period stipulated under Section 7(1).  No further intervention is required. Information Commissioner,OVERTURNED_ALLOWED
This order disposes of the First Appeal filed by the appellant.  officials records officials regarding. Disclosure of this information would prejudicially affect the sovereignty and security of the state under Section 8(1)(a).  Hence your application is rejected. (Signature) Public Information Officer,REJECTED_DISMISSED
This order disposes of the First Appeal filed by the appellant.  regarding perusal forwarded appeals. You have asked us to investigate and take strict disciplinary action. This does not fall under the definition of information as per Section 2(f).  Hence your application is rejected. (Signature) Public Information Officer,REJECTED_DISMISSED
This order disposes of the First Appeal filed by the appellant.  applicant department forwarded records. Please be informed that this office does not maintain this. You are advised to separately file fresh RTI applications to other offices instead of a Section 6(3) transfer.  No further intervention is required. Information Commissioner,OVERTURNED_ALLOWED
"Subject: Information sought under RTI Act, 2005.  stipulated stipulated officials stipulated. Please be informed that this office does not maintain this. You are advised to separately file fresh RTI applications to other offices instead of a Section 6(3) transfer.  The application is disposed of accordingly. CPIO",OVERTURNED_ALLOWED
"With reference to the subject cited above, it is to inform that  forwarded perusal forwarded perusal. The information submitted is in Marathi language and it is not understood. Submit in Hindi or English.  Hence your application is rejected. (Signature) Public Information Officer",OVERTURNED_ALLOWED
"With reference to the subject cited above, it is to inform that  department officials records forwarded. The requested information runs into 150 pages. You are directed to pay Rs. 1500 towards compilation and search charges.  Hence your application is rejected. (Signature) Public Information Officer",OVERTURNED_ALLOWED
Reference is invited to your RTI application dated 12/05/2026.  records department appeals regarding. The PIO failed to furnish the requested information within the mandatory 30-day period stipulated under Section 7(1).  The application is disposed of accordingly. CPIO,OVERTURNED_ALLOWED
"Subject: Information sought under RTI Act, 2005.  regarding applicant records forwarded. The PIO failed to furnish the requested information within the mandatory 30-day period stipulated under Section 7(1).  The application is disposed of accordingly. CPIO",OVERTURNED_ALLOWED
"Subject: Information sought under RTI Act, 2005.  forwarded forwarded records stipulated. Please be informed that this office does not maintain this. You are advised to separately file fresh RTI applications to other offices instead of a Section 6(3) transfer.  The application is disposed of accordingly. CPIO",OVERTURNED_ALLOWED
"Subject: Information sought under RTI Act, 2005.  officials forwarded department stipulated. The information is held by the bank in a fiduciary capacity and is exempt under Section 8(1)(e).  The application is disposed of accordingly. CPIO",REJECTED_DISMISSED
"Subject: Information sought under RTI Act, 2005.  applicant records appeals officials. The PIO failed to furnish the requested information within the mandatory 30-day period stipulated under Section 7(1).  The application is disposed of accordingly. CPIO",OVERTURNED_ALLOWED
Reference is invited to your RTI application dated 12/05/2026.  applicant appeals officials regarding. The requested information runs into 150 pages. You are directed to pay Rs. 1500 towards compilation and search charges.  No further intervention is required. Information Commissioner,OVERTURNED_ALLOWED
Reference is invited to your RTI application dated 12/05/2026.  department stipulated regarding stipulated. The information is held by the bank in a fiduciary capacity and is exempt under Section 8(1)(e).  The application is disposed of accordingly. CPIO,REJECTED_DISMISSED
"With reference to the subject cited above, it is to inform that  stipulated records records officials. The PIO failed to furnish the requested information within the mandatory 30-day period stipulated under Section 7(1).  No further intervention is required. Information Commissioner",OVERTURNED_ALLOWED
Reference is invited to your RTI application dated 12/05/2026.  applicant forwarded forwarded applicant. Please be informed that this office does not maintain this. You are advised to separately file fresh RTI applications to other offices instead of a Section 6(3) transfer.  Hence your application is rejected. (Signature) Public Information Officer,OVERTURNED_ALLOWED
"This order disposes of the First Appeal filed by the appellant.  regarding stipulated perusal department. The information sought qualifies as personal information of a third party, causing an unwarranted invasion of privacy under Section 8(1)(j).  The application is disposed of accordingly. CPIO",REJECTED_DISMISSED
"With reference to the subject cited above, it is to inform that  records records forwarded department. Information denied under commercial confidence Section 8(1)(d).  Hence your application is rejected. (Signature) Public Information Officer",PARTIALLY_ALLOWED
This order disposes of the First Appeal filed by the appellant.  regarding perusal stipulated forwarded. Disclosure of this information would prejudicially affect the sovereignty and security of the state under Section 8(1)(a).  The application is disposed of accordingly. CPIO,REJECTED_DISMISSED
"Subject: Information sought under RTI Act, 2005.  department department regarding applicant. You have asked us to investigate and take strict disciplinary action. This does not fall under the definition of information as per Section 2(f).  The application is disposed of accordingly. CPIO",REJECTED_DISMISSED
"With reference to the subject cited above, it is to inform that  perusal regarding regarding stipulated. Information denied under commercial confidence Section 8(1)(d).  The application is disposed of accordingly. CPIO",PARTIALLY_ALLOWED
"Subject: Information sought under RTI Act, 2005.  officials records applicant appeals. You have asked us to investigate and take strict disciplinary action. This does not fall under the definition of information as per Section 2(f).  No further intervention is required. Information Commissioner",REJECTED_DISMISSED
Reference is invited to your RTI application dated 12/05/2026.  stipulated applicant department stipulated. The information is held by the bank in a fiduciary capacity and is exempt under Section 8(1)(e).  Hence your application is rejected. (Signature) Public Information Officer,REJECTED_DISMISSED
"With reference to the subject cited above, it is to inform that  records officials forwarded stipulated. You have asked us to investigate and take strict disciplinary action. This does not fall under the definition of information as per Section 2(f).  The application is disposed of accordingly. CPIO",REJECTED_DISMISSED
"With reference to the subject cited above, it is to inform that  officials perusal regarding applicant. The organization is exempt under Section 24 of the RTI Act.  Hence your application is rejected. (Signature) Public Information Officer",REJECTED_DISMISSED
"This order disposes of the First Appeal filed by the appellant.  regarding forwarded forwarded records. The information sought qualifies as personal information of a third party, causing an unwarranted invasion of privacy under Section 8(1)(j).  The application is disposed of accordingly. CPIO",REJECTED_DISMISSED
"Subject: Information sought under RTI Act, 2005.  appeals applicant forwarded forwarded. The information is held by the bank in a fiduciary capacity and is exempt under Section 8(1)(e).  Hence your application is rejected. (Signature) Public Information Officer",REJECTED_DISMISSED
This order disposes of the First Appeal filed by the appellant.  perusal perusal regarding applicant. You have asked us to investigate and take strict disciplinary action. This does not fall under the definition of information as per Section 2(f).  No further intervention is required. Information Commissioner,REJECTED_DISMISSED
This order disposes of the First Appeal filed by the appellant.  applicant perusal department department. The organization is exempt under Section 24 of the RTI Act.  The application is disposed of accordingly. CPIO,REJECTED_DISMISSED
This order disposes of the First Appeal filed by the appellant.  forwarded stipulated stipulated appeals. Disclosure of this information would prejudicially affect the sovereignty and security of the state under Section 8(1)(a).  No further intervention is required. Information Commissioner,REJECTED_DISMISSED
"Subject: Information sought under RTI Act, 2005.  applicant perusal records stipulated. The PIO failed to furnish the requested information within the mandatory 30-day period stipulated under Section 7(1).  No further intervention is required. Information Commissioner",OVERTURNED_ALLOWED
"Subject: Information sought under RTI Act, 2005.  records applicant department department. The information is held by the bank in a fiduciary capacity and is exempt under Section 8(1)(e).  No further intervention is required. Information Commissioner",REJECTED_DISMISSED
"With reference to the subject cited above, it is to inform that  records department stipulated appeals. Please be informed that this office does not maintain this. You are advised to separately file fresh RTI applications to other offices instead of a Section 6(3) transfer.  The application is disposed of accordingly. CPIO",OVERTURNED_ALLOWED
"With reference to the subject cited above, it is to inform that  applicant forwarded forwarded regarding. Information denied under commercial confidence Section 8(1)(d).  No further intervention is required. Information Commissioner",PARTIALLY_ALLOWED
Reference is invited to your RTI application dated 12/05/2026.  perusal perusal stipulated records. The PIO failed to furnish the requested information within the mandatory 30-day period stipulated under Section 7(1).  Hence your application is rejected. (Signature) Public Information Officer,OVERTURNED_ALLOWED
Reference is invited to your RTI application dated 12/05/2026.  records officials applicant officials. You have asked us to investigate and take strict disciplinary action. This does not fall under the definition of information as per Section 2(f).  No further intervention is required. Information Commissioner,REJECTED_DISMISSED
This order disposes of the First Appeal filed by the appellant.  records department officials forwarded. You have asked us to investigate and take strict disciplinary action. This does not fall under the definition of information as per Section 2(f).  Hence your application is rejected. (Signature) Public Information Officer,REJECTED_DISMISSED
"Subject: Information sought under RTI Act, 2005.  forwarded perusal officials stipulated. The information is held by the bank in a fiduciary capacity and is exempt under Section 8(1)(e).  The application is disposed of accordingly. CPIO",REJECTED_DISMISSED
"Subject: Information sought under RTI Act, 2005.  appeals officials appeals officials. The organization is exempt under Section 24 of the RTI Act.  Hence your application is rejected. (Signature) Public Information Officer",REJECTED_DISMISSED
"With reference to the subject cited above, it is to inform that  regarding forwarded regarding regarding. The information submitted is in Marathi language and it is not understood. Submit in Hindi or English.  No further intervention is required. Information Commissioner",OVERTURNED_ALLOWED
"Subject: Information sought under RTI Act, 2005.  appeals department perusal stipulated. Disclosure of this information would prejudicially affect the sovereignty and security of the state under Section 8(1)(a).  No further intervention is required. Information Commissioner",REJECTED_DISMISSED
"With reference to the subject cited above, it is to inform that  perusal officials officials perusal. Disclosure of this information would prejudicially affect the sovereignty and security of the state under Section 8(1)(a).  Hence your application is rejected. (Signature) Public Information Officer",REJECTED_DISMISSED
This order disposes of the First Appeal filed by the appellant.  forwarded department forwarded records. The information is held by the bank in a fiduciary capacity and is exempt under Section 8(1)(e).  No further intervention is required. Information Commissioner,REJECTED_DISMISSED
"With reference to the subject cited above, it is to inform that  applicant department department perusal. The PIO failed to furnish the requested information within the mandatory 30-day period stipulated under Section 7(1).  Hence your application is rejected. (Signature) Public Information Officer",OVERTURNED_ALLOWED
"With reference to the subject cited above, it is to inform that  officials department appeals regarding. Information denied under commercial confidence Section 8(1)(d).  No further intervention is required. Information Commissioner",PARTIALLY_ALLOWED
Reference is invited to your RTI application dated 12/05/2026.  perusal perusal regarding applicant. The requested information runs into 150 pages. You are directed to pay Rs. 1500 towards compilation and search charges.  The application is disposed of accordingly. CPIO,OVERTURNED_ALLOWED
Reference is invited to your RTI application dated 12/05/2026.  regarding applicant forwarded perusal. The information is held by the bank in a fiduciary capacity and is exempt under Section 8(1)(e).  No further intervention is required. Information Commissioner,REJECTED_DISMISSED
"Subject: Information sought under RTI Act, 2005.  perusal department department officials. The information submitted is in Marathi language and it is not understood. Submit in Hindi or English.  Hence your application is rejected. (Signature) Public Information Officer",OVERTURNED_ALLOWED
"With reference to the subject cited above, it is to inform that  appeals forwarded perusal perusal. The requested information runs into 150 pages. You are directed to pay Rs. 1500 towards compilation and search charges.  The application is disposed of accordingly. CPIO",OVERTURNED_ALLOWED
Reference is invited to your RTI application dated 12/05/2026.  forwarded department department appeals. You have asked us to investigate and take strict disciplinary action. This does not fall under the definition of information as per Section 2(f).  Hence your application is rejected. (Signature) Public Information Officer,REJECTED_DISMISSED
This order disposes of the First Appeal filed by the appellant.  records stipulated officials stipulated. The PIO failed to furnish the requested information within the mandatory 30-day period stipulated under Section 7(1).  Hence your application is rejected. (Signature) Public Information Officer,OVERTURNED_ALLOWED
"With reference to the subject cited above, it is to inform that  regarding forwarded regarding applicant. The information is held by the bank in a fiduciary capacity and is exempt under Section 8(1)(e).  Hence your application is rejected. (Signature) Public Information Officer",REJECTED_DISMISSED
"With reference to the subject cited above, it is to inform that  officials department regarding department. You have asked us to investigate and take strict disciplinary action. This does not fall under the definition of information as per Section 2(f).  The application is disposed of accordingly. CPIO",REJECTED_DISMISSED
"Reference is invited to your RTI application dated 12/05/2026.  forwarded records perusal records. The information sought qualifies as personal information of a third party, causing an unwarranted invasion of privacy under Section 8(1)(j).  Hence your application is rejected. (Signature) Public Information Officer",REJECTED_DISMISSED
This order disposes of the First Appeal filed by the appellant.  forwarded department regarding regarding. Information denied under commercial confidence Section 8(1)(d).  No further intervention is required. Information Commissioner,PARTIALLY_ALLOWED
"This order disposes of the First Appeal filed by the appellant.  department department appeals department. The information sought qualifies as personal information of a third party, causing an unwarranted invasion of privacy under Section 8(1)(j).  Hence your application is rejected. (Signature) Public Information Officer",REJECTED_DISMISSED
This order disposes of the First Appeal filed by the appellant.  records forwarded stipulated records. Information denied under commercial confidence Section 8(1)(d).  The application is disposed of accordingly. CPIO,PARTIALLY_ALLOWED
"Subject: Information sought under RTI Act, 2005.  stipulated forwarded forwarded appeals. You have asked us to investigate and take strict disciplinary action. This does not fall under the definition of information as per Section 2(f).  The application is disposed of accordingly. CPIO",REJECTED_DISMISSED
This order disposes of the First Appeal filed by the appellant.  forwarded regarding officials perusal. Information denied under commercial confidence Section 8(1)(d).  No further intervention is required. Information Commissioner,PARTIALLY_ALLOWED
This order disposes of the First Appeal filed by the appellant.  stipulated records perusal appeals. You have asked us to investigate and take strict disciplinary action. This does not fall under the definition of information as per Section 2(f).  Hence your application is rejected. (Signature) Public Information Officer,REJECTED_DISMISSED
"Subject: Information sought under RTI Act, 2005.  perusal stipulated perusal stipulated. The PIO failed to furnish the requested information within the mandatory 30-day period stipulated under Section 7(1).  No further intervention is required. Information Commissioner",OVERTURNED_ALLOWED
Reference is invited to your RTI application dated 12/05/2026.  forwarded forwarded appeals stipulated. Please be informed that this office does not maintain this. You are advised to separately file fresh RTI applications to other offices instead of a Section 6(3) transfer.  The application is disposed of accordingly. CPIO,OVERTURNED_ALLOWED
"Subject: Information sought under RTI Act, 2005.  department officials stipulated department. The requested information runs into 150 pages. You are directed to pay Rs. 1500 towards compilation and search charges.  The application is disposed of accordingly. CPIO",OVERTURNED_ALLOWED
This order disposes of the First Appeal filed by the appellant.  perusal stipulated officials department. The information submitted is in Marathi language and it is not understood. Submit in Hindi or English.  Hence your application is rejected. (Signature) Public Information Officer,OVERTURNED_ALLOWED
"Subject: Information sought under RTI Act, 2005.  applicant department perusal appeals. The requested information runs into 150 pages. You are directed to pay Rs. 1500 towards compilation and search charges.  No further intervention is required. Information Commissioner",OVERTURNED_ALLOWED
This order disposes of the First Appeal filed by the appellant.  stipulated perusal records regarding. The PIO failed to furnish the requested information within the mandatory 30-day period stipulated under Section 7(1).  No further intervention is required. Information Commissioner,OVERTURNED_ALLOWED
"Subject: Information sought under RTI Act, 2005.  forwarded officials applicant perusal. Disclosure of this information would prejudicially affect the sovereignty and security of the state under Section 8(1)(a).  No further intervention is required. Information Commissioner",REJECTED_DISMISSED
"With reference to the subject cited above, it is to inform that  appeals appeals department officials. The information is held by the bank in a fiduciary capacity and is exempt under Section 8(1)(e).  No further intervention is required. Information Commissioner",REJECTED_DISMISSED
"With reference to the subject cited above, it is to inform that  stipulated department department appeals. Information denied under commercial confidence Section 8(1)(d).  Hence your application is rejected. (Signature) Public Information Officer",PARTIALLY_ALLOWED
"With reference to the subject cited above, it is to inform that  regarding regarding officials perusal. Disclosure of this information would prejudicially affect the sovereignty and security of the state under Section 8(1)(a).  Hence your application is rejected. (Signature) Public Information Officer",REJECTED_DISMISSED
Reference is invited to your RTI application dated 12/05/2026.  department forwarded regarding records. Information denied under commercial confidence Section 8(1)(d).  The application is disposed of accordingly. CPIO,PARTIALLY_ALLOWED
Reference is invited to your RTI application dated 12/05/2026.  regarding regarding officials applicant. The requested information runs into 150 pages. You are directed to pay Rs. 1500 towards compilation and search charges.  The application is disposed of accordingly. CPIO,OVERTURNED_ALLOWED
"Subject: Information sought under RTI Act, 2005.  stipulated perusal appeals perusal. The information sought qualifies as personal information of a third party, causing an unwarranted invasion of privacy under Section 8(1)(j).  The application is disposed of accordingly. CPIO",REJECTED_DISMISSED
"With reference to the subject cited above, it is to inform that  records perusal forwarded officials. You have asked us to investigate and take strict disciplinary action. This does not fall under the definition of information as per Section 2(f).  The application is disposed of accordingly. CPIO",REJECTED_DISMISSED
Reference is invited to your RTI application dated 12/05/2026.  regarding regarding regarding appeals. The information submitted is in Marathi language and it is not understood. Submit in Hindi or English.  Hence your application is rejected. (Signature) Public Information Officer,OVERTURNED_ALLOWED
"With reference to the subject cited above, it is to inform that  regarding applicant officials officials. Please be informed that this office does not maintain this. You are advised to separately file fresh RTI applications to other offices instead of a Section 6(3) transfer.  Hence your application is rejected. (Signature) Public Information Officer",OVERTURNED_ALLOWED
Reference is invited to your RTI application dated 12/05/2026.  appeals officials regarding forwarded. The requested information runs into 150 pages. You are directed to pay Rs. 1500 towards compilation and search charges.  No further intervention is required. Information Commissioner,OVERTURNED_ALLOWED
"Reference is invited to your RTI application dated 12/05/2026.  applicant officials stipulated applicant. The information sought qualifies as personal information of a third party, causing an unwarranted invasion of privacy under Section 8(1)(j).  The application is disposed of accordingly. CPIO",REJECTED_DISMISSED
This order disposes of the First Appeal filed by the appellant.  department appeals department perusal. You have asked us to investigate and take strict disciplinary action. This does not fall under the definition of information as per Section 2(f).  No further intervention is required. Information Commissioner,REJECTED_DISMISSED
"With reference to the subject cited above, it is to inform that  applicant records appeals records. You have asked us to investigate and take strict disciplinary action. This does not fall under the definition of information as per Section 2(f).  No further intervention is required. Information Commissioner",REJECTED_DISMISSED
"With reference to the subject cited above, it is to inform that  applicant records regarding applicant. The information sought qualifies as personal information of a third party, causing an unwarranted invasion of privacy under Section 8(1)(j).  The application is disposed of accordingly. CPIO",REJECTED_DISMISSED
Reference is invited to your RTI application dated 12/05/2026.  officials appeals perusal officials. The organization is exempt under Section 24 of the RTI Act.  The application is disposed of accordingly. CPIO,REJECTED_DISMISSED
Reference is invited to your RTI application dated 12/05/2026.  regarding regarding department officials. You have asked us to investigate and take strict disciplinary action. This does not fall under the definition of information as per Section 2(f).  Hence your application is rejected. (Signature) Public Information Officer,REJECTED_DISMISSED
This order disposes of the First Appeal filed by the appellant.  stipulated officials applicant records. The PIO failed to furnish the requested information within the mandatory 30-day period stipulated under Section 7(1).  The application is disposed of accordingly. CPIO,OVERTURNED_ALLOWED
"Subject: Information sought under RTI Act, 2005.  perusal officials regarding department. You have asked us to investigate and take strict disciplinary action. This does not fall under the definition of information as per Section 2(f).  The application is disposed of accordingly. CPIO",REJECTED_DISMISSED
"Subject: Information sought under RTI Act, 2005.  officials records officials department. You have asked us to investigate and take strict disciplinary action. This does not fall under the definition of information as per Section 2(f).  The application is disposed of accordingly. CPIO",REJECTED_DISMISSED
"Subject: Information sought under RTI Act, 2005.  applicant forwarded perusal regarding. Please be informed that this office does not maintain this. You are advised to separately file fresh RTI applications to other offices instead of a Section 6(3) transfer.  The application is disposed of accordingly. CPIO",OVERTURNED_ALLOWED
"With reference to the subject cited above, it is to inform that  appeals forwarded department regarding. The PIO failed to furnish the requested information within the mandatory 30-day period stipulated under Section 7(1).  Hence your application is rejected. (Signature) Public Information Officer",OVERTURNED_ALLOWED
"With reference to the subject cited above, it is to inform that  department records stipulated department. Information denied under commercial confidence Section 8(1)(d).  The application is disposed of accordingly. CPIO",PARTIALLY_ALLOWED
"With reference to the subject cited above, it is to inform that  records regarding appeals regarding. The information is held by the bank in a fiduciary capacity and is exempt under Section 8(1)(e).  No further intervention is required. Information Commissioner",REJECTED_DISMISSED
"With reference to the subject cited above, it is to inform that  department department department appeals. The information is held by the bank in a fiduciary capacity and is exempt under Section 8(1)(e).  No further intervention is required. Information Commissioner",REJECTED_DISMISSED
"With reference to the subject cited above, it is to inform that  regarding regarding appeals regarding. The information is held by the bank in a fiduciary capacity and is exempt under Section 8(1)(e).  No further intervention is required. Information Commissioner",REJECTED_DISMISSED
Reference is invited to your RTI application dated 12/05/2026.  perusal appeals records appeals. The requested information runs into 150 pages. You are directed to pay Rs. 1500 towards compilation and search charges.  Hence your application is rejected. (Signature) Public Information Officer,OVERTURNED_ALLOWED
"With reference to the subject cited above, it is to inform that  regarding applicant officials appeals. The information is held by the bank in a fiduciary capacity and is exempt under Section 8(1)(e).  The application is disposed of accordingly. CPIO",REJECTED_DISMISSED
This order disposes of the First Appeal filed by the appellant.  stipulated appeals perusal applicant. The information submitted is in Marathi language and it is not understood. Submit in Hindi or English.  Hence your application is rejected. (Signature) Public Information Officer,OVERTURNED_ALLOWED
Reference is invited to your RTI application dated 12/05/2026.  forwarded perusal applicant officials. The organization is exempt under Section 24 of the RTI Act.  Hence your application is rejected. (Signature) Public Information Officer,REJECTED_DISMISSED
"This order disposes of the First Appeal filed by the appellant.  applicant department appeals records. The information sought qualifies as personal information of a third party, causing an unwarranted invasion of privacy under Section 8(1)(j).  Hence your application is rejected. (Signature) Public Information Officer",REJECTED_DISMISSED
Reference is invited to your RTI application dated 12/05/2026.  stipulated regarding forwarded officials. You have asked us to investigate and take strict disciplinary action. This does not fall under the definition of information as per Section 2(f).  No further intervention is required. Information Commissioner,REJECTED_DISMISSED
This order disposes of the First Appeal filed by the appellant.  perusal forwarded perusal records. The requested information runs into 150 pages. You are directed to pay Rs. 1500 towards compilation and search charges.  No further intervention is required. Information Commissioner,OVERTURNED_ALLOWED
This order disposes of the First Appeal filed by the appellant.  regarding regarding applicant appeals. The PIO failed to furnish the requested information within the mandatory 30-day period stipulated under Section 7(1).  The application is disposed of accordingly. CPIO,OVERTURNED_ALLOWED
This order disposes of the First Appeal filed by the appellant.  department department regarding appeals. The organization is exempt under Section 24 of the RTI Act.  No further intervention is required. Information Commissioner,REJECTED_DISMISSED
"Subject: Information sought under RTI Act, 2005.  applicant forwarded appeals records. You have asked us to investigate and take strict disciplinary action. This does not fall under the definition of information as per Section 2(f).  The application is disposed of accordingly. CPIO",REJECTED_DISMISSED
"Subject: Information sought under RTI Act, 2005.  officials appeals stipulated records. The requested information runs into 150 pages. You are directed to pay Rs. 1500 towards compilation and search charges.  The application is disposed of accordingly. CPIO",OVERTURNED_ALLOWED
"With reference to the subject cited above, it is to inform that  applicant applicant regarding forwarded. Information denied under commercial confidence Section 8(1)(d).  Hence your application is rejected. (Signature) Public Information Officer",PARTIALLY_ALLOWED
This order disposes of the First Appeal filed by the appellant.  stipulated regarding perusal applicant. Please be informed that this office does not maintain this. You are advised to separately file fresh RTI applications to other offices instead of a Section 6(3) transfer.  No further intervention is required. Information Commissioner,OVERTURNED_ALLOWED
"With reference to the subject cited above, it is to inform that  applicant department forwarded perusal. The information submitted is in Marathi language and it is not understood. Submit in Hindi or English.  The application is disposed of accordingly. CPIO",OVERTURNED_ALLOWED
"Subject: Information sought under RTI Act, 2005.  forwarded records forwarded records. The organization is exempt under Section 24 of the RTI Act.  No further intervention is required. Information Commissioner",REJECTED_DISMISSED
"Subject: Information sought under RTI Act, 2005.  officials stipulated stipulated forwarded. The information sought qualifies as personal information of a third party, causing an unwarranted invasion of privacy under Section 8(1)(j).  No further intervention is required. Information Commissioner",REJECTED_DISMISSED
"Subject: Information sought under RTI Act, 2005.  perusal applicant officials department. The requested information runs into 150 pages. You are directed to pay Rs. 1500 towards compilation and search charges.  Hence your application is rejected. (Signature) Public Information Officer",OVERTURNED_ALLOWED
"With reference to the subject cited above, it is to inform that  appeals forwarded records applicant. The information sought qualifies as personal information of a third party, causing an unwarranted invasion of privacy under Section 8(1)(j).  No further intervention is required. Information Commissioner",REJECTED_DISMISSED
"With reference to the subject cited above, it is to inform that  records appeals perusal department. Please be informed that this office does not maintain this. You are advised to separately file fresh RTI applications to other offices instead of a Section 6(3) transfer.  No further intervention is required. Information Commissioner",OVERTURNED_ALLOWED
"With reference to the subject cited above, it is to inform that  officials regarding regarding appeals. The PIO failed to furnish the requested information within the mandatory 30-day period stipulated under Section 7(1).  The application is disposed of accordingly. CPIO",OVERTURNED_ALLOWED
Reference is invited to your RTI application dated 12/05/2026.  appeals stipulated perusal regarding. You have asked us to investigate and take strict disciplinary action. This does not fall under the definition of information as per Section 2(f).  Hence your application is rejected. (Signature) Public Information Officer,REJECTED_DISMISSED
"Subject: Information sought under RTI Act, 2005.  officials officials records forwarded. The information sought qualifies as personal information of a third party, causing an unwarranted invasion of privacy under Section 8(1)(j).  Hence your application is rejected. (Signature) Public Information Officer",REJECTED_DISMISSED
This order disposes of the First Appeal filed by the appellant.  department applicant stipulated forwarded. Information denied under commercial confidence Section 8(1)(d).  Hence your application is rejected. (Signature) Public Information Officer,PARTIALLY_ALLOWED
"Subject: Information sought under RTI Act, 2005.  records stipulated officials perusal. The requested information runs into 150 pages. You are directed to pay Rs. 1500 towards compilation and search charges.  Hence your application is rejected. (Signature) Public Information Officer",OVERTURNED_ALLOWED
"With reference to the subject cited above, it is to inform that  forwarded forwarded perusal department. The PIO failed to furnish the requested information within the mandatory 30-day period stipulated under Section 7(1).  The application is disposed of accordingly. CPIO",OVERTURNED_ALLOWED
"With reference to the subject cited above, it is to inform that  officials department applicant appeals. The information sought qualifies as personal information of a third party, causing an unwarranted invasion of privacy under Section 8(1)(j).  No further intervention is required. Information Commissioner",REJECTED_DISMISSED
"With reference to the subject cited above, it is to inform that  appeals regarding perusal perusal. The information submitted is in Marathi language and it is not understood. Submit in Hindi or English.  No further intervention is required. Information Commissioner",OVERTURNED_ALLOWED
This order disposes of the First Appeal filed by the appellant.  regarding records applicant records. The information is held by the bank in a fiduciary capacity and is exempt under Section 8(1)(e).  The application is disposed of accordingly. CPIO,REJECTED_DISMISSED
"Subject: Information sought under RTI Act, 2005.  stipulated stipulated stipulated regarding. The information sought qualifies as personal information of a third party, causing an unwarranted invasion of privacy under Section 8(1)(j).  The application is disposed of accordingly. CPIO",REJECTED_DISMISSED
Reference is invited to your RTI application dated 12/05/2026.  applicant perusal appeals appeals. The PIO failed to furnish the requested information within the mandatory 30-day period stipulated under Section 7(1).  The application is disposed of accordingly. CPIO,OVERTURNED_ALLOWED
"Subject: Information sought under RTI Act, 2005.  records perusal appeals applicant. Disclosure of this information would prejudicially affect the sovereignty and security of the state under Section 8(1)(a).  Hence your application is rejected. (Signature) Public Information Officer",REJECTED_DISMISSED
"With reference to the subject cited above, it is to inform that  applicant records applicant records. The information is held by the bank in a fiduciary capacity and is exempt under Section 8(1)(e).  Hence your application is rejected. (Signature) Public Information Officer",REJECTED_DISMISSED
Reference is invited to your RTI application dated 12/05/2026.  appeals forwarded regarding perusal. The requested information runs into 150 pages. You are directed to pay Rs. 1500 towards compilation and search charges.  Hence your application is rejected. (Signature) Public Information Officer,OVERTURNED_ALLOWED
"Subject: Information sought under RTI Act, 2005.  applicant officials department perusal. You have asked us to investigate and take strict disciplinary action. This does not fall under the definition of information as per Section 2(f).  No further intervention is required. Information Commissioner",REJECTED_DISMISSED
Reference is invited to your RTI application dated 12/05/2026.  records perusal forwarded department. The information submitted is in Marathi language and it is not understood. Submit in Hindi or English.  No further intervention is required. Information Commissioner,OVERTURNED_ALLOWED
This order disposes of the First Appeal filed by the appellant.  applicant forwarded officials perusal. Information denied under commercial confidence Section 8(1)(d).  The application is disposed of accordingly. CPIO,PARTIALLY_ALLOWED
This order disposes of the First Appeal filed by the appellant.  regarding perusal department regarding. The PIO failed to furnish the requested information within the mandatory 30-day period stipulated under Section 7(1).  Hence your application is rejected. (Signature) Public Information Officer,OVERTURNED_ALLOWED
This order disposes of the First Appeal filed by the appellant.  regarding records stipulated forwarded. You have asked us to investigate and take strict disciplinary action. This does not fall under the definition of information as per Section 2(f).  Hence your application is rejected. (Signature) Public Information Officer,REJECTED_DISMISSED
"Subject: Information sought under RTI Act, 2005.  forwarded officials officials records. You have asked us to investigate and take strict disciplinary action. This does not fall under the definition of information as per Section 2(f).  The application is disposed of accordingly. CPIO",REJECTED_DISMISSED
"With reference to the subject cited above, it is to inform that  department department regarding department. Disclosure of this information would prejudicially affect the sovereignty and security of the state under Section 8(1)(a).  No further intervention is required. Information Commissioner",REJECTED_DISMISSED
This order disposes of the First Appeal filed by the appellant.  applicant records records appeals. The organization is exempt under Section 24 of the RTI Act.  Hence your application is rejected. (Signature) Public Information Officer,REJECTED_DISMISSED
Reference is invited to your RTI application dated 12/05/2026.  stipulated appeals stipulated officials. You have asked us to investigate and take strict disciplinary action. This does not fall under the definition of information as per Section 2(f).  No further intervention is required. Information Commissioner,REJECTED_DISMISSED
"With reference to the subject cited above, it is to inform that  department appeals department stipulated. The information is held by the bank in a fiduciary capacity and is exempt under Section 8(1)(e).  The application is disposed of accordingly. CPIO",REJECTED_DISMISSED
"Subject: Information sought under RTI Act, 2005.  records forwarded stipulated department. Disclosure of this information would prejudicially affect the sovereignty and security of the state under Section 8(1)(a).  Hence your application is rejected. (Signature) Public Information Officer",REJECTED_DISMISSED
"With reference to the subject cited above, it is to inform that  forwarded stipulated officials records. The requested information runs into 150 pages. You are directed to pay Rs. 1500 towards compilation and search charges.  The application is disposed of accordingly. CPIO",OVERTURNED_ALLOWED
"Subject: Information sought under RTI Act, 2005.  stipulated regarding perusal stipulated. The organization is exempt under Section 24 of the RTI Act.  No further intervention is required. Information Commissioner",REJECTED_DISMISSED
"Subject: Information sought under RTI Act, 2005.  appeals applicant appeals stipulated. Please be informed that this office does not maintain this. You are advised to separately file fresh RTI applications to other offices instead of a Section 6(3) transfer.  The application is disposed of accordingly. CPIO",OVERTURNED_ALLOWED
"With reference to the subject cited above, it is to inform that  perusal department applicant records. You have asked us to investigate and take strict disciplinary action. This does not fall under the definition of information as per Section 2(f).  The application is disposed of accordingly. CPIO",REJECTED_DISMISSED
"Subject: Information sought under RTI Act, 2005.  perusal perusal perusal officials. The information sought qualifies as personal information of a third party, causing an unwarranted invasion of privacy under Section 8(1)(j).  Hence your application is rejected. (Signature) Public Information Officer",REJECTED_DISMISSED
Reference is invited to your RTI application dated 12/05/2026.  officials department regarding regarding. The requested information runs into 150 pages. You are directed to pay Rs. 1500 towards compilation and search charges.  Hence your application is rejected. (Signature) Public Information Officer,OVERTURNED_ALLOWED
"With reference to the subject cited above, it is to inform that  forwarded officials applicant appeals. The information submitted is in Marathi language and it is not understood. Submit in Hindi or English.  The application is disposed of accordingly. CPIO",OVERTURNED_ALLOWED
This order disposes of the First Appeal filed by the appellant.  applicant stipulated regarding perusal. The information is held by the bank in a fiduciary capacity and is exempt under Section 8(1)(e).  No further intervention is required. Information Commissioner,REJECTED_DISMISSED
Reference is invited to your RTI application dated 12/05/2026.  stipulated stipulated perusal regarding. The PIO failed to furnish the requested information within the mandatory 30-day period stipulated under Section 7(1).  Hence your application is rejected. (Signature) Public Information Officer,OVERTURNED_ALLOWED
This order disposes of the First Appeal filed by the appellant.  applicant stipulated forwarded perusal. The PIO failed to furnish the requested information within the mandatory 30-day period stipulated under Section 7(1).  The application is disposed of accordingly. CPIO,OVERTURNED_ALLOWED
This order disposes of the First Appeal filed by the appellant.  records applicant appeals applicant. Information denied under commercial confidence Section 8(1)(d).  Hence your application is rejected. (Signature) Public Information Officer,PARTIALLY_ALLOWED
"With reference to the subject cited above, it is to inform that  regarding regarding forwarded regarding. The information submitted is in Marathi language and it is not understood. Submit in Hindi or English.  No further intervention is required. Information Commissioner",OVERTURNED_ALLOWED
Reference is invited to your RTI application dated 12/05/2026.  stipulated stipulated records regarding. The requested information runs into 150 pages. You are directed to pay Rs. 1500 towards compilation and search charges.  Hence your application is rejected. (Signature) Public Information Officer,OVERTURNED_ALLOWED
This order disposes of the First Appeal filed by the appellant.  records officials perusal records. The organization is exempt under Section 24 of the RTI Act.  No further intervention is required. Information Commissioner,REJECTED_DISMISSED
"Subject: Information sought under RTI Act, 2005.  forwarded officials officials stipulated. Disclosure of this information would prejudicially affect the sovereignty and security of the state under Section 8(1)(a).  The application is disposed of accordingly. CPIO",REJECTED_DISMISSED
"With reference to the subject cited above, it is to inform that  regarding officials appeals department. Disclosure of this information would prejudicially affect the sovereignty and security of the state under Section 8(1)(a).  Hence your application is rejected. (Signature) Public Information Officer",REJECTED_DISMISSED
This order disposes of the First Appeal filed by the appellant.  records regarding officials appeals. Disclosure of this information would prejudicially affect the sovereignty and security of the state under Section 8(1)(a).  Hence your application is rejected. (Signature) Public Information Officer,REJECTED_DISMISSED
"Subject: Information sought under RTI Act, 2005.  regarding officials forwarded regarding. The information sought qualifies as personal information of a third party, causing an unwarranted invasion of privacy under Section 8(1)(j).  The application is disposed of accordingly. CPIO",REJECTED_DISMISSED
This order disposes of the First Appeal filed by the appellant.  records stipulated regarding applicant. Disclosure of this information would prejudicially affect the sovereignty and security of the state under Section 8(1)(a).  No further intervention is required. Information Commissioner,REJECTED_DISMISSED
Reference is invited to your RTI application dated 12/05/2026.  forwarded forwarded perusal regarding. You have asked us to investigate and take strict disciplinary action. This does not fall under the definition of information as per Section 2(f).  No further intervention is required. Information Commissioner,REJECTED_DISMISSED
"With reference to the subject cited above, it is to inform that  stipulated applicant department records. The information submitted is in Marathi language and it is not understood. Submit in Hindi or English.  The application is disposed of accordingly. CPIO",OVERTURNED_ALLOWED
"Subject: Information sought under RTI Act, 2005.  appeals regarding forwarded forwarded. The requested information runs into 150 pages. You are directed to pay Rs. 1500 towards compilation and search charges.  No further intervention is required. Information Commissioner",OVERTURNED_ALLOWED
Reference is invited to your RTI application dated 12/05/2026.  forwarded perusal perusal regarding. The PIO failed to furnish the requested information within the mandatory 30-day period stipulated under Section 7(1).  The application is disposed of accordingly. CPIO,OVERTURNED_ALLOWED
"With reference to the subject cited above, it is to inform that  applicant regarding records appeals. Information denied under commercial confidence Section 8(1)(d).  Hence your application is rejected. (Signature) Public Information Officer",PARTIALLY_ALLOWED
"Subject: Information sought under RTI Act, 2005.  appeals officials forwarded regarding. You have asked us to investigate and take strict disciplinary action. This does not fall under the definition of information as per Section 2(f).  The application is disposed of accordingly. CPIO",REJECTED_DISMISSED
Reference is invited to your RTI application dated 12/05/2026.  records officials applicant applicant. The information submitted is in Marathi language and it is not understood. Submit in Hindi or English.  Hence your application is rejected. (Signature) Public Information Officer,OVERTURNED_ALLOWED
"With reference to the subject cited above, it is to inform that  applicant applicant stipulated stipulated. The information is held by the bank in a fiduciary capacity and is exempt under Section 8(1)(e).  Hence your application is rejected. (Signature) Public Information Officer",REJECTED_DISMISSED
This order disposes of the First Appeal filed by the appellant.  department perusal forwarded stipulated. You have asked us to investigate and take strict disciplinary action. This does not fall under the definition of information as per Section 2(f).  Hence your application is rejected. (Signature) Public Information Officer,REJECTED_DISMISSED
"Subject: Information sought under RTI Act, 2005.  appeals regarding regarding stipulated. The requested information runs into 150 pages. You are directed to pay Rs. 1500 towards compilation and search charges.  The application is disposed of accordingly. CPIO",OVERTURNED_ALLOWED
Reference is invited to your RTI application dated 12/05/2026.  officials regarding department department. The information submitted is in Marathi language and it is not understood. Submit in Hindi or English.  Hence your application is rejected. (Signature) Public Information Officer,OVERTURNED_ALLOWED
"Reference is invited to your RTI application dated 12/05/2026.  perusal forwarded forwarded department. The information sought qualifies as personal information of a third party, causing an unwarranted invasion of privacy under Section 8(1)(j).  The application is disposed of accordingly. CPIO",REJECTED_DISMISSED
"With reference to the subject cited above, it is to inform that  perusal regarding forwarded department. The PIO failed to furnish the requested information within the mandatory 30-day period stipulated under Section 7(1).  The application is disposed of accordingly. CPIO",OVERTURNED_ALLOWED
"Subject: Information sought under RTI Act, 2005.  applicant forwarded officials appeals. You have asked us to investigate and take strict disciplinary action. This does not fall under the definition of information as per Section 2(f).  Hence your application is rejected. (Signature) Public Information Officer",REJECTED_DISMISSED
This order disposes of the First Appeal filed by the appellant.  appeals records regarding stipulated. Information denied under commercial confidence Section 8(1)(d).  No further intervention is required. Information Commissioner,PARTIALLY_ALLOWED
"With reference to the subject cited above, it is to inform that  records regarding forwarded officials. Disclosure of this information would prejudicially affect the sovereignty and security of the state under Section 8(1)(a).  No further intervention is required. Information Commissioner",REJECTED_DISMISSED
This order disposes of the First Appeal filed by the appellant.  department stipulated officials department. The organization is exempt under Section 24 of the RTI Act.  The application is disposed of accordingly. CPIO,REJECTED_DISMISSED
This order disposes of the First Appeal filed by the appellant.  perusal records department records. You have asked us to investigate and take strict disciplinary action. This does not fall under the definition of information as per Section 2(f).  No further intervention is required. Information Commissioner,REJECTED_DISMISSED
Reference is invited to your RTI application dated 12/05/2026.  perusal appeals forwarded regarding. Information denied under commercial confidence Section 8(1)(d).  The application is disposed of accordingly. CPIO,PARTIALLY_ALLOWED
"With reference to the subject cited above, it is to inform that  officials stipulated regarding department. The requested information runs into 150 pages. You are directed to pay Rs. 1500 towards compilation and search charges.  The application is disposed of accordingly. CPIO",OVERTURNED_ALLOWED
This order disposes of the First Appeal filed by the appellant.  records perusal regarding applicant. The information is held by the bank in a fiduciary capacity and is exempt under Section 8(1)(e).  No further intervention is required. Information Commissioner,REJECTED_DISMISSED
"Reference is invited to your RTI application dated 12/05/2026.  forwarded forwarded officials perusal. The information sought qualifies as personal information of a third party, causing an unwarranted invasion of privacy under Section 8(1)(j).  No further intervention is required. Information Commissioner",REJECTED_DISMISSED
Reference is invited to your RTI application dated 12/05/2026.  stipulated stipulated applicant applicant. Disclosure of this information would prejudicially affect the sovereignty and security of the state under Section 8(1)(a).  The application is disposed of accordingly. CPIO,REJECTED_DISMISSED
Reference is invited to your RTI application dated 12/05/2026.  stipulated applicant applicant officials. The organization is exempt under Section 24 of the RTI Act.  Hence your application is rejected. (Signature) Public Information Officer,REJECTED_DISMISSED
"With reference to the subject cited above, it is to inform that  applicant applicant appeals forwarded. Disclosure of this information would prejudicially affect the sovereignty and security of the state under Section 8(1)(a).  The application is disposed of accordingly. CPIO",REJECTED_DISMISSED
"With reference to the subject cited above, it is to inform that  department regarding officials forwarded. The information submitted is in Marathi language and it is not understood. Submit in Hindi or English.  No further intervention is required. Information Commissioner",OVERTURNED_ALLOWED
Reference is invited to your RTI application dated 12/05/2026.  appeals perusal regarding appeals. The organization is exempt under Section 24 of the RTI Act.  Hence your application is rejected. (Signature) Public Information Officer,REJECTED_DISMISSED
"Subject: Information sought under RTI Act, 2005.  officials officials perusal department. Information denied under commercial confidence Section 8(1)(d).  No further intervention is required. Information Commissioner",PARTIALLY_ALLOWED
"Subject: Information sought under RTI Act, 2005.  stipulated regarding regarding regarding. Please be informed that this office does not maintain this. You are advised to separately file fresh RTI applications to other offices instead of a Section 6(3) transfer.  The application is disposed of accordingly. CPIO",OVERTURNED_ALLOWED
"Subject: Information sought under RTI Act, 2005.  department regarding forwarded appeals. The organization is exempt under Section 24 of the RTI Act.  The application is disposed of accordingly. CPIO",REJECTED_DISMISSED
"Subject: Information sought under RTI Act, 2005.  department applicant appeals officials. You have asked us to investigate and take strict disciplinary action. This does not fall under the definition of information as per Section 2(f).  Hence your application is rejected. (Signature) Public Information Officer",REJECTED_DISMISSED
This order disposes of the First Appeal filed by the appellant.  department perusal regarding department. Please be informed that this office does not maintain this. You are advised to separately file fresh RTI applications to other offices instead of a Section 6(3) transfer.  Hence your application is rejected. (Signature) Public Information Officer,OVERTURNED_ALLOWED
Reference is invited to your RTI application dated 12/05/2026.  officials perusal regarding applicant. The organization is exempt under Section 24 of the RTI Act.  Hence your application is rejected. (Signature) Public Information Officer,REJECTED_DISMISSED
Reference is invited to your RTI application dated 12/05/2026.  forwarded regarding officials officials. Information denied under commercial confidence Section 8(1)(d).  No further intervention is required. Information Commissioner,PARTIALLY_ALLOWED
Reference is invited to your RTI application dated 12/05/2026.  stipulated regarding stipulated records. The information submitted is in Marathi language and it is not understood. Submit in Hindi or English.  No further intervention is required. Information Commissioner,OVERTURNED_ALLOWED
"This order disposes of the First Appeal filed by the appellant.  perusal officials applicant regarding. The information sought qualifies as personal information of a third party, causing an unwarranted invasion of privacy under Section 8(1)(j).  Hence your application is rejected. (Signature) Public Information Officer",REJECTED_DISMISSED
"With reference to the subject cited above, it is to inform that  regarding perusal stipulated forwarded. Please be informed that this office does not maintain this. You are advised to separately file fresh RTI applications to other offices instead of a Section 6(3) transfer.  The application is disposed of accordingly. CPIO",OVERTURNED_ALLOWED
"Subject: Information sought under RTI Act, 2005.  perusal department regarding forwarded. Information denied under commercial confidence Section 8(1)(d).  The application is disposed of accordingly. CPIO",PARTIALLY_ALLOWED
Reference is invited to your RTI application dated 12/05/2026.  department appeals applicant applicant. Disclosure of this information would prejudicially affect the sovereignty and security of the state under Section 8(1)(a).  Hence your application is rejected. (Signature) Public Information Officer,REJECTED_DISMISSED
"Subject: Information sought under RTI Act, 2005.  officials regarding applicant stipulated. The information is held by the bank in a fiduciary capacity and is exempt under Section 8(1)(e).  Hence your application is rejected. (Signature) Public Information Officer",REJECTED_DISMISSED
Reference is invited to your RTI application dated 12/05/2026.  perusal forwarded perusal applicant. The information submitted is in Marathi language and it is not understood. Submit in Hindi or English.  Hence your application is rejected. (Signature) Public Information Officer,OVERTURNED_ALLOWED
Reference is invited to your RTI application dated 12/05/2026.  perusal perusal records appeals. The requested information runs into 150 pages. You are directed to pay Rs. 1500 towards compilation and search charges.  No further intervention is required. Information Commissioner,OVERTURNED_ALLOWED
This order disposes of the First Appeal filed by the appellant.  forwarded appeals officials forwarded. Information denied under commercial confidence Section 8(1)(d).  No further intervention is required. Information Commissioner,PARTIALLY_ALLOWED
"This order disposes of the First Appeal filed by the appellant.  applicant department appeals applicant. The information sought qualifies as personal information of a third party, causing an unwarranted invasion of privacy under Section 8(1)(j).  The application is disposed of accordingly. CPIO",REJECTED_DISMISSED
"With reference to the subject cited above, it is to inform that  stipulated records forwarded perusal. The PIO failed to furnish the requested information within the mandatory 30-day period stipulated under Section 7(1).  The application is disposed of accordingly. CPIO",OVERTURNED_ALLOWED
This order disposes of the First Appeal filed by the appellant.  appeals officials forwarded forwarded. The information is held by the bank in a fiduciary capacity and is exempt under Section 8(1)(e).  The application is disposed of accordingly. CPIO,REJECTED_DISMISSED
This order disposes of the First Appeal filed by the appellant.  perusal perusal officials stipulated. Disclosure of this information would prejudicially affect the sovereignty and security of the state under Section 8(1)(a).  The application is disposed of accordingly. CPIO,REJECTED_DISMISSED
Reference is invited to your RTI application dated 12/05/2026.  stipulated forwarded perusal perusal. The information is held by the bank in a fiduciary capacity and is exempt under Section 8(1)(e).  Hence your application is rejected. (Signature) Public Information Officer,REJECTED_DISMISSED
This order disposes of the First Appeal filed by the appellant.  regarding department appeals records. You have asked us to investigate and take strict disciplinary action. This does not fall under the definition of information as per Section 2(f).  Hence your application is rejected. (Signature) Public Information Officer,REJECTED_DISMISSED
"With reference to the subject cited above, it is to inform that  department regarding stipulated applicant. The PIO failed to furnish the requested information within the mandatory 30-day period stipulated under Section 7(1).  No further intervention is required. Information Commissioner",OVERTURNED_ALLOWED
Reference is invited to your RTI application dated 12/05/2026.  officials forwarded forwarded stipulated. The organization is exempt under Section 24 of the RTI Act.  Hence your application is rejected. (Signature) Public Information Officer,REJECTED_DISMISSED
"With reference to the subject cited above, it is to inform that  appeals appeals stipulated officials. The organization is exempt under Section 24 of the RTI Act.  No further intervention is required. Information Commissioner",REJECTED_DISMISSED
"Subject: Information sought under RTI Act, 2005.  perusal forwarded regarding applicant. Disclosure of this information would prejudicially affect the sovereignty and security of the state under Section 8(1)(a).  No further intervention is required. Information Commissioner",REJECTED_DISMISSED
"Subject: Information sought under RTI Act, 2005.  perusal applicant stipulated applicant. The information is held by the bank in a fiduciary capacity and is exempt under Section 8(1)(e).  The application is disposed of accordingly. CPIO",REJECTED_DISMISSED
This order disposes of the First Appeal filed by the appellant.  applicant perusal officials records. Please be informed that this office does not maintain this. You are advised to separately file fresh RTI applications to other offices instead of a Section 6(3) transfer.  No further intervention is required. Information Commissioner,OVERTURNED_ALLOWED
This order disposes of the First Appeal filed by the appellant.  perusal applicant records appeals. Disclosure of this information would prejudicially affect the sovereignty and security of the state under Section 8(1)(a).  Hence your application is rejected. (Signature) Public Information Officer,REJECTED_DISMISSED
This order disposes of the First Appeal filed by the appellant.  appeals applicant appeals records. Disclosure of this information would prejudicially affect the sovereignty and security of the state under Section 8(1)(a).  No further intervention is required. Information Commissioner,REJECTED_DISMISSED
Reference is invited to your RTI application dated 12/05/2026.  forwarded perusal officials stipulated. The organization is exempt under Section 24 of the RTI Act.  No further intervention is required. Information Commissioner,REJECTED_DISMISSED
"Subject: Information sought under RTI Act, 2005.  applicant forwarded regarding forwarded. The information sought qualifies as personal information of a third party, causing an unwarranted invasion of privacy under Section 8(1)(j).  The application is disposed of accordingly. CPIO",REJECTED_DISMISSED
This order disposes of the First Appeal filed by the appellant.  appeals officials appeals stipulated. The organization is exempt under Section 24 of the RTI Act.  The application is disposed of accordingly. CPIO,REJECTED_DISMISSED
This order disposes of the First Appeal filed by the appellant.  appeals stipulated officials appeals. Information denied under commercial confidence Section 8(1)(d).  Hence your application is rejected. (Signature) Public Information Officer,PARTIALLY_ALLOWED
"Subject: Information sought under RTI Act, 2005.  forwarded perusal department department. The PIO failed to furnish the requested information within the mandatory 30-day period stipulated under Section 7(1).  No further intervention is required. Information Commissioner",OVERTURNED_ALLOWED
This order disposes of the First Appeal filed by the appellant.  forwarded forwarded records officials. Disclosure of this information would prejudicially affect the sovereignty and security of the state under Section 8(1)(a).  Hence your application is rejected. (Signature) Public Information Officer,REJECTED_DISMISSED
Reference is invited to your RTI application dated 12/05/2026.  stipulated appeals forwarded stipulated. The requested information runs into 150 pages. You are directed to pay Rs. 1500 towards compilation and search charges.  The application is disposed of accordingly. CPIO,OVERTURNED_ALLOWED
"With reference to the subject cited above, it is to inform that  officials appeals regarding applicant. Please be informed that this office does not maintain this. You are advised to separately file fresh RTI applications to other offices instead of a Section 6(3) transfer.  No further intervention is required. Information Commissioner",OVERTURNED_ALLOWED
Reference is invited to your RTI application dated 12/05/2026.  records regarding department appeals. The information is held by the bank in a fiduciary capacity and is exempt under Section 8(1)(e).  The application is disposed of accordingly. CPIO,REJECTED_DISMISSED
Reference is invited to your RTI application dated 12/05/2026.  applicant appeals regarding department. The PIO failed to furnish the requested information within the mandatory 30-day period stipulated under Section 7(1).  The application is disposed of accordingly. CPIO,OVERTURNED_ALLOWED
"Subject: Information sought under RTI Act, 2005.  perusal records applicant applicant. You have asked us to investigate and take strict disciplinary action. This does not fall under the definition of information as per Section 2(f).  The application is disposed of accordingly. CPIO",REJECTED_DISMISSED
"Subject: Information sought under RTI Act, 2005.  regarding applicant records department. The information is held by the bank in a fiduciary capacity and is exempt under Section 8(1)(e).  Hence your application is rejected. (Signature) Public Information Officer",REJECTED_DISMISSED
Reference is invited to your RTI application dated 12/05/2026.  appeals perusal officials department. The requested information runs into 150 pages. You are directed to pay Rs. 1500 towards compilation and search charges.  No further intervention is required. Information Commissioner,OVERTURNED_ALLOWED
This order disposes of the First Appeal filed by the appellant.  department officials applicant appeals. You have asked us to investigate and take strict disciplinary action. This does not fall under the definition of information as per Section 2(f).  The application is disposed of accordingly. CPIO,REJECTED_DISMISSED
This order disposes of the First Appeal filed by the appellant.  forwarded officials applicant regarding. The PIO failed to furnish the requested information within the mandatory 30-day period stipulated under Section 7(1).  No further intervention is required. Information Commissioner,OVERTURNED_ALLOWED
Reference is invited to your RTI application dated 12/05/2026.  perusal applicant regarding applicant. The organization is exempt under Section 24 of the RTI Act.  The application is disposed of accordingly. CPIO,REJECTED_DISMISSED
"With reference to the subject cited above, it is to inform that  appeals stipulated records forwarded. Disclosure of this information would prejudicially affect the sovereignty and security of the state under Section 8(1)(a).  No further intervention is required. Information Commissioner",REJECTED_DISMISSED
"Subject: Information sought under RTI Act, 2005.  applicant records perusal perusal. Information denied under commercial confidence Section 8(1)(d).  Hence your application is rejected. (Signature) Public Information Officer",PARTIALLY_ALLOWED
"With reference to the subject cited above, it is to inform that  department forwarded forwarded applicant. The PIO failed to furnish the requested information within the mandatory 30-day period stipulated under Section 7(1).  The application is disposed of accordingly. CPIO",OVERTURNED_ALLOWED
"With reference to the subject cited above, it is to inform that  appeals stipulated department forwarded. The information sought qualifies as personal information of a third party, causing an unwarranted invasion of privacy under Section 8(1)(j).  The application is disposed of accordingly. CPIO",REJECTED_DISMISSED
Reference is invited to your RTI application dated 12/05/2026.  applicant applicant records officials. The information is held by the bank in a fiduciary capacity and is exempt under Section 8(1)(e).  The application is disposed of accordingly. CPIO,REJECTED_DISMISSED
"With reference to the subject cited above, it is to inform that  applicant regarding appeals department. The information is held by the bank in a fiduciary capacity and is exempt under Section 8(1)(e).  No further intervention is required. Information Commissioner",REJECTED_DISMISSED
"With reference to the subject cited above, it is to inform that  applicant appeals appeals stipulated. The organization is exempt under Section 24 of the RTI Act.  Hence your application is rejected. (Signature) Public Information Officer",REJECTED_DISMISSED
"With reference to the subject cited above, it is to inform that  appeals regarding records department. The information is held by the bank in a fiduciary capacity and is exempt under Section 8(1)(e).  The application is disposed of accordingly. CPIO",REJECTED_DISMISSED
Reference is invited to your RTI application dated 12/05/2026.  stipulated perusal department department. You have asked us to investigate and take strict disciplinary action. This does not fall under the definition of information as per Section 2(f).  The application is disposed of accordingly. CPIO,REJECTED_DISMISSED
Reference is invited to your RTI application dated 12/05/2026.  appeals perusal regarding applicant. Disclosure of this information would prejudicially affect the sovereignty and security of the state under Section 8(1)(a).  No further intervention is required. Information Commissioner,REJECTED_DISMISSED
"With reference to the subject cited above, it is to inform that  forwarded applicant records perusal. The information sought qualifies as personal information of a third party, causing an unwarranted invasion of privacy under Section 8(1)(j).  Hence your application is rejected. (Signature) Public Information Officer",REJECTED_DISMISSED
This order disposes of the First Appeal filed by the appellant.  department department records officials. The organization is exempt under Section 24 of the RTI Act.  The application is disposed of accordingly. CPIO,REJECTED_DISMISSED
This order disposes of the First Appeal filed by the appellant.  forwarded appeals department applicant. Please be informed that this office does not maintain this. You are advised to separately file fresh RTI applications to other offices instead of a Section 6(3) transfer.  The application is disposed of accordingly. CPIO,OVERTURNED_ALLOWED
Reference is invited to your RTI application dated 12/05/2026.  applicant records records officials. The requested information runs into 150 pages. You are directed to pay Rs. 1500 towards compilation and search charges.  Hence your application is rejected. (Signature) Public Information Officer,OVERTURNED_ALLOWED
Reference is invited to your RTI application dated 12/05/2026.  appeals appeals applicant appeals. Information denied under commercial confidence Section 8(1)(d).  Hence your application is rejected. (Signature) Public Information Officer,PARTIALLY_ALLOWED
"Subject: Information sought under RTI Act, 2005.  officials stipulated stipulated officials. The PIO failed to furnish the requested information within the mandatory 30-day period stipulated under Section 7(1).  No further intervention is required. Information Commissioner",OVERTURNED_ALLOWED
"Subject: Information sought under RTI Act, 2005.  regarding applicant applicant stipulated. The PIO failed to furnish the requested information within the mandatory 30-day period stipulated under Section 7(1).  Hence your application is rejected. (Signature) Public Information Officer",OVERTURNED_ALLOWED
Reference is invited to your RTI application dated 12/05/2026.  perusal department applicant officials. The organization is exempt under Section 24 of the RTI Act.  No further intervention is required. Information Commissioner,REJECTED_DISMISSED
This order disposes of the First Appeal filed by the appellant.  officials stipulated applicant appeals. Information denied under commercial confidence Section 8(1)(d).  No further intervention is required. Information Commissioner,PARTIALLY_ALLOWED
"With reference to the subject cited above, it is to inform that  appeals perusal records appeals. The PIO failed to furnish the requested information within the mandatory 30-day period stipulated under Section 7(1).  Hence your application is rejected. (Signature) Public Information Officer",OVERTURNED_ALLOWED
Reference is invited to your RTI application dated 12/05/2026.  perusal records forwarded records. The information is held by the bank in a fiduciary capacity and is exempt under Section 8(1)(e).  Hence your application is rejected. (Signature) Public Information Officer,REJECTED_DISMISSED
This order disposes of the First Appeal filed by the appellant.  forwarded applicant forwarded applicant. The requested information runs into 150 pages. You are directed to pay Rs. 1500 towards compilation and search charges.  The application is disposed of accordingly. CPIO,OVERTURNED_ALLOWED
Reference is invited to your RTI application dated 12/05/2026.  perusal regarding applicant records. The information submitted is in Marathi language and it is not understood. Submit in Hindi or English.  The application is disposed of accordingly. CPIO,OVERTURNED_ALLOWED
"With reference to the subject cited above, it is to inform that  perusal appeals officials forwarded. The PIO failed to furnish the requested information within the mandatory 30-day period stipulated under Section 7(1).  No further intervention is required. Information Commissioner",OVERTURNED_ALLOWED
Reference is invited to your RTI application dated 12/05/2026.  department forwarded perusal regarding. Please be informed that this office does not maintain this. You are advised to separately file fresh RTI applications to other offices instead of a Section 6(3) transfer.  No further intervention is required. Information Commissioner,OVERTURNED_ALLOWED
"With reference to the subject cited above, it is to inform that  records officials applicant regarding. You have asked us to investigate and take strict disciplinary action. This does not fall under the definition of information as per Section 2(f).  No further intervention is required. Information Commissioner",REJECTED_DISMISSED
"With reference to the subject cited above, it is to inform that  appeals stipulated department appeals. The information is held by the bank in a fiduciary capacity and is exempt under Section 8(1)(e).  The application is disposed of accordingly. CPIO",REJECTED_DISMISSED
"With reference to the subject cited above, it is to inform that  applicant applicant officials records. Information denied under commercial confidence Section 8(1)(d).  Hence your application is rejected. (Signature) Public Information Officer",PARTIALLY_ALLOWED
"Subject: Information sought under RTI Act, 2005.  appeals applicant records officials. The information submitted is in Marathi language and it is not understood. Submit in Hindi or English.  No further intervention is required. Information Commissioner",OVERTURNED_ALLOWED
Reference is invited to your RTI application dated 12/05/2026.  applicant stipulated applicant department. The information is held by the bank in a fiduciary capacity and is exempt under Section 8(1)(e).  Hence your application is rejected. (Signature) Public Information Officer,REJECTED_DISMISSED
Reference is invited to your RTI application dated 12/05/2026.  stipulated forwarded regarding stipulated. The information submitted is in Marathi language and it is not understood. Submit in Hindi or English.  Hence your application is rejected. (Signature) Public Information Officer,OVERTURNED_ALLOWED
This order disposes of the First Appeal filed by the appellant.  records applicant records stipulated. The organization is exempt under Section 24 of the RTI Act.  No further intervention is required. Information Commissioner,REJECTED_DISMISSED
"Subject: Information sought under RTI Act, 2005.  forwarded applicant officials appeals. The information is held by the bank in a fiduciary capacity and is exempt under Section 8(1)(e).  Hence your application is rejected. (Signature) Public Information Officer",REJECTED_DISMISSED
"Subject: Information sought under RTI Act, 2005.  perusal department appeals applicant. The information sought qualifies as personal information of a third party, causing an unwarranted invasion of privacy under Section 8(1)(j).  No further intervention is required. Information Commissioner",REJECTED_DISMISSED
"Subject: Information sought under RTI Act, 2005.  appeals records forwarded forwarded. Disclosure of this information would prejudicially affect the sovereignty and security of the state under Section 8(1)(a).  No further intervention is required. Information Commissioner",REJECTED_DISMISSED
This order disposes of the First Appeal filed by the appellant.  applicant records appeals department. The organization is exempt under Section 24 of the RTI Act.  Hence your application is rejected. (Signature) Public Information Officer,REJECTED_DISMISSED
"With reference to the subject cited above, it is to inform that  appeals department applicant records. The requested information runs into 150 pages. You are directed to pay Rs. 1500 towards compilation and search charges.  Hence your application is rejected. (Signature) Public Information Officer",OVERTURNED_ALLOWED
"Subject: Information sought under RTI Act, 2005.  perusal perusal regarding perusal. The requested information runs into 150 pages. You are directed to pay Rs. 1500 towards compilation and search charges.  Hence your application is rejected. (Signature) Public Information Officer",OVERTURNED_ALLOWED
This order disposes of the First Appeal filed by the appellant.  forwarded appeals officials officials. The requested information runs into 150 pages. You are directed to pay Rs. 1500 towards compilation and search charges.  The application is disposed of accordingly. CPIO,OVERTURNED_ALLOWED
"Subject: Information sought under RTI Act, 2005.  applicant forwarded perusal perusal. Disclosure of this information would prejudicially affect the sovereignty and security of the state under Section 8(1)(a).  The application is disposed of accordingly. CPIO",REJECTED_DISMISSED
This order disposes of the First Appeal filed by the appellant.  department applicant appeals appeals. Disclosure of this information would prejudicially affect the sovereignty and security of the state under Section 8(1)(a).  Hence your application is rejected. (Signature) Public Information Officer,REJECTED_DISMISSED
Reference is invited to your RTI application dated 12/05/2026.  perusal applicant appeals applicant. The organization is exempt under Section 24 of the RTI Act.  Hence your application is rejected. (Signature) Public Information Officer,REJECTED_DISMISSED
"Subject: Information sought under RTI Act, 2005.  applicant records department officials. Disclosure of this information would prejudicially affect the sovereignty and security of the state under Section 8(1)(a).  No further intervention is required. Information Commissioner",REJECTED_DISMISSED
This order disposes of the First Appeal filed by the appellant.  department department officials appeals. Disclosure of this information would prejudicially affect the sovereignty and security of the state under Section 8(1)(a).  Hence your application is rejected. (Signature) Public Information Officer,REJECTED_DISMISSED
Reference is invited to your RTI application dated 12/05/2026.  officials stipulated records appeals. The organization is exempt under Section 24 of the RTI Act.  Hence your application is rejected. (Signature) Public Information Officer,REJECTED_DISMISSED
Reference is invited to your RTI application dated 12/05/2026.  stipulated applicant applicant stipulated. The organization is exempt under Section 24 of the RTI Act.  Hence your application is rejected. (Signature) Public Information Officer,REJECTED_DISMISSED
"Subject: Information sought under RTI Act, 2005.  officials officials forwarded forwarded. The PIO failed to furnish the requested information within the mandatory 30-day period stipulated under Section 7(1).  No further intervention is required. Information Commissioner",OVERTURNED_ALLOWED
"Subject: Information sought under RTI Act, 2005.  officials perusal records officials. Please be informed that this office does not maintain this. You are advised to separately file fresh RTI applications to other offices instead of a Section 6(3) transfer.  No further intervention is required. Information Commissioner",OVERTURNED_ALLOWED
Reference is invited to your RTI application dated 12/05/2026.  perusal department officials officials. The information is held by the bank in a fiduciary capacity and is exempt under Section 8(1)(e).  No further intervention is required. Information Commissioner,REJECTED_DISMISSED
"Subject: Information sought under RTI Act, 2005.  department perusal forwarded forwarded. The information is held by the bank in a fiduciary capacity and is exempt under Section 8(1)(e).  No further intervention is required. Information Commissioner",REJECTED_DISMISSED
"With reference to the subject cited above, it is to inform that  forwarded forwarded department stipulated. Please be informed that this office does not maintain this. You are advised to separately file fresh RTI applications to other offices instead of a Section 6(3) transfer.  The application is disposed of accordingly. CPIO",OVERTURNED_ALLOWED
This order disposes of the First Appeal filed by the appellant.  appeals regarding stipulated appeals. Disclosure of this information would prejudicially affect the sovereignty and security of the state under Section 8(1)(a).  Hence your application is rejected. (Signature) Public Information Officer,REJECTED_DISMISSED
Reference is invited to your RTI application dated 12/05/2026.  regarding appeals records regarding. Information denied under commercial confidence Section 8(1)(d).  No further intervention is required. Information Commissioner,PARTIALLY_ALLOWED
"Subject: Information sought under RTI Act, 2005.  forwarded officials officials forwarded. The requested information runs into 150 pages. You are directed to pay Rs. 1500 towards compilation and search charges.  The application is disposed of accordingly. CPIO",OVERTURNED_ALLOWED
"With reference to the subject cited above, it is to inform that  records officials applicant officials. Please be informed that this office does not maintain this. You are advised to separately file fresh RTI applications to other offices instead of a Section 6(3) transfer.  The application is disposed of accordingly. CPIO",OVERTURNED_ALLOWED
Reference is invited to your RTI application dated 12/05/2026.  perusal applicant applicant department. The requested information runs into 150 pages. You are directed to pay Rs. 1500 towards compilation and search charges.  The application is disposed of accordingly. CPIO,OVERTURNED_ALLOWED
This order disposes of the First Appeal filed by the appellant.  officials department stipulated applicant. The information is held by the bank in a fiduciary capacity and is exempt under Section 8(1)(e).  Hence your application is rejected. (Signature) Public Information Officer,REJECTED_DISMISSED
"Subject: Information sought under RTI Act, 2005.  appeals officials perusal applicant. The organization is exempt under Section 24 of the RTI Act.  Hence your application is rejected. (Signature) Public Information Officer",REJECTED_DISMISSED
"Subject: Information sought under RTI Act, 2005.  forwarded department forwarded applicant. The information sought qualifies as personal information of a third party, causing an unwarranted invasion of privacy under Section 8(1)(j).  No further intervention is required. Information Commissioner",REJECTED_DISMISSED
"Subject: Information sought under RTI Act, 2005.  forwarded stipulated officials applicant. The requested information runs into 150 pages. You are directed to pay Rs. 1500 towards compilation and search charges.  No further intervention is required. Information Commissioner",OVERTURNED_ALLOWED
Reference is invited to your RTI application dated 12/05/2026.  department appeals department regarding. The organization is exempt under Section 24 of the RTI Act.  Hence your application is rejected. (Signature) Public Information Officer,REJECTED_DISMISSED
This order disposes of the First Appeal filed by the appellant.  stipulated perusal officials forwarded. The organization is exempt under Section 24 of the RTI Act.  No further intervention is required. Information Commissioner,REJECTED_DISMISSED
"Subject: Information sought under RTI Act, 2005.  stipulated stipulated perusal applicant. The organization is exempt under Section 24 of the RTI Act.  The application is disposed of accordingly. CPIO",REJECTED_DISMISSED
"With reference to the subject cited above, it is to inform that  forwarded department regarding appeals. The PIO failed to furnish the requested information within the mandatory 30-day period stipulated under Section 7(1).  Hence your application is rejected. (Signature) Public Information Officer",OVERTURNED_ALLOWED
Reference is invited to your RTI application dated 12/05/2026.  department stipulated regarding applicant. The requested information runs into 150 pages. You are directed to pay Rs. 1500 towards compilation and search charges.  Hence your application is rejected. (Signature) Public Information Officer,OVERTURNED_ALLOWED
This order disposes of the First Appeal filed by the appellant.  applicant applicant appeals stipulated. The information submitted is in Marathi language and it is not understood. Submit in Hindi or English.  The application is disposed of accordingly. CPIO,OVERTURNED_ALLOWED
"Subject: Information sought under RTI Act, 2005.  department appeals appeals department. Information denied under commercial confidence Section 8(1)(d).  Hence your application is rejected. (Signature) Public Information Officer",PARTIALLY_ALLOWED
This order disposes of the First Appeal filed by the appellant.  appeals stipulated regarding stipulated. Information denied under commercial confidence Section 8(1)(d).  Hence your application is rejected. (Signature) Public Information Officer,PARTIALLY_ALLOWED
"Subject: Information sought under RTI Act, 2005.  records perusal officials regarding. The organization is exempt under Section 24 of the RTI Act.  The application is disposed of accordingly. CPIO",REJECTED_DISMISSED
"With reference to the subject cited above, it is to inform that  perusal forwarded stipulated perusal. The organization is exempt under Section 24 of the RTI Act.  Hence your application is rejected. (Signature) Public Information Officer",REJECTED_DISMISSED
"Subject: Information sought under RTI Act, 2005.  applicant records officials officials. The information sought qualifies as personal information of a third party, causing an unwarranted invasion of privacy under Section 8(1)(j).  Hence your application is rejected. (Signature) Public Information Officer",REJECTED_DISMISSED
Reference is invited to your RTI application dated 12/05/2026.  appeals records regarding department. The information submitted is in Marathi language and it is not understood. Submit in Hindi or English.  No further intervention is required. Information Commissioner,OVERTURNED_ALLOWED
This order disposes of the First Appeal filed by the appellant.  records appeals perusal perusal. Please be informed that this office does not maintain this. You are advised to separately file fresh RTI applications to other offices instead of a Section 6(3) transfer.  The application is disposed of accordingly. CPIO,OVERTURNED_ALLOWED
Reference is invited to your RTI application dated 12/05/2026.  perusal officials regarding stipulated. The PIO failed to furnish the requested information within the mandatory 30-day period stipulated under Section 7(1).  The application is disposed of accordingly. CPIO,OVERTURNED_ALLOWED
"Subject: Information sought under RTI Act, 2005.  department stipulated department records. The PIO failed to furnish the requested information within the mandatory 30-day period stipulated under Section 7(1).  The application is disposed of accordingly. CPIO",OVERTURNED_ALLOWED
Reference is invited to your RTI application dated 12/05/2026.  records perusal stipulated stipulated. Disclosure of this information would prejudicially affect the sovereignty and security of the state under Section 8(1)(a).  The application is disposed of accordingly. CPIO,REJECTED_DISMISSED
"This order disposes of the First Appeal filed by the appellant.  perusal records stipulated regarding. The information sought qualifies as personal information of a third party, causing an unwarranted invasion of privacy under Section 8(1)(j).  The application is disposed of accordingly. CPIO",REJECTED_DISMISSED
This order disposes of the First Appeal filed by the appellant.  stipulated applicant forwarded stipulated. The PIO failed to furnish the requested information within the mandatory 30-day period stipulated under Section 7(1).  No further intervention is required. Information Commissioner,OVERTURNED_ALLOWED
Reference is invited to your RTI application dated 12/05/2026.  department appeals perusal applicant. The organization is exempt under Section 24 of the RTI Act.  Hence your application is rejected. (Signature) Public Information Officer,REJECTED_DISMISSED
This order disposes of the First Appeal filed by the appellant.  department appeals forwarded forwarded. Please be informed that this office does not maintain this. You are advised to separately file fresh RTI applications to other offices instead of a Section 6(3) transfer.  No further intervention is required. Information Commissioner,OVERTURNED_ALLOWED
"Subject: Information sought under RTI Act, 2005.  records department regarding department. The information sought qualifies as personal information of a third party, causing an unwarranted invasion of privacy under Section 8(1)(j).  Hence your application is rejected. (Signature) Public Information Officer",REJECTED_DISMISSED
This order disposes of the First Appeal filed by the appellant.  regarding appeals department regarding. Information denied under commercial confidence Section 8(1)(d).  The application is disposed of accordingly. CPIO,PARTIALLY_ALLOWED
This order disposes of the First Appeal filed by the appellant.  officials stipulated records stipulated. The organization is exempt under Section 24 of the RTI Act.  Hence your application is rejected. (Signature) Public Information Officer,REJECTED_DISMISSED
"With reference to the subject cited above, it is to inform that  applicant forwarded applicant officials. The information is held by the bank in a fiduciary capacity and is exempt under Section 8(1)(e).  No further intervention is required. Information Commissioner",REJECTED_DISMISSED
This order disposes of the First Appeal filed by the appellant.  department applicant department applicant. The information is held by the bank in a fiduciary capacity and is exempt under Section 8(1)(e).  Hence your application is rejected. (Signature) Public Information Officer,REJECTED_DISMISSED
"Subject: Information sought under RTI Act, 2005.  perusal records stipulated applicant. The information is held by the bank in a fiduciary capacity and is exempt under Section 8(1)(e).  No further intervention is required. Information Commissioner",REJECTED_DISMISSED
Reference is invited to your RTI application dated 12/05/2026.  department appeals stipulated records. Disclosure of this information would prejudicially affect the sovereignty and security of the state under Section 8(1)(a).  Hence your application is rejected. (Signature) Public Information Officer,REJECTED_DISMISSED
Reference is invited to your RTI application dated 12/05/2026.  applicant forwarded perusal department. Disclosure of this information would prejudicially affect the sovereignty and security of the state under Section 8(1)(a).  No further intervention is required. Information Commissioner,REJECTED_DISMISSED
This order disposes of the First Appeal filed by the appellant.  appeals regarding stipulated department. The information submitted is in Marathi language and it is not understood. Submit in Hindi or English.  Hence your application is rejected. (Signature) Public Information Officer,OVERTURNED_ALLOWED
This order disposes of the First Appeal filed by the appellant.  stipulated officials regarding forwarded. Information denied under commercial confidence Section 8(1)(d).  The application is disposed of accordingly. CPIO,PARTIALLY_ALLOWED
"With reference to the subject cited above, it is to inform that  stipulated records regarding officials. Please be informed that this office does not maintain this. You are advised to separately file fresh RTI applications to other offices instead of a Section 6(3) transfer.  Hence your application is rejected. (Signature) Public Information Officer",OVERTURNED_ALLOWED
"Subject: Information sought under RTI Act, 2005.  perusal stipulated officials department. The PIO failed to furnish the requested information within the mandatory 30-day period stipulated under Section 7(1).  No further intervention is required. Information Commissioner",OVERTURNED_ALLOWED
This order disposes of the First Appeal filed by the appellant.  stipulated records records forwarded. The organization is exempt under Section 24 of the RTI Act.  No further intervention is required. Information Commissioner,REJECTED_DISMISSED
"With reference to the subject cited above, it is to inform that  appeals appeals perusal perusal. The requested information runs into 150 pages. You are directed to pay Rs. 1500 towards compilation and search charges.  The application is disposed of accordingly. CPIO",OVERTURNED_ALLOWED
"With reference to the subject cited above, it is to inform that  officials applicant officials forwarded. The information sought qualifies as personal information of a third party, causing an unwarranted invasion of privacy under Section 8(1)(j).  No further intervention is required. Information Commissioner",REJECTED_DISMISSED
Reference is invited to your RTI application dated 12/05/2026.  records stipulated applicant department. The information is held by the bank in a fiduciary capacity and is exempt under Section 8(1)(e).  Hence your application is rejected. (Signature) Public Information Officer,REJECTED_DISMISSED
"Subject: Information sought under RTI Act, 2005.  appeals records perusal officials. Disclosure of this information would prejudicially affect the sovereignty and security of the state under Section 8(1)(a).  No further intervention is required. Information Commissioner",REJECTED_DISMISSED
"With reference to the subject cited above, it is to inform that  appeals department records stipulated. You have asked us to investigate and take strict disciplinary action. This does not fall under the definition of information as per Section 2(f).  Hence your application is rejected. (Signature) Public Information Officer",REJECTED_DISMISSED
"Subject: Information sought under RTI Act, 2005.  stipulated appeals officials records. The information is held by the bank in a fiduciary capacity and is exempt under Section 8(1)(e).  The application is disposed of accordingly. CPIO",REJECTED_DISMISSED
"This order disposes of the First Appeal filed by the appellant.  stipulated records appeals regarding. The information sought qualifies as personal information of a third party, causing an unwarranted invasion of privacy under Section 8(1)(j).  The application is disposed of accordingly. CPIO",REJECTED_DISMISSED
Reference is invited to your RTI application dated 12/05/2026.  records stipulated department records. The requested information runs into 150 pages. You are directed to pay Rs. 1500 towards compilation and search charges.  The application is disposed of accordingly. CPIO,OVERTURNED_ALLOWED
This order disposes of the First Appeal filed by the appellant.  perusal stipulated appeals forwarded. Please be informed that this office does not maintain this. You are advised to separately file fresh RTI applications to other offices instead of a Section 6(3) transfer.  No further intervention is required. Information Commissioner,OVERTURNED_ALLOWED
This order disposes of the First Appeal filed by the appellant.  perusal regarding appeals regarding. The organization is exempt under Section 24 of the RTI Act.  No further intervention is required. Information Commissioner,REJECTED_DISMISSED
Reference is invited to your RTI application dated 12/05/2026.  forwarded regarding forwarded applicant. The organization is exempt under Section 24 of the RTI Act.  The application is disposed of accordingly. CPIO,REJECTED_DISMISSED
"With reference to the subject cited above, it is to inform that  department applicant applicant applicant. The requested information runs into 150 pages. You are directed to pay Rs. 1500 towards compilation and search charges.  The application is disposed of accordingly. CPIO",OVERTURNED_ALLOWED
Reference is invited to your RTI application dated 12/05/2026.  officials perusal forwarded perusal. The PIO failed to furnish the requested information within the mandatory 30-day period stipulated under Section 7(1).  The application is disposed of accordingly. CPIO,OVERTURNED_ALLOWED
This order disposes of the First Appeal filed by the appellant.  stipulated records applicant stipulated. The requested information runs into 150 pages. You are directed to pay Rs. 1500 towards compilation and search charges.  No further intervention is required. Information Commissioner,OVERTURNED_ALLOWED
This order disposes of the First Appeal filed by the appellant.  applicant perusal forwarded applicant. The organization is exempt under Section 24 of the RTI Act.  The application is disposed of accordingly. CPIO,REJECTED_DISMISSED
"Subject: Information sought under RTI Act, 2005.  department officials perusal appeals. The information is held by the bank in a fiduciary capacity and is exempt under Section 8(1)(e).  Hence your application is rejected. (Signature) Public Information Officer",REJECTED_DISMISSED
"With reference to the subject cited above, it is to inform that  regarding appeals applicant department. The information sought qualifies as personal information of a third party, causing an unwarranted invasion of privacy under Section 8(1)(j).  No further intervention is required. Information Commissioner",REJECTED_DISMISSED
"Subject: Information sought under RTI Act, 2005.  officials perusal perusal appeals. Disclosure of this information would prejudicially affect the sovereignty and security of the state under Section 8(1)(a).  No further intervention is required. Information Commissioner",REJECTED_DISMISSED
"With reference to the subject cited above, it is to inform that  regarding stipulated stipulated stipulated. The organization is exempt under Section 24 of the RTI Act.  The application is disposed of accordingly. CPIO",REJECTED_DISMISSED
"With reference to the subject cited above, it is to inform that  department applicant applicant appeals. You have asked us to investigate and take strict disciplinary action. This does not fall under the definition of information as per Section 2(f).  No further intervention is required. Information Commissioner",REJECTED_DISMISSED
Reference is invited to your RTI application dated 12/05/2026.  forwarded perusal perusal stipulated. Disclosure of this information would prejudicially affect the sovereignty and security of the state under Section 8(1)(a).  No further intervention is required. Information Commissioner,REJECTED_DISMISSED
This order disposes of the First Appeal filed by the appellant.  stipulated appeals appeals applicant. The organization is exempt under Section 24 of the RTI Act.  No further intervention is required. Information Commissioner,REJECTED_DISMISSED
Reference is invited to your RTI application dated 12/05/2026.  perusal perusal perusal stipulated. Disclosure of this information would prejudicially affect the sovereignty and security of the state under Section 8(1)(a).  Hence your application is rejected. (Signature) Public Information Officer,REJECTED_DISMISSED
Reference is invited to your RTI application dated 12/05/2026.  applicant forwarded stipulated records. The organization is exempt under Section 24 of the RTI Act.  The application is disposed of accordingly. CPIO,REJECTED_DISMISSED
"With reference to the subject cited above, it is to inform that  regarding department forwarded perusal. The PIO failed to furnish the requested information within the mandatory 30-day period stipulated under Section 7(1).  No further intervention is required. Information Commissioner",OVERTURNED_ALLOWED
This order disposes of the First Appeal filed by the appellant.  records stipulated department forwarded. The information is held by the bank in a fiduciary capacity and is exempt under Section 8(1)(e).  Hence your application is rejected. (Signature) Public Information Officer,REJECTED_DISMISSED
"Subject: Information sought under RTI Act, 2005.  perusal perusal applicant perusal. The information sought qualifies as personal information of a third party, causing an unwarranted invasion of privacy under Section 8(1)(j).  The application is disposed of accordingly. CPIO",REJECTED_DISMISSED
"Subject: Information sought under RTI Act, 2005.  records appeals stipulated applicant. The organization is exempt under Section 24 of the RTI Act.  No further intervention is required. Information Commissioner",REJECTED_DISMISSED
"Subject: Information sought under RTI Act, 2005.  forwarded department appeals records. Please be informed that this office does not maintain this. You are advised to separately file fresh RTI applications to other offices instead of a Section 6(3) transfer.  The application is disposed of accordingly. CPIO",OVERTURNED_ALLOWED
"Subject: Information sought under RTI Act, 2005.  applicant regarding perusal stipulated. Please be informed that this office does not maintain this. You are advised to separately file fresh RTI applications to other offices instead of a Section 6(3) transfer.  The application is disposed of accordingly. CPIO",OVERTURNED_ALLOWED
"With reference to the subject cited above, it is to inform that  perusal perusal department perusal. The information submitted is in Marathi language and it is not understood. Submit in Hindi or English.  The application is disposed of accordingly. CPIO",OVERTURNED_ALLOWED
Reference is invited to your RTI application dated 12/05/2026.  applicant forwarded appeals appeals. Disclosure of this information would prejudicially affect the sovereignty and security of the state under Section 8(1)(a).  No further intervention is required. Information Commissioner,REJECTED_DISMISSED
"With reference to the subject cited above, it is to inform that  forwarded regarding perusal officials. The PIO failed to furnish the requested information within the mandatory 30-day period stipulated under Section 7(1).  No further intervention is required. Information Commissioner",OVERTURNED_ALLOWED
"With reference to the subject cited above, it is to inform that  officials officials department stipulated. The organization is exempt under Section 24 of the RTI Act.  No further intervention is required. Information Commissioner",REJECTED_DISMISSED
This order disposes of the First Appeal filed by the appellant.  forwarded forwarded appeals appeals. You have asked us to investigate and take strict disciplinary action. This does not fall under the definition of information as per Section 2(f).  Hence your application is rejected. (Signature) Public Information Officer,REJECTED_DISMISSED
Reference is invited to your RTI application dated 12/05/2026.  records appeals perusal forwarded. Disclosure of this information would prejudicially affect the sovereignty and security of the state under Section 8(1)(a).  Hence your application is rejected. (Signature) Public Information Officer,REJECTED_DISMISSED
This order disposes of the First Appeal filed by the appellant.  perusal officials officials officials. The organization is exempt under Section 24 of the RTI Act.  The application is disposed of accordingly. CPIO,REJECTED_DISMISSED
This order disposes of the First Appeal filed by the appellant.  applicant regarding applicant applicant. You have asked us to investigate and take strict disciplinary action. This does not fall under the definition of information as per Section 2(f).  Hence your application is rejected. (Signature) Public Information Officer,REJECTED_DISMISSED
"With reference to the subject cited above, it is to inform that  officials regarding stipulated appeals. You have asked us to investigate and take strict disciplinary action. This does not fall under the definition of information as per Section 2(f).  No further intervention is required. Information Commissioner",REJECTED_DISMISSED
Reference is invited to your RTI application dated 12/05/2026.  perusal records regarding records. Disclosure of this information would prejudicially affect the sovereignty and security of the state under Section 8(1)(a).  No further intervention is required. Information Commissioner,REJECTED_DISMISSED
Reference is invited to your RTI application dated 12/05/2026.  officials applicant regarding stipulated. The information is held by the bank in a fiduciary capacity and is exempt under Section 8(1)(e).  The application is disposed of accordingly. CPIO,REJECTED_DISMISSED
"With reference to the subject cited above, it is to inform that  regarding officials applicant perusal. The PIO failed to furnish the requested information within the mandatory 30-day period stipulated under Section 7(1).  The application is disposed of accordingly. CPIO",OVERTURNED_ALLOWED
Reference is invited to your RTI application dated 12/05/2026.  stipulated perusal department appeals. Please be informed that this office does not maintain this. You are advised to separately file fresh RTI applications to other offices instead of a Section 6(3) transfer.  No further intervention is required. Information Commissioner,OVERTURNED_ALLOWED
"With reference to the subject cited above, it is to inform that  regarding perusal regarding forwarded. Information denied under commercial confidence Section 8(1)(d).  Hence your application is rejected. (Signature) Public Information Officer",PARTIALLY_ALLOWED
"With reference to the subject cited above, it is to inform that  stipulated applicant appeals records. Information denied under commercial confidence Section 8(1)(d).  Hence your application is rejected. (Signature) Public Information Officer",PARTIALLY_ALLOWED
"Subject: Information sought under RTI Act, 2005.  perusal applicant department appeals. Information denied under commercial confidence Section 8(1)(d).  No further intervention is required. Information Commissioner",PARTIALLY_ALLOWED
This order disposes of the First Appeal filed by the appellant.  stipulated appeals forwarded department. Disclosure of this information would prejudicially affect the sovereignty and security of the state under Section 8(1)(a).  The application is disposed of accordingly. CPIO,REJECTED_DISMISSED
"Subject: Information sought under RTI Act, 2005.  applicant department officials department. You have asked us to investigate and take strict disciplinary action. This does not fall under the definition of information as per Section 2(f).  The application is disposed of accordingly. CPIO",REJECTED_DISMISSED
"Subject: Information sought under RTI Act, 2005.  perusal regarding department appeals. Information denied under commercial confidence Section 8(1)(d).  The application is disposed of accordingly. CPIO",PARTIALLY_ALLOWED
"Reference is invited to your RTI application dated 12/05/2026.  applicant applicant forwarded stipulated. The information sought qualifies as personal information of a third party, causing an unwarranted invasion of privacy under Section 8(1)(j).  The application is disposed of accordingly. CPIO",REJECTED_DISMISSED
This order disposes of the First Appeal filed by the appellant.  perusal records records stipulated. Please be informed that this office does not maintain this. You are advised to separately file fresh RTI applications to other offices instead of a Section 6(3) transfer.  The application is disposed of accordingly. CPIO,OVERTURNED_ALLOWED
"With reference to the subject cited above, it is to inform that  officials records records stipulated. Please be informed that this office does not maintain this. You are advised to separately file fresh RTI applications to other offices instead of a Section 6(3) transfer.  No further intervention is required. Information Commissioner",OVERTURNED_ALLOWED
Reference is invited to your RTI application dated 12/05/2026.  appeals appeals appeals officials. The information submitted is in Marathi language and it is not understood. Submit in Hindi or English.  The application is disposed of accordingly. CPIO,OVERTURNED_ALLOWED
Reference is invited to your RTI application dated 12/05/2026.  stipulated records forwarded forwarded. The information submitted is in Marathi language and it is not understood. Submit in Hindi or English.  No further intervention is required. Information Commissioner,OVERTURNED_ALLOWED
This order disposes of the First Appeal filed by the appellant.  stipulated regarding perusal forwarded. The information submitted is in Marathi language and it is not understood. Submit in Hindi or English.  No further intervention is required. Information Commissioner,OVERTURNED_ALLOWED
Reference is invited to your RTI application dated 12/05/2026.  forwarded officials records regarding. The organization is exempt under Section 24 of the RTI Act.  The application is disposed of accordingly. CPIO,REJECTED_DISMISSED
Reference is invited to your RTI application dated 12/05/2026.  records appeals officials department. Disclosure of this information would prejudicially affect the sovereignty and security of the state under Section 8(1)(a).  The application is disposed of accordingly. CPIO,REJECTED_DISMISSED
This order disposes of the First Appeal filed by the appellant.  department forwarded appeals appeals. You have asked us to investigate and take strict disciplinary action. This does not fall under the definition of information as per Section 2(f).  Hence your application is rejected. (Signature) Public Information Officer,REJECTED_DISMISSED
This order disposes of the First Appeal filed by the appellant.  forwarded department appeals department. The PIO failed to furnish the requested information within the mandatory 30-day period stipulated under Section 7(1).  No further intervention is required. Information Commissioner,OVERTURNED_ALLOWED
This order disposes of the First Appeal filed by the appellant.  records regarding officials regarding. Disclosure of this information would prejudicially affect the sovereignty and security of the state under Section 8(1)(a).  No further intervention is required. Information Commissioner,REJECTED_DISMISSED
Reference is invited to your RTI application dated 12/05/2026.  department regarding department records. You have asked us to investigate and take strict disciplinary action. This does not fall under the definition of information as per Section 2(f).  Hence your application is rejected. (Signature) Public Information Officer,REJECTED_DISMISSED
This order disposes of the First Appeal filed by the appellant.  appeals regarding stipulated forwarded. You have asked us to investigate and take strict disciplinary action. This does not fall under the definition of information as per Section 2(f).  No further intervention is required. Information Commissioner,REJECTED_DISMISSED
"With reference to the subject cited above, it is to inform that  perusal perusal applicant forwarded. The information submitted is in Marathi language and it is not understood. Submit in Hindi or English.  No further intervention is required. Information Commissioner",OVERTURNED_ALLOWED
"Subject: Information sought under RTI Act, 2005.  appeals perusal appeals records. Disclosure of this information would prejudicially affect the sovereignty and security of the state under Section 8(1)(a).  The application is disposed of accordingly. CPIO",REJECTED_DISMISSED
"Subject: Information sought under RTI Act, 2005.  appeals records stipulated applicant. Information denied under commercial confidence Section 8(1)(d).  No further intervention is required. Information Commissioner",PARTIALLY_ALLOWED
"Subject: Information sought under RTI Act, 2005.  department applicant department regarding. You have asked us to investigate and take strict disciplinary action. This does not fall under the definition of information as per Section 2(f).  No further intervention is required. Information Commissioner",REJECTED_DISMISSED
"With reference to the subject cited above, it is to inform that  department applicant applicant regarding. Please be informed that this office does not maintain this. You are advised to separately file fresh RTI applications to other offices instead of a Section 6(3) transfer.  The application is disposed of accordingly. CPIO",OVERTURNED_ALLOWED
"With reference to the subject cited above, it is to inform that  officials department regarding appeals. The organization is exempt under Section 24 of the RTI Act.  The application is disposed of accordingly. CPIO",REJECTED_DISMISSED
"Subject: Information sought under RTI Act, 2005.  appeals records regarding appeals. Information denied under commercial confidence Section 8(1)(d).  No further intervention is required. Information Commissioner",PARTIALLY_ALLOWED
This order disposes of the First Appeal filed by the appellant.  appeals department stipulated department. Please be informed that this office does not maintain this. You are advised to separately file fresh RTI applications to other offices instead of a Section 6(3) transfer.  No further intervention is required. Information Commissioner,OVERTURNED_ALLOWED
This order disposes of the First Appeal filed by the appellant.  appeals records records perusal. Please be informed that this office does not maintain this. You are advised to separately file fresh RTI applications to other offices instead of a Section 6(3) transfer.  No further intervention is required. Information Commissioner,OVERTURNED_ALLOWED
"With reference to the subject cited above, it is to inform that  appeals appeals forwarded officials. Information denied under commercial confidence Section 8(1)(d).  No further intervention is required. Information Commissioner",PARTIALLY_ALLOWED
"Subject: Information sought under RTI Act, 2005.  stipulated stipulated applicant records. Information denied under commercial confidence Section 8(1)(d).  Hence your application is rejected. (Signature) Public Information Officer",PARTIALLY_ALLOWED
"With reference to the subject cited above, it is to inform that  applicant regarding forwarded regarding. The information is held by the bank in a fiduciary capacity and is exempt under Section 8(1)(e).  No further intervention is required. Information Commissioner",REJECTED_DISMISSED
"With reference to the subject cited above, it is to inform that  forwarded applicant regarding applicant. Please be informed that this office does not maintain this. You are advised to separately file fresh RTI applications to other offices instead of a Section 6(3) transfer.  The application is disposed of accordingly. CPIO",OVERTURNED_ALLOWED
This order disposes of the First Appeal filed by the appellant.  appeals stipulated appeals officials. Information denied under commercial confidence Section 8(1)(d).  No further intervention is required. Information Commissioner,PARTIALLY_ALLOWED
"Subject: Information sought under RTI Act, 2005.  applicant officials perusal stipulated. The organization is exempt under Section 24 of the RTI Act.  No further intervention is required. Information Commissioner",REJECTED_DISMISSED
"Subject: Information sought under RTI Act, 2005.  appeals appeals records applicant. The PIO failed to furnish the requested information within the mandatory 30-day period stipulated under Section 7(1).  Hence your application is rejected. (Signature) Public Information Officer",OVERTURNED_ALLOWED
"With reference to the subject cited above, it is to inform that  applicant forwarded records appeals. The information is held by the bank in a fiduciary capacity and is exempt under Section 8(1)(e).  Hence your application is rejected. (Signature) Public Information Officer",REJECTED_DISMISSED
"With reference to the subject cited above, it is to inform that  regarding stipulated records stipulated. The PIO failed to furnish the requested information within the mandatory 30-day period stipulated under Section 7(1).  Hence your application is rejected. (Signature) Public Information Officer",OVERTURNED_ALLOWED
"Subject: Information sought under RTI Act, 2005.  department applicant appeals applicant. You have asked us to investigate and take strict disciplinary action. This does not fall under the definition of information as per Section 2(f).  Hence your application is rejected. (Signature) Public Information Officer",REJECTED_DISMISSED
"With reference to the subject cited above, it is to inform that  perusal perusal perusal stipulated. Please be informed that this office does not maintain this. You are advised to separately file fresh RTI applications to other offices instead of a Section 6(3) transfer.  Hence your application is rejected. (Signature) Public Information Officer",OVERTURNED_ALLOWED
"Subject: Information sought under RTI Act, 2005.  applicant appeals records appeals. The organization is exempt under Section 24 of the RTI Act.  No further intervention is required. Information Commissioner",REJECTED_DISMISSED
Reference is invited to your RTI application dated 12/05/2026.  officials applicant applicant forwarded. The PIO failed to furnish the requested information within the mandatory 30-day period stipulated under Section 7(1).  Hence your application is rejected. (Signature) Public Information Officer,OVERTURNED_ALLOWED
"Subject: Information sought under RTI Act, 2005.  department records records appeals. The information submitted is in Marathi language and it is not understood. Submit in Hindi or English.  The application is disposed of accordingly. CPIO",OVERTURNED_ALLOWED
"Subject: Information sought under RTI Act, 2005.  applicant regarding department stipulated. Disclosure of this information would prejudicially affect the sovereignty and security of the state under Section 8(1)(a).  The application is disposed of accordingly. CPIO",REJECTED_DISMISSED
"With reference to the subject cited above, it is to inform that  officials regarding forwarded stipulated. The requested information runs into 150 pages. You are directed to pay Rs. 1500 towards compilation and search charges.  The application is disposed of accordingly. CPIO",OVERTURNED_ALLOWED
"With reference to the subject cited above, it is to inform that  officials appeals records appeals. The organization is exempt under Section 24 of the RTI Act.  Hence your application is rejected. (Signature) Public Information Officer",REJECTED_DISMISSED
"Subject: Information sought under RTI Act, 2005.  applicant perusal forwarded officials. The PIO failed to furnish the requested information within the mandatory 30-day period stipulated under Section 7(1).  No further intervention is required. Information Commissioner",OVERTURNED_ALLOWED
This order disposes of the First Appeal filed by the appellant.  perusal records perusal department. The PIO failed to furnish the requested information within the mandatory 30-day period stipulated under Section 7(1).  No further intervention is required. Information Commissioner,OVERTURNED_ALLOWED
Reference is invited to your RTI application dated 12/05/2026.  officials records forwarded forwarded. The information is held by the bank in a fiduciary capacity and is exempt under Section 8(1)(e).  No further intervention is required. Information Commissioner,REJECTED_DISMISSED
"This order disposes of the First Appeal filed by the appellant.  regarding perusal stipulated records. The information sought qualifies as personal information of a third party, causing an unwarranted invasion of privacy under Section 8(1)(j).  No further intervention is required. Information Commissioner",REJECTED_DISMISSED
"With reference to the subject cited above, it is to inform that  perusal regarding officials regarding. The information is held by the bank in a fiduciary capacity and is exempt under Section 8(1)(e).  Hence your application is rejected. (Signature) Public Information Officer",REJECTED_DISMISSED
This order disposes of the First Appeal filed by the appellant.  department officials perusal applicant. The information is held by the bank in a fiduciary capacity and is exempt under Section 8(1)(e).  The application is disposed of accordingly. CPIO,REJECTED_DISMISSED
"With reference to the subject cited above, it is to inform that  applicant perusal stipulated officials. The information submitted is in Marathi language and it is not understood. Submit in Hindi or English.  No further intervention is required. Information Commissioner",OVERTURNED_ALLOWED
This order disposes of the First Appeal filed by the appellant.  department department regarding perusal. Please be informed that this office does not maintain this. You are advised to separately file fresh RTI applications to other offices instead of a Section 6(3) transfer.  Hence your application is rejected. (Signature) Public Information Officer,OVERTURNED_ALLOWED
Reference is invited to your RTI application dated 12/05/2026.  stipulated regarding officials forwarded. The organization is exempt under Section 24 of the RTI Act.  Hence your application is rejected. (Signature) Public Information Officer,REJECTED_DISMISSED
This order disposes of the First Appeal filed by the appellant.  department forwarded appeals forwarded. Information denied under commercial confidence Section 8(1)(d).  Hence your application is rejected. (Signature) Public Information Officer,PARTIALLY_ALLOWED
"Subject: Information sought under RTI Act, 2005.  officials forwarded department forwarded. Please be informed that this office does not maintain this. You are advised to separately file fresh RTI applications to other offices instead of a Section 6(3) transfer.  Hence your application is rejected. (Signature) Public Information Officer",OVERTURNED_ALLOWED
Reference is invited to your RTI application dated 12/05/2026.  stipulated records stipulated department. The information submitted is in Marathi language and it is not understood. Submit in Hindi or English.  The application is disposed of accordingly. CPIO,OVERTURNED_ALLOWED
"With reference to the subject cited above, it is to inform that  regarding department forwarded applicant. The PIO failed to furnish the requested information within the mandatory 30-day period stipulated under Section 7(1).  No further intervention is required. Information Commissioner",OVERTURNED_ALLOWED
Reference is invited to your RTI application dated 12/05/2026.  department records perusal applicant. The information submitted is in Marathi language and it is not understood. Submit in Hindi or English.  Hence your application is rejected. (Signature) Public Information Officer,OVERTURNED_ALLOWED
"Subject: Information sought under RTI Act, 2005.  department regarding records records. The information submitted is in Marathi language and it is not understood. Submit in Hindi or English.  The application is disposed of accordingly. CPIO",OVERTURNED_ALLOWED
Reference is invited to your RTI application dated 12/05/2026.  regarding officials stipulated officials. The requested information runs into 150 pages. You are directed to pay Rs. 1500 towards compilation and search charges.  The application is disposed of accordingly. CPIO,OVERTURNED_ALLOWED
"Subject: Information sought under RTI Act, 2005.  officials stipulated officials appeals. Information denied under commercial confidence Section 8(1)(d).  The application is disposed of accordingly. CPIO",PARTIALLY_ALLOWED
Reference is invited to your RTI application dated 12/05/2026.  officials regarding forwarded applicant. The information is held by the bank in a fiduciary capacity and is exempt under Section 8(1)(e).  No further intervention is required. Information Commissioner,REJECTED_DISMISSED
"Subject: Information sought under RTI Act, 2005.  officials department regarding records. Please be informed that this office does not maintain this. You are advised to separately file fresh RTI applications to other offices instead of a Section 6(3) transfer.  Hence your application is rejected. (Signature) Public Information Officer",OVERTURNED_ALLOWED
This order disposes of the First Appeal filed by the appellant.  applicant regarding officials officials. You have asked us to investigate and take strict disciplinary action. This does not fall under the definition of information as per Section 2(f).  No further intervention is required. Information Commissioner,REJECTED_DISMISSED
"Subject: Information sought under RTI Act, 2005.  stipulated department department forwarded. Disclosure of this information would prejudicially affect the sovereignty and security of the state under Section 8(1)(a).  The application is disposed of accordingly. CPIO",REJECTED_DISMISSED
This order disposes of the First Appeal filed by the appellant.  stipulated forwarded officials regarding. Please be informed that this office does not maintain this. You are advised to separately file fresh RTI applications to other offices instead of a Section 6(3) transfer.  No further intervention is required. Information Commissioner,OVERTURNED_ALLOWED
This order disposes of the First Appeal filed by the appellant.  perusal forwarded appeals appeals. The information is held by the bank in a fiduciary capacity and is exempt under Section 8(1)(e).  The application is disposed of accordingly. CPIO,REJECTED_DISMISSED
Reference is invited to your RTI application dated 12/05/2026.  officials regarding officials forwarded. The requested information runs into 150 pages. You are directed to pay Rs. 1500 towards compilation and search charges.  The application is disposed of accordingly. CPIO,OVERTURNED_ALLOWED
Reference is invited to your RTI application dated 12/05/2026.  applicant applicant department regarding. The information is held by the bank in a fiduciary capacity and is exempt under Section 8(1)(e).  No further intervention is required. Information Commissioner,REJECTED_DISMISSED
"Subject: Information sought under RTI Act, 2005.  stipulated regarding forwarded records. The PIO failed to furnish the requested information within the mandatory 30-day period stipulated under Section 7(1).  Hence your application is rejected. (Signature) Public Information Officer",OVERTURNED_ALLOWED
"With reference to the subject cited above, it is to inform that  department perusal perusal appeals. You have asked us to investigate and take strict disciplinary action. This does not fall under the definition of information as per Section 2(f).  No further intervention is required. Information Commissioner",REJECTED_DISMISSED
"With reference to the subject cited above, it is to inform that  appeals records forwarded applicant. Please be informed that this office does not maintain this. You are advised to separately file fresh RTI applications to other offices instead of a Section 6(3) transfer.  The application is disposed of accordingly. CPIO",OVERTURNED_ALLOWED
Reference is invited to your RTI application dated 12/05/2026.  applicant officials department department. You have asked us to investigate and take strict disciplinary action. This does not fall under the definition of information as per Section 2(f).  The application is disposed of accordingly. CPIO,REJECTED_DISMISSED
This order disposes of the First Appeal filed by the appellant.  perusal applicant applicant appeals. The information submitted is in Marathi language and it is not understood. Submit in Hindi or English.  Hence your application is rejected. (Signature) Public Information Officer,OVERTURNED_ALLOWED
Reference is invited to your RTI application dated 12/05/2026.  appeals applicant appeals applicant. The information submitted is in Marathi language and it is not understood. Submit in Hindi or English.  Hence your application is rejected. (Signature) Public Information Officer,OVERTURNED_ALLOWED
"With reference to the subject cited above, it is to inform that  records perusal officials applicant. Disclosure of this information would prejudicially affect the sovereignty and security of the state under Section 8(1)(a).  No further intervention is required. Information Commissioner",REJECTED_DISMISSED
This order disposes of the First Appeal filed by the appellant.  stipulated department applicant officials. The information is held by the bank in a fiduciary capacity and is exempt under Section 8(1)(e).  The application is disposed of accordingly. CPIO,REJECTED_DISMISSED
"With reference to the subject cited above, it is to inform that  officials forwarded regarding perusal. The requested information runs into 150 pages. You are directed to pay Rs. 1500 towards compilation and search charges.  No further intervention is required. Information Commissioner",OVERTURNED_ALLOWED
This order disposes of the First Appeal filed by the appellant.  appeals perusal records stipulated. The information is held by the bank in a fiduciary capacity and is exempt under Section 8(1)(e).  Hence your application is rejected. (Signature) Public Information Officer,REJECTED_DISMISSED
"With reference to the subject cited above, it is to inform that  records appeals stipulated applicant. The information submitted is in Marathi language and it is not understood. Submit in Hindi or English.  The application is disposed of accordingly. CPIO",OVERTURNED_ALLOWED
"Subject: Information sought under RTI Act, 2005.  appeals officials records records. Please be informed that this office does not maintain this. You are advised to separately file fresh RTI applications to other offices instead of a Section 6(3) transfer.  The application is disposed of accordingly. CPIO",OVERTURNED_ALLOWED
"Reference is invited to your RTI application dated 12/05/2026.  applicant appeals officials stipulated. The information sought qualifies as personal information of a third party, causing an unwarranted invasion of privacy under Section 8(1)(j).  No further intervention is required. Information Commissioner",REJECTED_DISMISSED
Reference is invited to your RTI application dated 12/05/2026.  regarding forwarded officials department. Please be informed that this office does not maintain this. You are advised to separately file fresh RTI applications to other offices instead of a Section 6(3) transfer.  No further intervention is required. Information Commissioner,OVERTURNED_ALLOWED
"Subject: Information sought under RTI Act, 2005.  appeals stipulated forwarded regarding. The information sought qualifies as personal information of a third party, causing an unwarranted invasion of privacy under Section 8(1)(j).  Hence your application is rejected. (Signature) Public Information Officer",REJECTED_DISMISSED
This order disposes of the First Appeal filed by the appellant.  department officials department regarding. The organization is exempt under Section 24 of the RTI Act.  The application is disposed of accordingly. CPIO,REJECTED_DISMISSED
"Subject: Information sought under RTI Act, 2005.  officials perusal records regarding. Disclosure of this information would prejudicially affect the sovereignty and security of the state under Section 8(1)(a).  No further intervention is required. Information Commissioner",REJECTED_DISMISSED
"Subject: Information sought under RTI Act, 2005.  applicant forwarded department department. The information submitted is in Marathi language and it is not understood. Submit in Hindi or English.  No further intervention is required. Information Commissioner",OVERTURNED_ALLOWED
This order disposes of the First Appeal filed by the appellant.  appeals forwarded applicant records. Disclosure of this information would prejudicially affect the sovereignty and security of the state under Section 8(1)(a).  No further intervention is required. Information Commissioner,REJECTED_DISMISSED
"With reference to the subject cited above, it is to inform that  regarding forwarded stipulated stipulated. Information denied under commercial confidence Section 8(1)(d).  Hence your application is rejected. (Signature) Public Information Officer",PARTIALLY_ALLOWED
"With reference to the subject cited above, it is to inform that  appeals applicant appeals regarding. You have asked us to investigate and take strict disciplinary action. This does not fall under the definition of information as per Section 2(f).  The application is disposed of accordingly. CPIO",REJECTED_DISMISSED
"Subject: Information sought under RTI Act, 2005.  perusal regarding applicant department. Disclosure of this information would prejudicially affect the sovereignty and security of the state under Section 8(1)(a).  Hence your application is rejected. (Signature) Public Information Officer",REJECTED_DISMISSED
"With reference to the subject cited above, it is to inform that  stipulated department stipulated perusal. The information submitted is in Marathi language and it is not understood. Submit in Hindi or English.  Hence your application is rejected. (Signature) Public Information Officer",OVERTURNED_ALLOWED
This order disposes of the First Appeal filed by the appellant.  appeals forwarded department stipulated. The PIO failed to furnish the requested information within the mandatory 30-day period stipulated under Section 7(1).  The application is disposed of accordingly. CPIO,OVERTURNED_ALLOWED
This order disposes of the First Appeal filed by the appellant.  department appeals appeals perusal. You have asked us to investigate and take strict disciplinary action. This does not fall under the definition of information as per Section 2(f).  Hence your application is rejected. (Signature) Public Information Officer,REJECTED_DISMISSED
"Subject: Information sought under RTI Act, 2005.  applicant perusal appeals stipulated. The PIO failed to furnish the requested information within the mandatory 30-day period stipulated under Section 7(1).  No further intervention is required. Information Commissioner",OVERTURNED_ALLOWED
Reference is invited to your RTI application dated 12/05/2026.  records regarding forwarded forwarded. Disclosure of this information would prejudicially affect the sovereignty and security of the state under Section 8(1)(a).  No further intervention is required. Information Commissioner,REJECTED_DISMISSED
"Subject: Information sought under RTI Act, 2005.  stipulated forwarded department records. The requested information runs into 150 pages. You are directed to pay Rs. 1500 towards compilation and search charges.  The application is disposed of accordingly. CPIO",OVERTURNED_ALLOWED
This order disposes of the First Appeal filed by the appellant.  applicant appeals regarding forwarded. You have asked us to investigate and take strict disciplinary action. This does not fall under the definition of information as per Section 2(f).  No further intervention is required. Information Commissioner,REJECTED_DISMISSED
"Subject: Information sought under RTI Act, 2005.  officials forwarded stipulated perusal. You have asked us to investigate and take strict disciplinary action. This does not fall under the definition of information as per Section 2(f).  Hence your application is rejected. (Signature) Public Information Officer",REJECTED_DISMISSED
"Subject: Information sought under RTI Act, 2005.  forwarded perusal appeals applicant. Information denied under commercial confidence Section 8(1)(d).  No further intervention is required. Information Commissioner",PARTIALLY_ALLOWED
"Subject: Information sought under RTI Act, 2005.  regarding applicant records perusal. The PIO failed to furnish the requested information within the mandatory 30-day period stipulated under Section 7(1).  The application is disposed of accordingly. CPIO",OVERTURNED_ALLOWED
This order disposes of the First Appeal filed by the appellant.  perusal regarding officials applicant. The information is held by the bank in a fiduciary capacity and is exempt under Section 8(1)(e).  No further intervention is required. Information Commissioner,REJECTED_DISMISSED
"With reference to the subject cited above, it is to inform that  officials applicant regarding regarding. The organization is exempt under Section 24 of the RTI Act.  No further intervention is required. Information Commissioner",REJECTED_DISMISSED
Reference is invited to your RTI application dated 12/05/2026.  department applicant stipulated applicant. The PIO failed to furnish the requested information within the mandatory 30-day period stipulated under Section 7(1).  No further intervention is required. Information Commissioner,OVERTURNED_ALLOWED
"With reference to the subject cited above, it is to inform that  stipulated officials officials perusal. The requested information runs into 150 pages. You are directed to pay Rs. 1500 towards compilation and search charges.  The application is disposed of accordingly. CPIO",OVERTURNED_ALLOWED
Reference is invited to your RTI application dated 12/05/2026.  applicant regarding perusal regarding. The information is held by the bank in a fiduciary capacity and is exempt under Section 8(1)(e).  The application is disposed of accordingly. CPIO,REJECTED_DISMISSED
"Subject: Information sought under RTI Act, 2005.  forwarded officials applicant officials. Information denied under commercial confidence Section 8(1)(d).  Hence your application is rejected. (Signature) Public Information Officer",PARTIALLY_ALLOWED
"Subject: Information sought under RTI Act, 2005.  stipulated forwarded appeals officials. The information sought qualifies as personal information of a third party, causing an unwarranted invasion of privacy under Section 8(1)(j).  The application is disposed of accordingly. CPIO",REJECTED_DISMISSED
"Subject: Information sought under RTI Act, 2005.  applicant department perusal officials. Information denied under commercial confidence Section 8(1)(d).  The application is disposed of accordingly. CPIO",PARTIALLY_ALLOWED
"Subject: Information sought under RTI Act, 2005.  applicant officials department records. The information is held by the bank in a fiduciary capacity and is exempt under Section 8(1)(e).  No further intervention is required. Information Commissioner",REJECTED_DISMISSED
"Reference is invited to your RTI application dated 12/05/2026.  perusal applicant officials appeals. The information sought qualifies as personal information of a third party, causing an unwarranted invasion of privacy under Section 8(1)(j).  The application is disposed of accordingly. CPIO",REJECTED_DISMISSED
"Subject: Information sought under RTI Act, 2005.  perusal appeals records department. The PIO failed to furnish the requested information within the mandatory 30-day period stipulated under Section 7(1).  Hence your application is rejected. (Signature) Public Information Officer",OVERTURNED_ALLOWED
"With reference to the subject cited above, it is to inform that  officials records stipulated stipulated. Information denied under commercial confidence Section 8(1)(d).  Hence your application is rejected. (Signature) Public Information Officer",PARTIALLY_ALLOWED
"Subject: Information sought under RTI Act, 2005.  appeals department perusal forwarded. Please be informed that this office does not maintain this. You are advised to separately file fresh RTI applications to other offices instead of a Section 6(3) transfer.  Hence your application is rejected. (Signature) Public Information Officer",OVERTURNED_ALLOWED
"Subject: Information sought under RTI Act, 2005.  department perusal regarding regarding. The organization is exempt under Section 24 of the RTI Act.  No further intervention is required. Information Commissioner",REJECTED_DISMISSED
"With reference to the subject cited above, it is to inform that  applicant records stipulated forwarded. Please be informed that this office does not maintain this. You are advised to separately file fresh RTI applications to other offices instead of a Section 6(3) transfer.  The application is disposed of accordingly. CPIO",OVERTURNED_ALLOWED
Reference is invited to your RTI application dated 12/05/2026.  perusal forwarded appeals appeals. Information denied under commercial confidence Section 8(1)(d).  No further intervention is required. Information Commissioner,PARTIALLY_ALLOWED
Reference is invited to your RTI application dated 12/05/2026.  department forwarded regarding appeals. The organization is exempt under Section 24 of the RTI Act.  Hence your application is rejected. (Signature) Public Information Officer,REJECTED_DISMISSED
This order disposes of the First Appeal filed by the appellant.  stipulated officials department appeals. The information submitted is in Marathi language and it is not understood. Submit in Hindi or English.  Hence your application is rejected. (Signature) Public Information Officer,OVERTURNED_ALLOWED
Reference is invited to your RTI application dated 12/05/2026.  officials stipulated records perusal. You have asked us to investigate and take strict disciplinary action. This does not fall under the definition of information as per Section 2(f).  No further intervention is required. Information Commissioner,REJECTED_DISMISSED
"With reference to the subject cited above, it is to inform that  perusal perusal officials forwarded. The organization is exempt under Section 24 of the RTI Act.  Hence your application is rejected. (Signature) Public Information Officer",REJECTED_DISMISSED
"Subject: Information sought under RTI Act, 2005.  officials appeals stipulated forwarded. The information sought qualifies as personal information of a third party, causing an unwarranted invasion of privacy under Section 8(1)(j).  No further intervention is required. Information Commissioner",REJECTED_DISMISSED
This order disposes of the First Appeal filed by the appellant.  stipulated forwarded department officials. The organization is exempt under Section 24 of the RTI Act.  The application is disposed of accordingly. CPIO,REJECTED_DISMISSED
This order disposes of the First Appeal filed by the appellant.  department forwarded officials records. Disclosure of this information would prejudicially affect the sovereignty and security of the state under Section 8(1)(a).  No further intervention is required. Information Commissioner,REJECTED_DISMISSED
"With reference to the subject cited above, it is to inform that  regarding officials appeals stipulated. The information sought qualifies as personal information of a third party, causing an unwarranted invasion of privacy under Section 8(1)(j).  No further intervention is required. Information Commissioner",REJECTED_DISMISSED
This order disposes of the First Appeal filed by the appellant.  perusal regarding perusal records. Information denied under commercial confidence Section 8(1)(d).  The application is disposed of accordingly. CPIO,PARTIALLY_ALLOWED
"With reference to the subject cited above, it is to inform that  regarding records perusal forwarded. Please be informed that this office does not maintain this. You are advised to separately file fresh RTI applications to other offices instead of a Section 6(3) transfer.  Hence your application is rejected. (Signature) Public Information Officer",OVERTURNED_ALLOWED
"With reference to the subject cited above, it is to inform that  regarding stipulated forwarded appeals. Please be informed that this office does not maintain this. You are advised to separately file fresh RTI applications to other offices instead of a Section 6(3) transfer.  No further intervention is required. Information Commissioner",OVERTURNED_ALLOWED
"Subject: Information sought under RTI Act, 2005.  applicant records applicant forwarded. The requested information runs into 150 pages. You are directed to pay Rs. 1500 towards compilation and search charges.  No further intervention is required. Information Commissioner",OVERTURNED_ALLOWED
"With reference to the subject cited above, it is to inform that  appeals applicant appeals appeals. You have asked us to investigate and take strict disciplinary action. This does not fall under the definition of information as per Section 2(f).  Hence your application is rejected. (Signature) Public Information Officer",REJECTED_DISMISSED
"With reference to the subject cited above, it is to inform that  forwarded perusal officials forwarded. The organization is exempt under Section 24 of the RTI Act.  Hence your application is rejected. (Signature) Public Information Officer",REJECTED_DISMISSED
"Reference is invited to your RTI application dated 12/05/2026.  perusal applicant regarding regarding. The information sought qualifies as personal information of a third party, causing an unwarranted invasion of privacy under Section 8(1)(j).  No further intervention is required. Information Commissioner",REJECTED_DISMISSED
"With reference to the subject cited above, it is to inform that  applicant appeals perusal applicant. Please be informed that this office does not maintain this. You are advised to separately file fresh RTI applications to other offices instead of a Section 6(3) transfer.  No further intervention is required. Information Commissioner",OVERTURNED_ALLOWED
This order disposes of the First Appeal filed by the appellant.  perusal records department regarding. The requested information runs into 150 pages. You are directed to pay Rs. 1500 towards compilation and search charges.  Hence your application is rejected. (Signature) Public Information Officer,OVERTURNED_ALLOWED
"With reference to the subject cited above, it is to inform that  officials stipulated records officials. The information is held by the bank in a fiduciary capacity and is exempt under Section 8(1)(e).  No further intervention is required. Information Commissioner",REJECTED_DISMISSED
This order disposes of the First Appeal filed by the appellant.  stipulated applicant officials records. Information denied under commercial confidence Section 8(1)(d).  Hence your application is rejected. (Signature) Public Information Officer,PARTIALLY_ALLOWED
This order disposes of the First Appeal filed by the appellant.  department stipulated perusal regarding. The information is held by the bank in a fiduciary capacity and is exempt under Section 8(1)(e).  The application is disposed of accordingly. CPIO,REJECTED_DISMISSED
"With reference to the subject cited above, it is to inform that  appeals officials regarding perusal. The organization is exempt under Section 24 of the RTI Act.  Hence your application is rejected. (Signature) Public Information Officer",REJECTED_DISMISSED
"Subject: Information sought under RTI Act, 2005.  regarding forwarded regarding appeals. Please be informed that this office does not maintain this. You are advised to separately file fresh RTI applications to other offices instead of a Section 6(3) transfer.  Hence your application is rejected. (Signature) Public Information Officer",OVERTURNED_ALLOWED
"Subject: Information sought under RTI Act, 2005.  perusal officials forwarded department. Disclosure of this information would prejudicially affect the sovereignty and security of the state under Section 8(1)(a).  Hence your application is rejected. (Signature) Public Information Officer",REJECTED_DISMISSED
"With reference to the subject cited above, it is to inform that  department stipulated officials forwarded. The organization is exempt under Section 24 of the RTI Act.  Hence your application is rejected. (Signature) Public Information Officer",REJECTED_DISMISSED
"Subject: Information sought under RTI Act, 2005.  forwarded applicant officials department. Please be informed that this office does not maintain this. You are advised to separately file fresh RTI applications to other offices instead of a Section 6(3) transfer.  No further intervention is required. Information Commissioner",OVERTURNED_ALLOWED
This order disposes of the First Appeal filed by the appellant.  perusal forwarded officials officials. The requested information runs into 150 pages. You are directed to pay Rs. 1500 towards compilation and search charges.  The application is disposed of accordingly. CPIO,OVERTURNED_ALLOWED
Reference is invited to your RTI application dated 12/05/2026.  regarding applicant perusal department. Information denied under commercial confidence Section 8(1)(d).  The application is disposed of accordingly. CPIO,PARTIALLY_ALLOWED
Reference is invited to your RTI application dated 12/05/2026.  perusal forwarded forwarded forwarded. The information submitted is in Marathi language and it is not understood. Submit in Hindi or English.  The application is disposed of accordingly. CPIO,OVERTURNED_ALLOWED
"With reference to the subject cited above, it is to inform that  applicant regarding appeals department. The PIO failed to furnish the requested information within the mandatory 30-day period stipulated under Section 7(1).  The application is disposed of accordingly. CPIO",OVERTURNED_ALLOWED
"With reference to the subject cited above, it is to inform that  regarding regarding forwarded records. The information is held by the bank in a fiduciary capacity and is exempt under Section 8(1)(e).  Hence your application is rejected. (Signature) Public Information Officer",REJECTED_DISMISSED
Reference is invited to your RTI application dated 12/05/2026.  perusal appeals records perusal. The PIO failed to furnish the requested information within the mandatory 30-day period stipulated under Section 7(1).  No further intervention is required. Information Commissioner,OVERTURNED_ALLOWED
"With reference to the subject cited above, it is to inform that  appeals department applicant appeals. The information submitted is in Marathi language and it is not understood. Submit in Hindi or English.  No further intervention is required. Information Commissioner",OVERTURNED_ALLOWED
"With reference to the subject cited above, it is to inform that  stipulated records records appeals. The information is held by the bank in a fiduciary capacity and is exempt under Section 8(1)(e).  The application is disposed of accordingly. CPIO",REJECTED_DISMISSED
"With reference to the subject cited above, it is to inform that  appeals forwarded applicant applicant. The information is held by the bank in a fiduciary capacity and is exempt under Section 8(1)(e).  No further intervention is required. Information Commissioner",REJECTED_DISMISSED
Reference is invited to your RTI application dated 12/05/2026.  department regarding forwarded applicant. The requested information runs into 150 pages. You are directed to pay Rs. 1500 towards compilation and search charges.  No further intervention is required. Information Commissioner,OVERTURNED_ALLOWED
"This order disposes of the First Appeal filed by the appellant.  applicant records regarding appeals. The information sought qualifies as personal information of a third party, causing an unwarranted invasion of privacy under Section 8(1)(j).  No further intervention is required. Information Commissioner",REJECTED_DISMISSED
This order disposes of the First Appeal filed by the appellant.  regarding officials officials applicant. The organization is exempt under Section 24 of the RTI Act.  The application is disposed of accordingly. CPIO,REJECTED_DISMISSED
"This order disposes of the First Appeal filed by the appellant.  applicant regarding department records. The information sought qualifies as personal information of a third party, causing an unwarranted invasion of privacy under Section 8(1)(j).  No further intervention is required. Information Commissioner",REJECTED_DISMISSED
"This order disposes of the First Appeal filed by the appellant.  regarding department department perusal. The information sought qualifies as personal information of a third party, causing an unwarranted invasion of privacy under Section 8(1)(j).  Hence your application is rejected. (Signature) Public Information Officer",REJECTED_DISMISSED
Reference is invited to your RTI application dated 12/05/2026.  department applicant forwarded regarding. The information is held by the bank in a fiduciary capacity and is exempt under Section 8(1)(e).  Hence your application is rejected. (Signature) Public Information Officer,REJECTED_DISMISSED
"This order disposes of the First Appeal filed by the appellant.  forwarded forwarded officials stipulated. The information sought qualifies as personal information of a third party, causing an unwarranted invasion of privacy under Section 8(1)(j).  No further intervention is required. Information Commissioner",REJECTED_DISMISSED
"With reference to the subject cited above, it is to inform that  department appeals applicant officials. Please be informed that this office does not maintain this. You are advised to separately file fresh RTI applications to other offices instead of a Section 6(3) transfer.  Hence your application is rejected. (Signature) Public Information Officer",OVERTURNED_ALLOWED
"With reference to the subject cited above, it is to inform that  applicant forwarded appeals forwarded. Disclosure of this information would prejudicially affect the sovereignty and security of the state under Section 8(1)(a).  No further intervention is required. Information Commissioner",REJECTED_DISMISSED
"Subject: Information sought under RTI Act, 2005.  stipulated stipulated appeals forwarded. The requested information runs into 150 pages. You are directed to pay Rs. 1500 towards compilation and search charges.  The application is disposed of accordingly. CPIO",OVERTURNED_ALLOWED
"With reference to the subject cited above, it is to inform that  regarding applicant regarding applicant. Disclosure of this information would prejudicially affect the sovereignty and security of the state under Section 8(1)(a).  The application is disposed of accordingly. CPIO",REJECTED_DISMISSED
This order disposes of the First Appeal filed by the appellant.  regarding department department officials. The information submitted is in Marathi language and it is not understood. Submit in Hindi or English.  No further intervention is required. Information Commissioner,OVERTURNED_ALLOWED
Reference is invited to your RTI application dated 12/05/2026.  appeals forwarded appeals applicant. The organization is exempt under Section 24 of the RTI Act.  Hence your application is rejected. (Signature) Public Information Officer,REJECTED_DISMISSED
"With reference to the subject cited above, it is to inform that  appeals officials appeals applicant. The organization is exempt under Section 24 of the RTI Act.  The application is disposed of accordingly. CPIO",REJECTED_DISMISSED
"With reference to the subject cited above, it is to inform that  records records department forwarded. The PIO failed to furnish the requested information within the mandatory 30-day period stipulated under Section 7(1).  Hence your application is rejected. (Signature) Public Information Officer",OVERTURNED_ALLOWED
"With reference to the subject cited above, it is to inform that  department regarding stipulated regarding. The PIO failed to furnish the requested information within the mandatory 30-day period stipulated under Section 7(1).  The application is disposed of accordingly. CPIO",OVERTURNED_ALLOWED
Reference is invited to your RTI application dated 12/05/2026.  perusal stipulated department perusal. The information is held by the bank in a fiduciary capacity and is exempt under Section 8(1)(e).  Hence your application is rejected. (Signature) Public Information Officer,REJECTED_DISMISSED
Reference is invited to your RTI application dated 12/05/2026.  applicant department department appeals. The organization is exempt under Section 24 of the RTI Act.  No further intervention is required. Information Commissioner,REJECTED_DISMISSED
"Reference is invited to your RTI application dated 12/05/2026.  officials appeals department records. The information sought qualifies as personal information of a third party, causing an unwarranted invasion of privacy under Section 8(1)(j).  Hence your application is rejected. (Signature) Public Information Officer",REJECTED_DISMISSED
Reference is invited to your RTI application dated 12/05/2026.  department appeals regarding department. The information is held by the bank in a fiduciary capacity and is exempt under Section 8(1)(e).  The application is disposed of accordingly. CPIO,REJECTED_DISMISSED
This order disposes of the First Appeal filed by the appellant.  regarding stipulated officials perusal. You have asked us to investigate and take strict disciplinary action. This does not fall under the definition of information as per Section 2(f).  The application is disposed of accordingly. CPIO,REJECTED_DISMISSED
"Subject: Information sought under RTI Act, 2005.  department forwarded regarding applicant. Please be informed that this office does not maintain this. You are advised to separately file fresh RTI applications to other offices instead of a Section 6(3) transfer.  No further intervention is required. Information Commissioner",OVERTURNED_ALLOWED
"With reference to the subject cited above, it is to inform that  regarding applicant applicant appeals. The organization is exempt under Section 24 of the RTI Act.  No further intervention is required. Information Commissioner",REJECTED_DISMISSED
Reference is invited to your RTI application dated 12/05/2026.  applicant regarding regarding regarding. The PIO failed to furnish the requested information within the mandatory 30-day period stipulated under Section 7(1).  Hence your application is rejected. (Signature) Public Information Officer,OVERTURNED_ALLOWED
"With reference to the subject cited above, it is to inform that  officials applicant regarding records. The PIO failed to furnish the requested information within the mandatory 30-day period stipulated under Section 7(1).  No further intervention is required. Information Commissioner",OVERTURNED_ALLOWED
Reference is invited to your RTI application dated 12/05/2026.  forwarded perusal appeals perusal. You have asked us to investigate and take strict disciplinary action. This does not fall under the definition of information as per Section 2(f).  No further intervention is required. Information Commissioner,REJECTED_DISMISSED
"With reference to the subject cited above, it is to inform that  applicant perusal stipulated forwarded. The information submitted is in Marathi language and it is not understood. Submit in Hindi or English.  No further intervention is required. Information Commissioner",OVERTURNED_ALLOWED
"With reference to the subject cited above, it is to inform that  records officials appeals appeals. Please be informed that this office does not maintain this. You are advised to separately file fresh RTI applications to other offices instead of a Section 6(3) transfer.  The application is disposed of accordingly. CPIO",OVERTURNED_ALLOWED
This order disposes of the First Appeal filed by the appellant.  officials stipulated regarding officials. Information denied under commercial confidence Section 8(1)(d).  The application is disposed of accordingly. CPIO,PARTIALLY_ALLOWED
This order disposes of the First Appeal filed by the appellant.  stipulated officials officials forwarded. You have asked us to investigate and take strict disciplinary action. This does not fall under the definition of information as per Section 2(f).  Hence your application is rejected. (Signature) Public Information Officer,REJECTED_DISMISSED
"This order disposes of the First Appeal filed by the appellant.  department stipulated officials records. The information sought qualifies as personal information of a third party, causing an unwarranted invasion of privacy under Section 8(1)(j).  No further intervention is required. Information Commissioner",REJECTED_DISMISSED
"With reference to the subject cited above, it is to inform that  records stipulated perusal department. The information is held by the bank in a fiduciary capacity and is exempt under Section 8(1)(e).  The application is disposed of accordingly. CPIO",REJECTED_DISMISSED
This order disposes of the First Appeal filed by the appellant.  applicant perusal forwarded applicant. The information submitted is in Marathi language and it is not understood. Submit in Hindi or English.  Hence your application is rejected. (Signature) Public Information Officer,OVERTURNED_ALLOWED
"Subject: Information sought under RTI Act, 2005.  officials officials stipulated appeals. The organization is exempt under Section 24 of the RTI Act.  The application is disposed of accordingly. CPIO",REJECTED_DISMISSED
"With reference to the subject cited above, it is to inform that  regarding perusal appeals officials. You have asked us to investigate and take strict disciplinary action. This does not fall under the definition of information as per Section 2(f).  Hence your application is rejected. (Signature) Public Information Officer",REJECTED_DISMISSED
"With reference to the subject cited above, it is to inform that  department records department stipulated. The information submitted is in Marathi language and it is not understood. Submit in Hindi or English.  Hence your application is rejected. (Signature) Public Information Officer",OVERTURNED_ALLOWED
"With reference to the subject cited above, it is to inform that  regarding department perusal department. You have asked us to investigate and take strict disciplinary action. This does not fall under the definition of information as per Section 2(f).  Hence your application is rejected. (Signature) Public Information Officer",REJECTED_DISMISSED
This order disposes of the First Appeal filed by the appellant.  perusal officials department appeals. The information is held by the bank in a fiduciary capacity and is exempt under Section 8(1)(e).  No further intervention is required. Information Commissioner,REJECTED_DISMISSED
This order disposes of the First Appeal filed by the appellant.  applicant records perusal applicant. Please be informed that this office does not maintain this. You are advised to separately file fresh RTI applications to other offices instead of a Section 6(3) transfer.  No further intervention is required. Information Commissioner,OVERTURNED_ALLOWED
Reference is invited to your RTI application dated 12/05/2026.  officials regarding regarding officials. The PIO failed to furnish the requested information within the mandatory 30-day period stipulated under Section 7(1).  No further intervention is required. Information Commissioner,OVERTURNED_ALLOWED
Reference is invited to your RTI application dated 12/05/2026.  appeals forwarded department department. The PIO failed to furnish the requested information within the mandatory 30-day period stipulated under Section 7(1).  The application is disposed of accordingly. CPIO,OVERTURNED_ALLOWED
This order disposes of the First Appeal filed by the appellant.  stipulated forwarded perusal officials. The PIO failed to furnish the requested information within the mandatory 30-day period stipulated under Section 7(1).  The application is disposed of accordingly. CPIO,OVERTURNED_ALLOWED
"With reference to the subject cited above, it is to inform that  appeals regarding perusal forwarded. Please be informed that this office does not maintain this. You are advised to separately file fresh RTI applications to other offices instead of a Section 6(3) transfer.  The application is disposed of accordingly. CPIO",OVERTURNED_ALLOWED
This order disposes of the First Appeal filed by the appellant.  department forwarded stipulated perusal. The information is held by the bank in a fiduciary capacity and is exempt under Section 8(1)(e).  Hence your application is rejected. (Signature) Public Information Officer,REJECTED_DISMISSED
"With reference to the subject cited above, it is to inform that  applicant forwarded forwarded perusal. Information denied under commercial confidence Section 8(1)(d).  No further intervention is required. Information Commissioner",PARTIALLY_ALLOWED
This order disposes of the First Appeal filed by the appellant.  applicant department stipulated stipulated. The PIO failed to furnish the requested information within the mandatory 30-day period stipulated under Section 7(1).  The application is disposed of accordingly. CPIO,OVERTURNED_ALLOWED
This order disposes of the First Appeal filed by the appellant.  applicant officials forwarded perusal. Disclosure of this information would prejudicially affect the sovereignty and security of the state under Section 8(1)(a).  Hence your application is rejected. (Signature) Public Information Officer,REJECTED_DISMISSED
This order disposes of the First Appeal filed by the appellant.  forwarded forwarded perusal officials. The requested information runs into 150 pages. You are directed to pay Rs. 1500 towards compilation and search charges.  The application is disposed of accordingly. CPIO,OVERTURNED_ALLOWED
Reference is invited to your RTI application dated 12/05/2026.  department perusal applicant forwarded. The PIO failed to furnish the requested information within the mandatory 30-day period stipulated under Section 7(1).  The application is disposed of accordingly. CPIO,OVERTURNED_ALLOWED
Reference is invited to your RTI application dated 12/05/2026.  forwarded appeals applicant forwarded. The information submitted is in Marathi language and it is not understood. Submit in Hindi or English.  No further intervention is required. Information Commissioner,OVERTURNED_ALLOWED
Reference is invited to your RTI application dated 12/05/2026.  forwarded records perusal perusal. Disclosure of this information would prejudicially affect the sovereignty and security of the state under Section 8(1)(a).  The application is disposed of accordingly. CPIO,REJECTED_DISMISSED
This order disposes of the First Appeal filed by the appellant.  department appeals records forwarded. Information denied under commercial confidence Section 8(1)(d).  The application is disposed of accordingly. CPIO,PARTIALLY_ALLOWED
"With reference to the subject cited above, it is to inform that  regarding appeals appeals records. Please be informed that this office does not maintain this. You are advised to separately file fresh RTI applications to other offices instead of a Section 6(3) transfer.  The application is disposed of accordingly. CPIO",OVERTURNED_ALLOWED
"With reference to the subject cited above, it is to inform that  appeals forwarded perusal perusal. The requested information runs into 150 pages. You are directed to pay Rs. 1500 towards compilation and search charges.  The application is disposed of accordingly. CPIO",OVERTURNED_ALLOWED
"Subject: Information sought under RTI Act, 2005.  department forwarded perusal applicant. The requested information runs into 150 pages. You are directed to pay Rs. 1500 towards compilation and search charges.  No further intervention is required. Information Commissioner",OVERTURNED_ALLOWED
Reference is invited to your RTI application dated 12/05/2026.  department records stipulated applicant. The information is held by the bank in a fiduciary capacity and is exempt under Section 8(1)(e).  The application is disposed of accordingly. CPIO,REJECTED_DISMISSED
"Subject: Information sought under RTI Act, 2005.  stipulated officials officials officials. The information is held by the bank in a fiduciary capacity and is exempt under Section 8(1)(e).  No further intervention is required. Information Commissioner",REJECTED_DISMISSED
"With reference to the subject cited above, it is to inform that  department stipulated appeals department. The information sought qualifies as personal information of a third party, causing an unwarranted invasion of privacy under Section 8(1)(j).  No further intervention is required. Information Commissioner",REJECTED_DISMISSED
"Subject: Information sought under RTI Act, 2005.  forwarded forwarded regarding perusal. The PIO failed to furnish the requested information within the mandatory 30-day period stipulated under Section 7(1).  The application is disposed of accordingly. CPIO",OVERTURNED_ALLOWED
"Subject: Information sought under RTI Act, 2005.  regarding department applicant appeals. The PIO failed to furnish the requested information within the mandatory 30-day period stipulated under Section 7(1).  No further intervention is required. Information Commissioner",OVERTURNED_ALLOWED
This order disposes of the First Appeal filed by the appellant.  department officials officials officials. The PIO failed to furnish the requested information within the mandatory 30-day period stipulated under Section 7(1).  The application is disposed of accordingly. CPIO,OVERTURNED_ALLOWED
Reference is invited to your RTI application dated 12/05/2026.  applicant stipulated forwarded regarding. The requested information runs into 150 pages. You are directed to pay Rs. 1500 towards compilation and search charges.  No further intervention is required. Information Commissioner,OVERTURNED_ALLOWED
"With reference to the subject cited above, it is to inform that  officials regarding department applicant. The information sought qualifies as personal information of a third party, causing an unwarranted invasion of privacy under Section 8(1)(j).  No further intervention is required. Information Commissioner",REJECTED_DISMISSED
This order disposes of the First Appeal filed by the appellant.  department applicant regarding stipulated. The PIO failed to furnish the requested information within the mandatory 30-day period stipulated under Section 7(1).  No further intervention is required. Information Commissioner,OVERTURNED_ALLOWED
This order disposes of the First Appeal filed by the appellant.  applicant stipulated perusal department. The requested information runs into 150 pages. You are directed to pay Rs. 1500 towards compilation and search charges.  Hence your application is rejected. (Signature) Public Information Officer,OVERTURNED_ALLOWED
This order disposes of the First Appeal filed by the appellant.  perusal department appeals applicant. You have asked us to investigate and take strict disciplinary action. This does not fall under the definition of information as per Section 2(f).  No further intervention is required. Information Commissioner,REJECTED_DISMISSED
Reference is invited to your RTI application dated 12/05/2026.  records regarding forwarded appeals. Please be informed that this office does not maintain this. You are advised to separately file fresh RTI applications to other offices instead of a Section 6(3) transfer.  The application is disposed of accordingly. CPIO,OVERTURNED_ALLOWED
This order disposes of the First Appeal filed by the appellant.  applicant regarding department appeals. The PIO failed to furnish the requested information within the mandatory 30-day period stipulated under Section 7(1).  No further intervention is required. Information Commissioner,OVERTURNED_ALLOWED
This order disposes of the First Appeal filed by the appellant.  perusal perusal perusal records. The information is held by the bank in a fiduciary capacity and is exempt under Section 8(1)(e).  Hence your application is rejected. (Signature) Public Information Officer,REJECTED_DISMISSED
"Subject: Information sought under RTI Act, 2005.  appeals stipulated appeals regarding. The information is held by the bank in a fiduciary capacity and is exempt under Section 8(1)(e).  Hence your application is rejected. (Signature) Public Information Officer",REJECTED_DISMISSED
"Subject: Information sought under RTI Act, 2005.  regarding regarding stipulated applicant. Please be informed that this office does not maintain this. You are advised to separately file fresh RTI applications to other offices instead of a Section 6(3) transfer.  The application is disposed of accordingly. CPIO",OVERTURNED_ALLOWED
"With reference to the subject cited above, it is to inform that  regarding applicant regarding perusal. You have asked us to investigate and take strict disciplinary action. This does not fall under the definition of information as per Section 2(f).  Hence your application is rejected. (Signature) Public Information Officer",REJECTED_DISMISSED
"Subject: Information sought under RTI Act, 2005.  applicant regarding appeals officials. Disclosure of this information would prejudicially affect the sovereignty and security of the state under Section 8(1)(a).  No further intervention is required. Information Commissioner",REJECTED_DISMISSED
"With reference to the subject cited above, it is to inform that  stipulated appeals records records. You have asked us to investigate and take strict disciplinary action. This does not fall under the definition of information as per Section 2(f).  The application is disposed of accordingly. CPIO",REJECTED_DISMISSED
This order disposes of the First Appeal filed by the appellant.  department applicant stipulated officials. Disclosure of this information would prejudicially affect the sovereignty and security of the state under Section 8(1)(a).  Hence your application is rejected. (Signature) Public Information Officer,REJECTED_DISMISSED
"Subject: Information sought under RTI Act, 2005.  officials records department applicant. You have asked us to investigate and take strict disciplinary action. This does not fall under the definition of information as per Section 2(f).  The application is disposed of accordingly. CPIO",REJECTED_DISMISSED
"With reference to the subject cited above, it is to inform that  officials officials stipulated officials. The requested information runs into 150 pages. You are directed to pay Rs. 1500 towards compilation and search charges.  The application is disposed of accordingly. CPIO",OVERTURNED_ALLOWED
"This order disposes of the First Appeal filed by the appellant.  regarding officials perusal department. The information sought qualifies as personal information of a third party, causing an unwarranted invasion of privacy under Section 8(1)(j).  The application is disposed of accordingly. CPIO",REJECTED_DISMISSED
This order disposes of the First Appeal filed by the appellant.  regarding records appeals department. The PIO failed to furnish the requested information within the mandatory 30-day period stipulated under Section 7(1).  Hence your application is rejected. (Signature) Public Information Officer,OVERTURNED_ALLOWED
"With reference to the subject cited above, it is to inform that  appeals forwarded records appeals. Please be informed that this office does not maintain this. You are advised to separately file fresh RTI applications to other offices instead of a Section 6(3) transfer.  The application is disposed of accordingly. CPIO",OVERTURNED_ALLOWED
"With reference to the subject cited above, it is to inform that  stipulated forwarded department forwarded. You have asked us to investigate and take strict disciplinary action. This does not fall under the definition of information as per Section 2(f).  No further intervention is required. Information Commissioner",REJECTED_DISMISSED
Reference is invited to your RTI application dated 12/05/2026.  regarding appeals records appeals. The PIO failed to furnish the requested information within the mandatory 30-day period stipulated under Section 7(1).  The application is disposed of accordingly. CPIO,OVERTURNED_ALLOWED
This order disposes of the First Appeal filed by the appellant.  officials stipulated regarding appeals. You have asked us to investigate and take strict disciplinary action. This does not fall under the definition of information as per Section 2(f).  No further intervention is required. Information Commissioner,REJECTED_DISMISSED
This order disposes of the First Appeal filed by the appellant.  applicant stipulated department department. Information denied under commercial confidence Section 8(1)(d).  The application is disposed of accordingly. CPIO,PARTIALLY_ALLOWED
"Subject: Information sought under RTI Act, 2005.  officials officials stipulated forwarded. The information sought qualifies as personal information of a third party, causing an unwarranted invasion of privacy under Section 8(1)(j).  The application is disposed of accordingly. CPIO",REJECTED_DISMISSED
Reference is invited to your RTI application dated 12/05/2026.  stipulated appeals forwarded applicant. You have asked us to investigate and take strict disciplinary action. This does not fall under the definition of information as per Section 2(f).  Hence your application is rejected. (Signature) Public Information Officer,REJECTED_DISMISSED
"Subject: Information sought under RTI Act, 2005.  officials records perusal appeals. You have asked us to investigate and take strict disciplinary action. This does not fall under the definition of information as per Section 2(f).  No further intervention is required. Information Commissioner",REJECTED_DISMISSED
"This order disposes of the First Appeal filed by the appellant.  officials perusal forwarded applicant. The information sought qualifies as personal information of a third party, causing an unwarranted invasion of privacy under Section 8(1)(j).  Hence your application is rejected. (Signature) Public Information Officer",REJECTED_DISMISSED
This order disposes of the First Appeal filed by the appellant.  perusal forwarded appeals officials. You have asked us to investigate and take strict disciplinary action. This does not fall under the definition of information as per Section 2(f).  Hence your application is rejected. (Signature) Public Information Officer,REJECTED_DISMISSED
"With reference to the subject cited above, it is to inform that  appeals records records forwarded. Disclosure of this information would prejudicially affect the sovereignty and security of the state under Section 8(1)(a).  Hence your application is rejected. (Signature) Public Information Officer",REJECTED_DISMISSED
